sample,Cmon_PlotID,Bodemlocatie,Diepte,Datum_staalname,Staalnemer,c_LB72X,c_LB72Y,mv_mTAW,Cmon_GRTS_Rank,CmonLU19,CmonLUtext,Bermen,Landgebruik_Cmon,Vegetatie_bij_staalname,Landcover_EUNIS,Landgebruik_MBAG,MBAG_eDNA_staal,MBAG_Nematoden_staal,LOQ_TIC,TIC_percent,LOQ_TOC,TOC,LOQ_N,TN,pH_KCl,BD,C_stock,Cdensity,N_stock,Ndensity,C_N_stockbased,SWCgrav,SWCvol,Textuur_kleifractie,Textuur_leemfractie,Textuur_Zandfractie,Bodemtoestand,Weer_bij_staalname,Weersomstandigheid,Bodemtype,UniBodemtype,Bodemserie,Bodembeschrijving_Belgisch,Textuurklasse,Drainageklasse,Profielontwikkeling,Bodemstreek,WRB_soil_unit,RSG,rsg_pq_cod,pq1,pq2,pq3,sq_drainag,sq_texture,sq_morph,sq_fertility,Bodemassociatie,mycorrhiza_total_rich,patho_rich,n_fixers_rich,bd_0_10,cstock_sum,18S_universal_nematoda_observed,18S_nema_edna_Nematoda_observed,18S_nema_extract_Nematoda_observed,18S_universal_annelida_observed,InseKP_annelida_observed,InseKP_annelida_bold_observed,18S_nema_edna_Nematoda_total_count,18S_nema_extract_Nematoda_total_count,18S_universal_nematoda_total_count,InseKP_annelida_total_count,InseKP_annelida_bold_total_count
p5124bed_0_10,P5124bed,CMON_P5124bed,0-10,2023-02-16,INBO,237565,208115,37.09,12363,2,Natuur,0,Natuur,gras,R2 (Mesic grasslands),Natuurgrasland,1,1,LT,0.01,NA,3.69,NA,0.288,4.4,1.07,39.4,3.94,3.074,0.31,12.81,29.5,31.6,9.82,18.44,71.74,Normaal,Buien (wisselvallig),Geen neerslag in afgelopen week,t-Sep3,t-Sep3,Sep,Natte lemig zandbodem zonder profiel,S,e,p,Kempen,Fluvic Gleyic Umbrisols (Loamic_ Fluvic_ Ruptic),Umbrisols,UM-gl.fv,Gleyic,Fluvic,NA,Endogleyic,Loamic,Fluvic_ Ruptic,Dystric,Maasterrassen,1.876797999,1.079478044,NA,0.6623727232,0.4752182478,41,224,164,5,19,35,217487,110911,18431,25627,75871
p8e05037_0_10,P8e05037,CMON_P8e05037,0-10,2023-02-17,INBO,177585,181165,15.09,25998,2,Natuur,0,Natuur,grassen_ kruidachtigen,R2 (Mesic grasslands),Natuurgrasland,1,1,LT,0.01,NA,2.2,NA,0.179,4.6,1.28,28.08,2.81,2.29,0.23,12.29,30.2,38.7,11.2,53.85,34.95,Normaal,Bewolkt,Hevige neerslag afgelopen week of regenstorm in afgelopen 24 uur,Ldc,Ldc,Ldc,Matig natte zandleembodem met sterk gevlekte_ verbrokkelde textuur B horizont,L,d,c,Zandstreek,Eutric Gleyic Retisols (Loamic),Retisols,RT-gl.eu,Gleyic,Eutric,NA,Endogleyic,Loamic,NA,Eutric,Oostelijke Vlaamse laagvlakte,1.646132086,0.5003043254,NA,-0.202531812,-0.4595255819,22,NA,NA,1,3,11,NA,NA,748,3793,12284
p123ec46_0_10,P123ec46,CMON_P123ec46,0-10,2023-02-14,ILVO,174455,235955,14.23,1315,4,Akkerland,0,Akker,geploegd,V1 (Arable land and market gardens),Akker,1,1,LT,0.01,NA,2.27,NA,0.169,4.8,1.43,32.55,3.26,2.42,0.24,13.45,26.6,38.1,8.02,21.6,70.38,Normaal,Zonnig / helder,Geen neerslag in afgelopen week,Scm,Scm,Scm,Matig droge lemig zandbodem met dikke antropogene humus A horizont,S,c,m,Kempen,Plaggic Anthrosols (Loamic),Anthrosols,AT-pa,Plaggic,NA,NA,NA,Loamic,NA,Dystric,Kempische cuesta,-0.6605270395,-0.07886939261,0.8084401079,-0.8203207656,0.3524741085,20,NA,NA,3,10,15,NA,NA,3198,3238893,3321284
p123ec46_10_30,P123ec46,CMON_P123ec46,45960,2023-02-14,ILVO,174455,235955,14.23,1315,4,Akkerland,0,Akker,geploegd,V1 (Arable land and market gardens),Akker,1,1,LT,0.01,NA,2.22,NA,0.166,4.8,1.37,60.82,3.04,4.55,0.23,13.37,23.9,32.8,8.89,22.82,68.29,Normaal,Zonnig / helder,Geen neerslag in afgelopen week,Scm,Scm,Scm,Matig droge lemig zandbodem met dikke antropogene humus A horizont,S,c,m,Kempen,Plaggic Anthrosols (Loamic),Anthrosols,AT-pa,Plaggic,NA,NA,NA,Loamic,NA,Dystric,Kempische cuesta,-0.6605270395,-0.07886939261,0.8084401079,-0.8203207656,0.3524741085,31,NA,NA,2,6,15,NA,NA,1884,98171,175563
p12bd92e_0_10,P12bd92e,CMON_P12bd92e,0-10,2023-01-30,ILVO,157095,235735,16.71,2659,4,Akkerland,1,Akker,geploegd,V1 (Arable land and market gardens),Akker,1,1,LT,0.01,NA,1.98,NA,0.148,4.6,1.4,27.8,2.78,2.08,0.21,13.37,25,35,5.31,11.34,83.35,Normaal,Gedeeltelijk bewolkt,Geen neerslag in afgelopen week,Zdm,Zdm,Zdm,Matig natte zandbodem met dikke antropogene humus A horizont,Z,d,m,Kempen,Plaggic Anthrosols (Arenic),Anthrosols,AT-pa,Plaggic,NA,NA,Endogleyic,Arenic,NA,Dystric,Kempische cuesta,-0.6605270395,0.5324806431,-0.2430048044,-0.6967629749,-0.08440316048,30,NA,NA,4,7,19,NA,NA,2233,2060173,2542100
p12bd92e_10_30,P12bd92e,CMON_P12bd92e,45960,2023-01-30,ILVO,157095,235735,16.71,2659,4,Akkerland,1,Akker,geploegd,V1 (Arable land and market gardens),Akker,1,1,LT,0.01,NA,1.69,NA,0.132,4.6,1.43,48.45,2.42,3.78,0.19,12.82,25.1,35.9,5.21,11.1,83.69,Normaal,Gedeeltelijk bewolkt,Geen neerslag in afgelopen week,Zdm,Zdm,Zdm,Matig natte zandbodem met dikke antropogene humus A horizont,Z,d,m,Kempen,Plaggic Anthrosols (Arenic),Anthrosols,AT-pa,Plaggic,NA,NA,Endogleyic,Arenic,NA,Dystric,Kempische cuesta,-0.6605270395,0.5324806431,-0.2430048044,-0.6967629749,-0.08440316048,22,NA,NA,3,5,9,NA,NA,1201,846342,2997950
p15e7ab8_0_10,P15e7ab8,CMON_P15e7ab8,0-10,2022-03-09,ILVO,175435,234335,17.26,2339,4,Akkerland,0,Akker,grasland (4e jaar),V1 (Arable land and market gardens),Tijdelijk grasland,1,1,LT,0.01,NA,2.38,NA,0.181,5.5,1.35,32.04,3.2,2.44,0.24,13.15,30.1,40.6,5.18,18.7,76.12,Normaal,Zonnig / helder,Geen neerslag in de afgelopen 24 uur,Sdg,Sdg,Sdg,Matig natte lemig zandbodem met duidelijke ijzer en/of humus B horizont,S,d,g,Kempen,Gleyic Podzols (Loamic),Podzols,PZ-gl,Gleyic,NA,NA,Endogleyic,Loamic,NA,Dystric,Kempische cuesta,-0.8911929521,0.1141885134,1.85988502,-0.4908333237,0.1177036135,40,123,119,1,10,29,123935,80079,6496,143841,1041333
p15e7ab8_10_30,P15e7ab8,CMON_P15e7ab8,45960,2022-03-09,ILVO,175435,234335,17.26,2339,4,Akkerland,0,Akker,grasland (4e jaar),V1 (Arable land and market gardens),Tijdelijk grasland,1,1,LT,0.01,NA,1.86,NA,0.134,5.3,1.4,52.13,2.61,3.76,0.19,13.88,26.2,36.7,5.47,19.45,75.08,Normaal,Zonnig / helder,Geen neerslag in de afgelopen 24 uur,Sdg,Sdg,Sdg,Matig natte lemig zandbodem met duidelijke ijzer en/of humus B horizont,S,d,g,Kempen,Gleyic Podzols (Loamic),Podzols,PZ-gl,Gleyic,NA,NA,Endogleyic,Loamic,NA,Dystric,Kempische cuesta,-0.8911929521,0.1141885134,1.85988502,-0.4908333237,0.1177036135,5,NA,NA,0,2,11,NA,NA,281,89320,657606
p666bf52_0_10,P666bf52,CMON_P666bf52,0-10,2023-05-31,INBO,214415,198695,54.98,42387,2,Natuur,0,Natuur,grassen,S4 (Temperate shrub heathland),Heide,1,1,LT,0.01,NA,2.25,NA,0.082,3.2,1.22,27.4,2.74,0.99,0.1,27.44,5.4,6.6,3.28,5.2,91.52,Normaal,Zonnig / helder,Geen neerslag in afgelopen week,ZAg,ZAg,ZAg,Zeer droge tot matig natte zandbodem met duidelijke ijzer en/of humus B horizont,Z,a-d,g,Kempen,Albic Podzols (Arenic),Podzols,PZ-ab,Albic,NA,NA,NA,Arenic,NA,Dystric,Maasterrassen,1.107911623,1.690828079,NA,0.04458376949,-0.2405765767,13,NA,NA,2,10,13,NA,NA,620,695067,695490
pc725ea6_0_10,Pc725ea6,CMON_Pc725ea6,0-10,2023-03-23,INBO,144055,155875,91.66,33374,2,Natuur,0,Natuur,gras_ kruidachtigen,R3 (Seasonally wet and wet grasslands),Natuurgrasland,1,1,LT,0.01,NA,2.05,NA,0.183,4.3,1.06,21.77,2.18,1.94,0.19,11.2,40.9,43.3,18.05,68.76,13.18,Waterverzadigd,Buien (wisselvallig),Hevige neerslag afgelopen week of regenstorm in afgelopen 24 uur,Aba0(b),Aba0(b),Aba,Droge leembodem met textuur B horizont,A,b,a,Zandleemstreek,Eutric Neocambic Retisols (Siltic),Retisols,RT-nc.eu,Neocambic,Eutric,NA,NA,Siltic,NA,Eutric,Brabants plateau,0.8772457109,-0.07886939261,NA,0.7035586534,-0.8943613683,8,NA,NA,3,13,36,NA,NA,425,327134,440951
pa69450b_0_10,Pa69450b,CMON_Pa69450b,0-10,2022-03-18,ILVO,216905,170295,53.05,2286,4,Akkerland,0,Akker,maïsstoppels,V1 (Arable land and market gardens),Akker,1,1,LT,0.01,NA,1.6,NA,0.128,7.2,1.36,21.73,2.17,1.74,0.17,12.49,26.7,36.3,19.75,68.07,12.18,Normaal,Zonnig / helder,Geen neerslag in de afgelopen 24 uur,Aba0,Aba0,Aba,Droge leembodem met textuur B horizont,A,b,a,Zandleemstreek,Haplic Luvisols (Siltic),Luvisols,LV-ha,Haplic,NA,NA,NA,Siltic,NA,Eutric,Plateau van Haspengouw,-0.9680815896,0.3072464194,NA,-0.5320192539,-0.5623652661,45,NA,NA,5,14,38,NA,NA,59283,537426,834322
p885eb7b_0_10,P885eb7b,CMON_P885eb7b,0-10,2022-12-02,ILVO,157305,183665,8.65,1550,3,grasland,0,Blijvend grasland,gras,R2 (Mesic grasslands),Blijvend grasland,1,1,LT,0.01,NA,5.24,NA,0.501,4.4,0.95,49.61,4.96,4.74,0.47,10.47,47.8,45.4,32.3,60.14,7.56,Normaal,Bewolkt,Hevige neerslag afgelopen week of regenstorm in afgelopen 24 uur,Edpy,Edpy,Edp,Matig gleyige kleibodem zonder profiel,E,d,p,Zandstreek,Eutric Fluvic Gleyic Cambisols (Loamic_ Fluvic),Cambisols,CM-gl.fv.eu,Gleyic,Fluvic,Eutric,Endogleyic,Loamic,Fluvic,Eutric,Oostelijke Vlaamse laagvlakte,-0.429861127,1.40124122,NA,1.156603886,0.6316468493,13,NA,NA,5,12,24,NA,NA,481,200925,269987
p5c24756_10_30,P5c24756,CMON_P5c24756,45960,2022-02-07,ILVO,208615,203245,36.07,3219,4,Akkerland,0,Akker,Braak,V1 (Arable land and market gardens),Akker,1,1,LT,0.01,NA,1.52,NA,0.097,4.8,1.38,41.95,2.1,2.68,0.13,15.65,29.3,40.4,3.58,5.81,90.61,Waterverzadigd,Zonnig / helder,Neerslag maar zonder hevige buien afgelopen 24 uur,Zdg,Zdg,Zdg,Matig natte zandbodem met duidelijke ijzer en/of humus B horizont,Z,d,g,Kempen,Gleyic Podzols (Arenic),Podzols,PZ-gl,Gleyic,NA,NA,Endogleyic,Arenic,NA,Dystric,Depressie van de Netes,-0.04541793937,-0.4971615223,NA,-0.2437177422,-0.4740711452,50,NA,NA,8,7,23,NA,NA,87718,398348,580216
pab167a1_0_10,Pab167a1,CMON_Pab167a1,0-10,2022-11-09,ILVO,115365,168295,57.34,2465,3,grasland,0,Blijvend grasland,gras,R2 (Mesic grasslands),Blijvend grasland,1,1,LT,0.01,NA,3.05,NA,0.304,4.9,1.14,34.83,3.48,3.47,0.35,10.04,33.9,38.6,17.51,71.22,11.27,Normaal,Bewolkt,Geen neerslag in de afgelopen 24 uur,Aba1,Aba1,Aba,Droge leembodem met textuur B horizont,A,b,a,Zandleemstreek,Nudiargic Luvisols (Siltic),Luvisols,LV-ng,Nudiargic,NA,NA,NA,Siltic,NA,Eutric,Schelde-Dender interfluvium,-0.04541793937,0.1463648311,NA,0.3740712114,-0.3184080995,9,NA,NA,8,8,13,NA,NA,364,11797,1033624
p50033ab_0_10,P50033ab,CMON_P50033ab,0-10,2023-02-15,ILVO,222985,208615,53.02,3659,4,Akkerland,0,Akker,geploegd,V1 (Arable land and market gardens),Akker,1,1,LT,0.01,NA,1.59,NA,0.118,5.2,1.22,19.32,1.93,1.43,0.14,13.51,12.7,15.5,7.4,15.19,77.41,NA,NA,NA,t-Sdc3,t-Sdc3,Sdc,Matig natte lemig zandbodem met sterk gevlekte_ verbrokkelde textuur B horizont,S,d,c,Kempen,Gleyic Plaggic Retisols (Loamic_ Ruptic),Retisols,RT-pa.gl,Plaggic,Gleyic,NA,Endogleyic,Loamic,Ruptic,Dystric,Maasterrassen,0.2621366107,-1.237216829,NA,0.04458376949,-0.3112629106,9,NA,NA,1,6,17,NA,NA,156,17356,23478
p91e52c8_0_10,P91e52c8,CMON_P91e52c8,0-10,2022-03-22,ILVO,73115,179445,16.14,433,4,Akkerland,0,Akker,gele mosterd,V1 (Arable land and market gardens),Akker,1,1,LT,0.01,NA,1.53,NA,0.128,6,1.38,21.07,2.11,1.76,0.18,11.97,15.6,21.6,13.61,33.92,52.47,Normaal,Zonnig / helder,Geen neerslag in de afgelopen 24 uur,Pcc,Pcc,Pcc,Matig droge licht zandleembodem met sterk gevlekte_ verbrokkelde textuur B horizont,P,c,c,Zandstreek,Eutric Retisols (Loamic),Retisols,RT-eu,Eutric,NA,NA,NA,Loamic,NA,Eutric,Polder-Leie interfluvium,-0.8143043146,-0.722395746,NA,-0.6143911144,-0.5526682239,25,31,145,5,8,18,2107,173136,6906,1178469,1209902
p2237995_0_10,P2237995,CMON_P2237995,0-10,2022-02-24,ILVO,178845,228885,24.36,803,4,Akkerland,0,Akker,tijdelijk grasland,V1 (Arable land and market gardens),Tijdelijk grasland,1,1,LT,0.01,NA,1.18,NA,0.102,5.8,1.38,16.34,1.63,1.41,0.14,11.57,27.2,37.6,5.35,14.79,79.86,Normaal,Zonnig / helder,Geen neerslag in de afgelopen 24 uur,Zeg,Zeg,Zeg,Natte zandbodem met duidelijke ijzer en/of humus B horizont,Z,e,g,Kempen,Gleyic Podzols (Arenic),Podzols,PZ-gl,Gleyic,NA,NA,Endogleyic,Arenic,NA,Dystric,Kempische cuesta,-0.3529724895,0.0176595604,0.4141482658,-0.6143911144,-0.8611872766,57,12,54,4,12,27,238,3038,41227,218596,680856
p2237995_10_30,P2237995,CMON_P2237995,45960,2022-02-24,ILVO,178845,228885,24.36,803,4,Akkerland,0,Akker,tijdelijk grasland,V1 (Arable land and market gardens),Tijdelijk grasland,1,1,LT,0.01,NA,1,NA,0.086,6.1,1.47,29.47,1.47,2.53,0.13,11.63,24.5,36.1,5.18,11.31,83.51,Normaal,Zonnig / helder,Geen neerslag in de afgelopen 24 uur,Zeg,Zeg,Zeg,Natte zandbodem met duidelijke ijzer en/of humus B horizont,Z,e,g,Kempen,Gleyic Podzols (Arenic),Podzols,PZ-gl,Gleyic,NA,NA,Endogleyic,Arenic,NA,Dystric,Kempische cuesta,-0.3529724895,0.0176595604,0.4141482658,-0.6143911144,-0.8611872766,16,NA,NA,5,2,7,NA,NA,597,636,23611
pbc0a1a5_10_30,Pbc0a1a5,CMON_Pbc0a1a5,45960,2022-02-17,ILVO,206445,160795,86.98,750,4,Akkerland,0,Akker,Wintergraan,V1 (Arable land and market gardens),Akker,1,1,NA,0.06,NA,1.46,NA,0.113,7.2,1.44,40.21,2.01,3.25,0.16,12.37,27.2,39.1,30.81,62.25,6.94,Normaal,Zonnig / helder,Neerslag maar zonder hevige buien afgelopen 24 uur,Abp,Abp,Abp,Droge leembodem zonder profiel,A,b,p,Leemstreek,Eutric Cambisols (Siltic_ Colluvic),Cambisols,CM-eu,Eutric,NA,NA,NA,Siltic,Colluvic,Eutric,Plateau van Haspengouw,-0.583638402,-0.8832773344,NA,-0.6555770447,-0.4745815158,13,NA,NA,1,2,7,NA,NA,2124,26753,213487
p9849433_0_10,P9849433,CMON_P9849433,0-10,2023-03-13,ILVO,50265,176615,19.04,3557,4,Akkerland,0,Akker,geploegd,V1 (Arable land and market gardens),Akker,1,1,NA,0.15,NA,1.38,NA,0.122,7.5,1.5,18.48,1.85,1.83,0.18,10.1,24,35.9,17.86,39.85,42.29,NA,NA,NA,Ldc,Ldc,Ldc,Matig natte zandleembodem met sterk gevlekte_ verbrokkelde textuur B horizont,L,d,c,Zandleemstreek,Eutric Gleyic Retisols (Loamic),Retisols,RT-gl.eu,Gleyic,Eutric,NA,Endogleyic,Loamic,NA,Eutric,Polder-Leie interfluvium,0.3390252482,0.3394227371,NA,-1.108622277,-0.6601012439,20,NA,NA,2,7,12,NA,NA,7564,190696,192099
p241108f_0_10,P241108f,CMON_P241108f,0-10,2023-02-02,ILVO,146625,228065,4.35,2147,4,Akkerland,0,Akker,geploegd,V1 (Arable land and market gardens),Akker,1,1,LT,0.01,NA,1.81,NA,0.142,6.7,1.55,27.85,2.79,2.2,0.22,12.66,13.7,21.2,6.64,9.15,84.21,NA,NA,NA,Zdpb(o),Zdpb(o),Zdp,Matig natte zandbodem zonder profiel,Z,d,p,Doel,Dystric Gleyic Arenosols (Relocatic),Arenosols,AR-gl.dy,Gleyic,Dystric,NA,Endogleyic,Arenic,Relocatic,Dystric,Depressie van de Netes,-0.9680815896,-0.9798062874,-0.1115741903,-1.314551929,0.04574135306,8,NA,NA,0,4,18,NA,NA,419,19549,520351
p241108f_10_30,P241108f,CMON_P241108f,45960,2023-02-02,ILVO,146625,228065,4.35,2147,4,Akkerland,0,Akker,geploegd,V1 (Arable land and market gardens),Akker,1,1,NA,0.02,NA,1.72,NA,0.133,6.9,1.57,53.5,2.68,4.19,0.21,12.77,13.4,21,6.46,9.04,84.5,NA,NA,NA,Zdpb(o),Zdpb(o),Zdp,Matig natte zandbodem zonder profiel,Z,d,p,Doel,Dystric Gleyic Arenosols (Relocatic),Arenosols,AR-gl.dy,Gleyic,Dystric,NA,Endogleyic,Arenic,Relocatic,Dystric,Depressie van de Netes,-0.9680815896,-0.9798062874,-0.1115741903,-1.314551929,0.04574135306,8,NA,NA,2,8,11,NA,NA,726,627215,1389912
p8cfed8c_0_10,P8cfed8c,CMON_P8cfed8c,0-10,2023-01-09,ILVO,98835,181615,8.4,2545,4,Akkerland,1,Akker,geploegd,V1 (Arable land and market gardens),Akker,1,1,LT,0.01,NA,1.84,NA,0.185,5.8,1.52,28.06,2.81,2.82,0.28,9.95,24.6,37.3,14.38,17.64,67.98,NA,NA,NA,Lep,Lep,Lep,Natte zandleembodem zonder profiel,L,e,p,Zandstreek,Eutric Fluvic Gleyic Cambisols (Loamic_ Fluvic),Cambisols,CM-gl.fv.eu,Gleyic,Fluvic,Eutric,Endogleyic,Loamic,Fluvic,Eutric,Zuidelijke Vlaamse laagvlakte,-0.1223065769,-1.9129195,NA,-1.190994138,0.05543839524,21,NA,NA,2,14,31,NA,NA,17891,617909,704422
p86c8c43_0_10,P86c8c43,CMON_P86c8c43,0-10,2023-04-03,ILVO,111145,184365,38.62,4065,4,Akkerland,0,Tijdelijk grasland,gras,V1 (Arable land and market gardens),Tijdelijk grasland,1,1,LT,0.01,NA,1.63,NA,0.152,5.6,1.42,23.16,2.32,2.16,0.22,10.72,28.5,40.4,10.84,52.19,36.97,NA,NA,NA,Lcc,Lcc,Lcc,Matig droge zandleembodem met sterk gevlekte_ verbrokkelde textuur B horizont,L,c,c,Zandleemstreek,Eutric Retisols (Loamic),Retisols,RT-eu,Eutric,NA,NA,NA,Loamic,NA,Eutric,Schelde-Dender interfluvium,-0.1991952144,0.2428937841,NA,-0.7791348354,-0.6424934568,2,NA,NA,1,2,9,NA,NA,11,2512,26111
pba5715d_0_10,Pba5715d,CMON_Pba5715d,0-10,2023-03-23,INBO,154125,161545,87.08,45262,2,Natuur,0,Natuur,gras_ kruidachtigen,R2 (Mesic grasslands),Natuurgrasland,1,1,NA,0.3,NA,5.91,NA,0.367,7.3,0.88,49.1,4.91,3.21,0.32,15.28,59.4,52.2,12.51,36.42,51.07,Waterverzadigd,Bewolkt,Hevige neerslag afgelopen week of regenstorm in afgelopen 24 uur,OT,OT,OT,Sterk vergraven gronden,NA,NA,NA,Kunstmatige gronden,Technosols/Not Surveyed,Technosols/Not Surveyed,TC,NA,NA,NA,NA,NA,NA,NA,Brabants plateau,-0.7374156771,0.9507727728,NA,1.444905398,6.205149438,13,NA,NA,0,6,15,NA,NA,157,9312,244691
p830c7f8_0_10,P830c7f8,CMON_P830c7f8,0-10,2022-03-09,ILVO,27595,186015,15.71,293,4,Akkerland,0,Akker,wintergraan,V1 (Arable land and market gardens),Akker,1,1,LT,0.01,NA,1.27,NA,0.141,6,1.43,18.1,1.81,2.01,0.2,9,22.5,32.2,18.74,53.84,27.42,Normaal,Zonnig / helder,Geen neerslag in de afgelopen 24 uur,Lca,Lca,Lca,Matig droge zandleembodem met textuur B horizont,L,c,a,Zandleemstreek,Haplic Luvisols (Loamic),Luvisols,LV-ha,Haplic,NA,NA,NA,Loamic,NA,Eutric,Polder-Leie interfluvium,-0.6605270395,-1.49462737,NA,-0.8203207656,-0.7499264768,16,19,103,4,4,9,550,63326,480,1973143,1995147
p27db00f_0_10,P27db00f,CMON_P27db00f,0-10,2023-03-20,ILVO,80705,226385,4.03,4004,4,Akkerland,0,Akker,geploegd,V1 (Arable land and market gardens),Akker,1,1,NA,1.83,NA,3.56,NA,0.215,7.8,1.44,24.92,1.25,3.1,0.31,8.04,25.1,36.2,36.67,43.26,20.07,NA,NA,NA,z.Bc0,sUdp,Udp,Schorgronden (Nieuwlandpolders Zwin),U,d,p,Zwin,Calcaric Fluvic Gleyic Cambisols (Clayic_ Fluvic_ Ruptic),Cambisols,CM-gl.fv.ca,Gleyic,Fluvic,Calcaric,Endogleyic,Clayic,Fluvic_ Ruptic,Calcaric,Kustvlakte_ Nieuwland vh Zwin,-0.9680815896,-0.52933784,-1.031588489,-0.8615066959,-1.028588847,20,NA,NA,4,7,14,NA,NA,22600,636033,710289
p27db00f_10_30,P27db00f,CMON_P27db00f,45960,2023-03-20,ILVO,80705,226385,4.03,4004,4,Akkerland,0,Akker,geploegd,V1 (Arable land and market gardens),Akker,1,1,NA,1.48,NA,1.94,NA,0.062,8.2,1.56,14.33,0.72,1.93,0.1,7.42,8.8,13.7,10.89,45.33,43.78,NA,NA,NA,z.Bc0,sUdp,Udp,Schorgronden (Nieuwlandpolders Zwin),U,d,p,Zwin,Calcaric Fluvic Gleyic Cambisols (Clayic_ Fluvic_ Ruptic),Cambisols,CM-gl.fv.ca,Gleyic,Fluvic,Calcaric,Endogleyic,Clayic,Fluvic_ Ruptic,Calcaric,Kustvlakte_ Nieuwland vh Zwin,-0.9680815896,-0.52933784,-1.031588489,-0.8615066959,-1.028588847,17,NA,NA,1,2,2,NA,NA,1127,2,2
p8679843_10_30,P8679843,CMON_P8679843,45960,2023-01-17,INBO,181385,184505,24.88,12686,2,Natuur,1,Natuur,gras_ Amerikaanse eik,V3 (Artificial grasslands and herb dominated habitats),Natuurgrasland,1,1,LT,0.01,NA,1.23,NA,0.087,4.1,1.27,31.17,1.56,2.21,0.11,14.14,17,21.6,10.61,7.79,81.61,Normaal,Zonnig / helder,Hevige neerslag afgelopen week of regenstorm in afgelopen 24 uur,wScfc,wScfc,Scf,Matig droge lemig zandbodem met weinig duidelijke ijzer en/of humus B horizont,S,c,f,Zandstreek,Rustic Podzols (Loamic_ Abruptic),Podzols,PZ-rs,Rustic,NA,NA,NA,Loamic,Abruptic,Dystric,Hagelands heuvelland,3.337682112,1.015125408,NA,0.4152571417,-0.3342295894,27,NA,NA,4,12,24,NA,NA,14425,13849,37256
p90a60f8_0_10,P90a60f8,CMON_P90a60f8,0-10,2022-02-22,ILVO,30635,179995,8.03,37,4,Akkerland,0,Akker,Groenbemester,V1 (Arable land and market gardens),Akker,1,1,NA,0.02,NA,1.48,NA,0.167,6.6,1.48,21.57,2.16,2.47,0.25,8.73,25.5,37.7,24.01,54.76,21.23,Normaal,Buien (wisselvallig),Zeer natte periode of smelten van sneeuw,Lca,Lca,Lca,Matig droge zandleembodem met textuur B horizont,L,c,a,Zandleemstreek,Haplic Luvisols (Loamic),Luvisols,LV-ha,Haplic,NA,NA,NA,Loamic,NA,Eutric,Polder-Leie interfluvium,-0.583638402,-0.9476299697,NA,-1.026250417,-0.4858096699,8,59,101,3,13,26,52189,100353,1112,1080976,1188550
p2f49783_0_10,P2f49783,CMON_P2f49783,0-10,2023-01-25,INBO,72185,223095,3.61,7652,2,Natuur,0,Natuur,gras,V3 (Artificial grasslands and herb dominated habitats),Natuurgrasland,1,1,LT,0.01,NA,4.47,NA,0.459,5.3,0.97,43.38,4.34,4.45,0.45,9.73,47.9,46.5,24.92,52.43,22.64,Normaal,Bewolkt,Geen neerslag in de afgelopen 24 uur,m.Fl1,uPdp,Pdp,Overdekte poelgronden en overdekte oude kleiplaatgronden - lichte klei tot zand (Middellandpolders),P,d,p,Middellandpolders,Calcaric Fluvic Gleyic Cambisols (Loamic_ Fluvic_ Ruptic),Cambisols,CM-gl.fv.ca,Gleyic,Fluvic,Calcaric,Endogleyic,Loamic,Fluvic_ Ruptic,Calcaric,Kustvlakte_ Middelland,0.03147069815,0.0176595604,-1.031588489,1.074232026,0.819973616,16,NA,NA,2,12,43,NA,NA,1490,847223,1019898
p2f49783_10_30,P2f49783,CMON_P2f49783,45960,2023-01-25,INBO,72185,223095,3.61,7652,2,Natuur,0,Natuur,gras,V3 (Artificial grasslands and herb dominated habitats),Natuurgrasland,1,1,LT,0.01,NA,2.86,NA,0.327,5.1,1.19,68.31,3.42,7.81,0.39,8.75,34.4,41,31.87,50.86,17.27,Normaal,Bewolkt,Geen neerslag in de afgelopen 24 uur,m.Fl1,uPdp,Pdp,Overdekte poelgronden en overdekte oude kleiplaatgronden - lichte klei tot zand (Middellandpolders),P,d,p,Middellandpolders,Calcaric Fluvic Gleyic Cambisols (Loamic_ Fluvic_ Ruptic),Cambisols,CM-gl.fv.ca,Gleyic,Fluvic,Calcaric,Endogleyic,Loamic,Fluvic_ Ruptic,Calcaric,Kustvlakte_ Middelland,0.03147069815,0.0176595604,-1.031588489,1.074232026,0.819973616,18,NA,NA,7,14,36,NA,NA,351,281945,389590
pb2dd158_0_10,Pb2dd158,CMON_Pb2dd158,0-10,2022-02-11,ILVO,163915,164855,94.16,846,4,Akkerland,0,Akker,Wintergraan,V1 (Arable land and market gardens),Akker,1,1,LT,0.01,NA,0.98,NA,0.109,6,1.42,13.93,1.39,1.55,0.16,8.99,28.1,40,19.7,70.02,10.28,Normaal,Zonnig / helder,Geen neerslag in de afgelopen 24 uur,Aba(c),Aba(c),Aba,Droge leembodem met textuur B horizont,A,b,a,Zandleemstreek,Haplic Luvisols (Siltic),Luvisols,LV-ha,Haplic,NA,NA,NA,Siltic,NA,Eutric,Brabants plateau,-0.6605270395,-0.8511010167,NA,-0.7791348354,-0.9563714012,14,52,94,2,6,12,20830,57413,4111,279405,429021
p3095161_0_10,P3095161,CMON_P3095161,0-10,2022-11-22,ILVO,153045,222525,6.98,1891,3,grasland,1,Blijvend grasland,gras,R2 (Mesic grasslands),Blijvend grasland,1,1,LT,0.01,NA,1.86,NA,0.123,6.2,1.35,25.1,2.51,1.66,0.17,15.12,17.3,23.4,3.96,6.49,89.55,Normaal,Bewolkt,Neerslag maar zonder hevige buien afgelopen 24 uur,sZdm,sZdm,Zdm,Matig natte zandbodem met dikke antropogene humus A horizont,Z,d,m,Kempen,Plaggic Anthrosols (Arenic_ Ruptic),Anthrosols,AT-pa,Plaggic,NA,NA,Endogleyic,Arenic,Ruptic,Dystric,Depressie van de Netes,0.6465797983,0.1463648311,NA,-0.4908333237,-0.8022394675,47,NA,NA,3,11,23,NA,NA,15937,759333,920903
paddd2e0_0_10,Paddd2e0,CMON_Paddd2e0,0-10,2023-03-28,ILVO,89515,167065,19.31,3889,4,Akkerland,0,Akker,geploegd,V1 (Arable land and market gardens),Akker,1,1,LT,0.01,NA,1.08,NA,0.115,5.9,1.41,15.21,1.52,1.62,0.16,9.39,25.9,36.5,16.22,64.27,19.51,NA,NA,NA,Lca,Lca,Lca,Matig droge zandleembodem met textuur B horizont,L,c,a,Zandleemstreek,Haplic Luvisols (Loamic),Luvisols,LV-ha,Haplic,NA,NA,NA,Loamic,NA,Eutric,Leie-Schelde interfluvium,-0.8143043146,-0.52933784,NA,-0.7379489051,-0.8673117243,16,NA,NA,11,14,29,NA,NA,393,1120331,1419309
p22c1e7a_0_10,P22c1e7a,CMON_P22c1e7a,0-10,2022-11-25,INBO,158735,228645,27.22,19299,2,Natuur,0,Natuur,Pijpenstrootje_ dophei,R3 (Seasonally wet and wet grasslands),Heide,1,1,LT,0.01,NA,3.94,NA,0.161,3.5,1.14,44.86,4.49,1.83,0.18,24.47,43,49,3.29,5.81,90.9,Normaal,Bewolkt,Geen neerslag in de afgelopen 24 uur,Zeg,Zeg,Zeg,Natte zandbodem met duidelijke ijzer en/of humus B horizont,Z,e,g,Kempen,Technosols/Not Surveyed,Technosols/Not Surveyed,TC,NA,NA,NA,NA,NA,NA,NA,Kempische cuesta,1.261688898,1.755180715,NA,0.3740712114,0.1843069822,13,NA,NA,2,9,11,NA,NA,394,100361,249870
p32759cf_0_10,P32759cf,CMON_P32759cf,0-10,2023-02-13,ILVO,174385,221695,26.07,2851,4,Akkerland,0,Tijdelijk grasland,gras,V1 (Arable land and market gardens),Tijdelijk grasland,1,1,LT,0.01,NA,1.71,NA,0.128,4.6,1.57,26.78,2.68,2,0.2,13.39,20.1,31.6,6.9,15.18,77.92,NA,NA,NA,w-Scm,w-Scm,Scm,Matig droge lemig zandbodem met dikke antropogene humus A horizont,S,c,m,Kempen,Plaggic Anthrosols (Loamic_ Abruptic),Anthrosols,AT-pa,Plaggic,NA,NA,NA,Loamic,Abruptic,Dystric,Kempische cuesta,-0.5067497645,-0.1753983456,-0.9001578746,-1.396923789,-0.1043076155,26,NA,NA,5,12,28,NA,NA,1002,60412,228412
p32759cf_10_30,P32759cf,CMON_P32759cf,45960,2023-02-13,ILVO,174385,221695,26.07,2851,4,Akkerland,0,Tijdelijk grasland,gras,V1 (Arable land and market gardens),Tijdelijk grasland,1,1,LT,0.01,NA,1.6,NA,0.12,4.2,1.52,48.69,2.43,3.65,0.18,13.34,18.6,28.3,7.09,15.11,77.8,NA,NA,NA,w-Scm,w-Scm,Scm,Matig droge lemig zandbodem met dikke antropogene humus A horizont,S,c,m,Kempen,Plaggic Anthrosols (Loamic_ Abruptic),Anthrosols,AT-pa,Plaggic,NA,NA,NA,Loamic,Abruptic,Dystric,Kempische cuesta,-0.5067497645,-0.1753983456,-0.9001578746,-1.396923789,-0.1043076155,61,NA,NA,3,5,11,NA,NA,16957,19291,57899
p330cb0e_0_10,P330cb0e,CMON_P330cb0e,0-10,2023-03-17,ILVO,203655,221435,28.05,3667,4,Akkerland,1,Akker,geploegd,V1 (Arable land and market gardens),Akker,1,1,LT,0.01,NA,3.06,NA,0.222,5.5,1.46,44.57,4.46,3.23,0.32,13.8,25.8,37.7,5.29,15.52,79.19,NA,NA,NA,OB,OB,OB,Bebouwde zones,NA,NA,NA,Kunstmatige gronden,Technosols/Not Surveyed,Technosols/Not Surveyed,TC,NA,NA,NA,NA,NA,NA,NA,Depressie van de Netes,NA,NA,2.51703809,-0.9438785564,1.202496412,43,NA,NA,4,19,35,NA,NA,4411,1250077,1290140
p330cb0e_10_30,P330cb0e,CMON_P330cb0e,45960,2023-03-17,ILVO,203655,221435,28.05,3667,4,Akkerland,1,Akker,geploegd,V1 (Arable land and market gardens),Akker,1,1,LT,0.01,NA,2.71,NA,0.19,5.5,1.51,82.11,4.11,5.76,0.29,14.26,21.7,32.8,5.6,15.94,78.46,NA,NA,NA,OB,OB,OB,Bebouwde zones,NA,NA,NA,Kunstmatige gronden,Technosols/Not Surveyed,Technosols/Not Surveyed,TC,NA,NA,NA,NA,NA,NA,NA,Depressie van de Netes,NA,NA,2.51703809,-0.9438785564,1.202496412,8,NA,NA,6,17,48,NA,NA,257,121140,1595440
p3462830_0_10,P3462830,CMON_P3462830,0-10,2022-01-11,INBO,228715,220845,31.32,9483,2,Natuur,0,Natuur,grassen en kruiden,R1 (Dry grasslands),Natuurgrasland,1,0,LT,0.01,NA,2.18,NA,0.139,4.5,1.25,27.26,2.73,1.74,0.17,15.68,21,26.3,5.32,10.59,84.09,Bevroren,Zonnig / helder,Geen neerslag in de afgelopen 24 uur,Zdg,Zdg,Zdg,Matig natte zandbodem met duidelijke ijzer en/of humus B horizont,Z,d,g,Kempen,Gleyic Podzols (Arenic),Podzols,PZ-gl,Gleyic,NA,NA,Endogleyic,Arenic,NA,Dystric,Maasterrassen,-0.04541793937,0.9829490905,1.465593178,-0.07897402124,-0.03693869084,29,NA,NA,2,13,22,NA,NA,9021,750009,913118
p3462830_10_30,P3462830,CMON_P3462830,45960,2022-01-11,INBO,228715,220845,31.32,9483,2,Natuur,0,Natuur,grassen en kruiden,R1 (Dry grasslands),Natuurgrasland,1,0,LT,0.01,NA,1.77,NA,0.099,4.5,1.44,50.85,2.54,2.84,0.14,17.88,16.9,24.3,5.34,12.86,81.8,Bevroren,Zonnig / helder,Geen neerslag in de afgelopen 24 uur,Zdg,Zdg,Zdg,Matig natte zandbodem met duidelijke ijzer en/of humus B horizont,Z,d,g,Kempen,Gleyic Podzols (Arenic),Podzols,PZ-gl,Gleyic,NA,NA,Endogleyic,Arenic,NA,Dystric,Maasterrassen,-0.04541793937,0.9829490905,1.465593178,-0.07897402124,-0.03693869084,17,NA,NA,3,9,17,NA,NA,896,69823,393769
p359d4e3_0_10,P359d4e3,CMON_P359d4e3,0-10,2022-03-08,ILVO,94265,220295,3.75,2468,4,Akkerland,0,Akker,ingezaaid gras,V1 (Arable land and market gardens),Tijdelijk grasland,1,1,NA,0.77,NA,2.6,NA,0.193,7.5,1.46,26.68,2.67,2.81,0.28,9.49,24.8,36.2,16.69,43.21,40.1,Normaal,Zonnig / helder,Geen neerslag in de afgelopen 24 uur,Edp,Edp,Edp,Matig gleyige kleibodem zonder profiel,E,d,p,Nieuwland Watervliet,Calcaric Fluvic Gleyic Cambisols (Loamic_ Fluvic),Cambisols,CM-gl.fv.ca,Gleyic,Fluvic,Calcaric,Endogleyic,Loamic,Fluvic,Calcaric,Scheldepolders,-1.044970227,-0.04669307494,-0.9001578746,-0.9438785564,0.01129133477,2,30,99,0,8,28,24202,110249,122,368688,884229
p359d4e3_10_30,P359d4e3,CMON_P359d4e3,45960,2022-03-08,ILVO,94265,220295,3.75,2468,4,Akkerland,0,Akker,ingezaaid gras,V1 (Arable land and market gardens),Tijdelijk grasland,1,1,NA,0.77,NA,2.55,NA,0.182,7.6,1.5,53.32,2.67,5.45,0.27,9.78,24.2,36.3,15.73,43.25,41.02,Normaal,Zonnig / helder,Geen neerslag in de afgelopen 24 uur,Edp,Edp,Edp,Matig gleyige kleibodem zonder profiel,E,d,p,Nieuwland Watervliet,Calcaric Fluvic Gleyic Cambisols (Loamic_ Fluvic),Cambisols,CM-gl.fv.ca,Gleyic,Fluvic,Calcaric,Endogleyic,Loamic,Fluvic,Calcaric,Scheldepolders,-1.044970227,-0.04669307494,-0.9001578746,-0.9438785564,0.01129133477,13,NA,NA,2,10,21,NA,NA,11193,1226531,1985487
p359faf6_0_10,P359faf6,CMON_P359faf6,0-10,2022-09-22,ILVO,191735,220295,21.4,723,3,grasland,0,Blijvend grasland,gras,R2 (Mesic grasslands),Blijvend grasland,1,1,LT,0.01,NA,3.52,NA,0.275,4.6,1.29,45.37,4.54,3.54,0.35,12.82,17,21.9,6.26,15.37,78.37,Normaal,Zonnig / helder,Geen neerslag in de afgelopen 24 uur,Sepz,Sepz,Sep,Natte lemig zandbodem zonder profiel,S,e,p,Kempen,Dystric Fluvic Gleyic Cambisols (Loamic_ Fluvic),Cambisols,CM-gl.fv.dy,Gleyic,Fluvic,Dystric,Endogleyic,Loamic,Fluvic,Dystric,Depressie van de Netes,1.953686636,-0.04669307494,-0.6372966465,-0.2437177422,0.7827165592,14,151,71,1,9,33,151398,14429,1300,363610,513207
p359faf6_10_30,P359faf6,CMON_P359faf6,45960,2022-09-22,ILVO,191735,220295,21.4,723,3,grasland,0,Blijvend grasland,gras,R2 (Mesic grasslands),Blijvend grasland,1,1,LT,0.01,NA,2.26,NA,0.155,4.1,1.44,64.86,3.24,4.45,0.22,14.58,11.4,16.4,6.12,14.52,79.36,Normaal,Zonnig / helder,Geen neerslag in de afgelopen 24 uur,Sepz,Sepz,Sep,Natte lemig zandbodem zonder profiel,S,e,p,Kempen,Dystric Fluvic Gleyic Cambisols (Loamic_ Fluvic),Cambisols,CM-gl.fv.dy,Gleyic,Fluvic,Dystric,Endogleyic,Loamic,Fluvic,Dystric,Depressie van de Netes,1.953686636,-0.04669307494,-0.6372966465,-0.2437177422,0.7827165592,31,NA,NA,2,4,10,NA,NA,1298,25340,47444
p3617d36_0_10,P3617d36,CMON_P3617d36,0-10,2022-03-16,ILVO,138215,220085,2.32,2036,4,Akkerland,0,Akker,fruitbomen,V1 (Arable land and market gardens),Akker,1,1,NA,0.5,NA,3.84,NA,0.325,7.1,1.26,41.97,4.2,4.08,0.41,10.29,31.6,39.8,21.51,50.66,27.83,Normaal,Bewolkt,Geen neerslag in de afgelopen 24 uur,sEep,sEep,Eep,Sterk gleyige kleibodem zonder profiel,E,e,p,Doel,Eutric Fluvic Gleyic Cambisols (Loamic_ Fluvic_ Ruptic),Cambisols,CM-gl.fv.eu,Gleyic,Fluvic,Eutric,Endogleyic,Loamic,Fluvic_ Ruptic,Eutric,Scheldepolders,-0.7374156771,-0.4649852047,-0.7687272605,-0.1201599515,0.07866025943,13,NA,NA,3,11,34,NA,NA,521,221200,406882
p3617d36_10_30,P3617d36,CMON_P3617d36,45960,2022-03-16,ILVO,138215,220085,2.32,2036,4,Akkerland,0,Akker,fruitbomen,V1 (Arable land and market gardens),Akker,1,1,NA,0.81,NA,2.17,NA,0.145,7.5,1.5,40.67,2.03,4.34,0.22,9.37,23.2,34.8,22.66,55.01,22.33,Normaal,Bewolkt,Geen neerslag in de afgelopen 24 uur,sEep,sEep,Eep,Sterk gleyige kleibodem zonder profiel,E,e,p,Doel,Eutric Fluvic Gleyic Cambisols (Loamic_ Fluvic_ Ruptic),Cambisols,CM-gl.fv.eu,Gleyic,Fluvic,Eutric,Endogleyic,Loamic,Fluvic_ Ruptic,Eutric,Scheldepolders,-0.7374156771,-0.4649852047,-0.7687272605,-0.1201599515,0.07866025943,25,NA,NA,9,7,18,NA,NA,2841,315125,435510
p3858ba7_0_10,P3858ba7,CMON_P3858ba7,0-10,2022-03-07,ILVO,80145,219085,3.81,1956,5,Residentieel,0,Akker,raaigras,V1 (Arable land and market gardens),Tijdelijk grasland,1,1,NA,0.58,NA,1.74,NA,0.127,7.5,1.54,17.89,1.79,1.96,0.2,9.13,19.8,30.5,18.46,54.38,27.16,Normaal,Bewolkt,Geen neerslag in de afgelopen 24 uur,OO4,uEdpz,Edp,Overslaggronden,E,d,p,Kunstmatige gronden,Calcaric Fluvic Gleyic Planosols (Loamic_ Fluvic_ Ruptic),Planosols,PL-gl.fv.ca,Gleyic,Fluvic,Calcaric,Stagnic,Loamic,Fluvic_ Ruptic,Calcaric,Kustvlakte_ Oudland,-0.8143043146,-0.7545720637,-0.2430048044,-1.273365998,-0.6631634678,3,44,165,0,6,12,9874,173136,450,30048,32716
p3858ba7_10_30,P3858ba7,CMON_P3858ba7,45960,2022-03-07,ILVO,80145,219085,3.81,1956,5,Residentieel,0,Akker,raaigras,V1 (Arable land and market gardens),Tijdelijk grasland,1,1,NA,0.6,NA,1.74,NA,0.127,7.4,1.57,35.68,1.78,3.98,0.2,8.96,20.7,32.4,29.11,35.87,35.02,Normaal,Bewolkt,Geen neerslag in de afgelopen 24 uur,OO4,uEdpz,Edp,Overslaggronden,E,d,p,Kunstmatige gronden,Calcaric Fluvic Gleyic Planosols (Loamic_ Fluvic_ Ruptic),Planosols,PL-gl.fv.ca,Gleyic,Fluvic,Calcaric,Stagnic,Loamic,Fluvic_ Ruptic,Calcaric,Kustvlakte_ Oudland,-0.8143043146,-0.7545720637,-0.2430048044,-1.273365998,-0.6631634678,6,NA,NA,1,7,14,NA,NA,398,1408605,1541955
p38d774b_0_10,P38d774b,CMON_P38d774b,0-10,2023-04-04,ILVO,59545,218865,3.29,3428,4,Akkerland,0,Akker,geploegd,V1 (Arable land and market gardens),Akker,1,1,NA,0.5,NA,1.71,NA,0.147,7.3,1.43,17.33,1.73,2.11,0.21,8.21,30.4,43.5,34.62,49.43,15.95,NA,NA,NA,o.A5,l-Edp,Edp,Kreekruggronden (Oudlandpolders),E,d,p,Oudlandpolders,Calcaric Fluvic Gleyic Cambisols (Loamic_ Ruptic),Cambisols,CM-gl.fv.ca,Gleyic,Fluvic,Calcaric,Endogleyic,Loamic,Ruptic,Calcaric,Kustvlakte_ Oudland,-0.9680815896,-0.7867483814,0.2827176518,-0.8203207656,-0.6381553063,36,NA,NA,4,3,4,NA,NA,14581,3,4
p38d774b_10_30,P38d774b,CMON_P38d774b,45960,2023-04-04,ILVO,59545,218865,3.29,3428,4,Akkerland,0,Akker,geploegd,V1 (Arable land and market gardens),Akker,1,1,NA,0.52,NA,1.72,NA,0.146,7.3,1.55,37.22,1.86,4.53,0.23,8.22,26,40.3,37.04,47.82,15.14,NA,NA,NA,o.A5,l-Edp,Edp,Kreekruggronden (Oudlandpolders),E,d,p,Oudlandpolders,Calcaric Fluvic Gleyic Cambisols (Loamic_ Ruptic),Cambisols,CM-gl.fv.ca,Gleyic,Fluvic,Calcaric,Endogleyic,Loamic,Ruptic,Calcaric,Kustvlakte_ Oudland,-0.9680815896,-0.7867483814,0.2827176518,-0.8203207656,-0.6381553063,16,NA,NA,2,1,1,NA,NA,951,1,1
pbc0a1a5_0_10,Pbc0a1a5,CMON_Pbc0a1a5,0-10,2022-02-17,ILVO,206445,160795,86.98,750,4,Akkerland,0,Akker,Wintergraan,V1 (Arable land and market gardens),Akker,1,1,NA,0.08,NA,1.57,NA,0.123,7.3,1.39,20.75,2.08,1.71,0.17,12.13,27.5,38.2,29.94,62.54,7.52,Normaal,Zonnig / helder,Neerslag maar zonder hevige buien afgelopen 24 uur,Abp,Abp,Abp,Droge leembodem zonder profiel,A,b,p,Leemstreek,Eutric Cambisols (Siltic_ Colluvic),Cambisols,CM-eu,Eutric,NA,NA,NA,Siltic,Colluvic,Eutric,Plateau van Haspengouw,-0.583638402,-0.8832773344,NA,-0.6555770447,-0.4745815158,10,24,88,2,5,8,1145,37046,1107,1142897,1153582
p94cf3fb_0_10,P94cf3fb,CMON_P94cf3fb,0-10,2022-02-15,ILVO,74825,178155,18.89,1457,4,Akkerland,0,Akker,braak met opgeroerde mest,V1 (Arable land and market gardens),Akker,1,1,LT,0.01,NA,1.45,NA,0.149,7.1,1.41,20.47,2.05,2.1,0.21,9.75,29.9,42.1,12.04,34.23,53.73,Normaal,Bewolkt,Neerslag maar zonder hevige buien afgelopen 24 uur,Sbcz,Sbcz,Sbc,Droge lemig zandbodem met sterk gevlekte_ verbrokkelde textuur B horizont,S,b,c,Zandstreek,Eutric Retisols (Loamic),Retisols,RT-eu,Eutric,NA,NA,NA,Loamic,NA,Eutric,Zuidelijke Vlaamse laagvlakte,NA,NA,NA,-0.7379489051,-0.6475971632,19,NA,NA,0,6,13,NA,NA,15131,58550,254381
p3cd1d67_0_10,P3cd1d67,CMON_P3cd1d67,0-10,2022-11-30,ILVO,81585,217105,4.36,1828,3,grasland,0,Blijvend grasland,gras,R2 (Mesic grasslands),Blijvend grasland,1,1,LT,0.01,NA,2.94,NA,0.257,4.8,1.21,35.54,3.55,3.11,0.31,11.43,23.1,27.9,7.66,14.63,77.71,Normaal,Bewolkt,Geen neerslag in de afgelopen 24 uur,Zdh,Zdh,Zdh,Matig natte zandbodem met verbrokkelde ijzer en/of humus B horizont,Z,d,h,Zandstreek,Terric Anthrosols (Arenic_ Spodi-relocatic),Anthrosols,AT-tr,Terric,NA,NA,Endogleyic,Arenic,Spodi-relocatic,Eutric,Centrale Vlaamse laagvlakte,0.4159138858,0.3394227371,0.0198564237,0.08576969973,-0.06807129996,10,NA,NA,2,7,23,NA,NA,5174,94796,118710
p3cd1d67_10_30,P3cd1d67,CMON_P3cd1d67,45960,2022-11-30,ILVO,81585,217105,4.36,1828,3,grasland,0,Blijvend grasland,gras,R2 (Mesic grasslands),Blijvend grasland,1,1,LT,0.01,NA,1.42,NA,0.135,4.5,1.46,41.35,2.07,3.93,0.2,10.52,12.6,18.4,7.3,10.57,82.13,Normaal,Bewolkt,Geen neerslag in de afgelopen 24 uur,Zdh,Zdh,Zdh,Matig natte zandbodem met verbrokkelde ijzer en/of humus B horizont,Z,d,h,Zandstreek,Terric Anthrosols (Arenic_ Spodi-relocatic),Anthrosols,AT-tr,Terric,NA,NA,Endogleyic,Arenic,Spodi-relocatic,Eutric,Centrale Vlaamse laagvlakte,0.4159138858,0.3394227371,0.0198564237,0.08576969973,-0.06807129996,19,NA,NA,3,7,19,NA,NA,595,385240,1107217
p9864d46_10_30,P9864d46,CMON_P9864d46,45960,2022-03-29,INBO,231895,176575,46.06,1830,2,Natuur,0,Natuur,gras_ bramen_ berenklauw,R1 (Dry grasslands),Natuurgrasland,1,1,LT,0.01,NA,1.32,NA,0.103,5.1,1.34,35.4,1.77,2.76,0.14,12.82,23.6,31.6,6.2,14.03,79.77,Normaal,Bewolkt,Geen neerslag in afgelopen week,Sdc3,Sdc3,Sdc,Matig natte lemig zandbodem met sterk gevlekte_ verbrokkelde textuur B horizont,S,d,c,Kempen,Gleyic Plaggic Retisols (Loamic),Retisols,RT-pa.gl,Plaggic,Gleyic,NA,Endogleyic,Loamic,NA,Dystric,Vlak van Zonhoven,1.646132086,-0.625866793,NA,1.156603886,-0.3936877691,15,NA,NA,4,6,23,NA,NA,535,117284,242443
p90da6b9_0_10,P90da6b9,CMON_P90da6b9,0-10,2022-02-15,ILVO,43365,179905,9.63,613,4,Akkerland,0,Akker,Wintergraan,V1 (Arable land and market gardens),Akker,1,1,LT,0.01,NA,0.94,NA,0.103,6.4,1.55,14.6,1.46,1.6,0.16,9.13,20.4,31.7,16.32,44.73,38.95,Normaal,Bewolkt,Neerslag maar zonder hevige buien afgelopen 24 uur,Lcaz,Lcaz,Lca,Matig droge zandleembodem met textuur B horizont,L,c,a,Zandleemstreek,Haplic Luvisols (Loamic_ Ruptic),Luvisols,LV-ha,Haplic,NA,NA,NA,Loamic,Ruptic,Eutric,Polder-Leie interfluvium,NA,NA,NA,-1.314551929,-0.9397843554,28,40,121,1,4,8,24999,126722,32766,18580,39721
p3e1bf37_0_10,P3e1bf37,CMON_P3e1bf37,0-10,2023-01-31,ILVO,100865,216535,3.31,1652,4,Akkerland,0,Akker,geploegd,V1 (Arable land and market gardens),Akker,1,1,LT,0.01,NA,0.97,NA,0.111,5.7,1.55,15.05,1.51,1.72,0.17,8.75,22,34.2,12.6,27.37,60.03,NA,NA,NA,s-Pdp,s-Pdp,Pdp,Matig natte licht zandleembodem zonder profiel,P,d,p,Nieuwland Watervliet,Eutric Fluvic Gleyic Cambisols (Loamic_ Fluvic_ Ruptic),Cambisols,CM-gl.fv.eu,Gleyic,Fluvic,Eutric,Endogleyic,Loamic,Fluvic_ Ruptic,Eutric,Scheldepolders,NA,NA,-0.7687272605,-1.314551929,-0.8647598711,10,NA,NA,1,4,8,NA,NA,1478,35459,55034
p3e1bf37_10_30,P3e1bf37,CMON_P3e1bf37,45960,2023-01-31,ILVO,100865,216535,3.31,1652,4,Akkerland,0,Akker,geploegd,V1 (Arable land and market gardens),Akker,1,1,LT,0.01,NA,1,NA,0.113,5.7,1.53,30.62,1.53,3.46,0.17,8.85,22.5,34.5,13.7,29.44,56.86,NA,NA,NA,s-Pdp,s-Pdp,Pdp,Matig natte licht zandleembodem zonder profiel,P,d,p,Nieuwland Watervliet,Eutric Fluvic Gleyic Cambisols (Loamic_ Fluvic_ Ruptic),Cambisols,CM-gl.fv.eu,Gleyic,Fluvic,Eutric,Endogleyic,Loamic,Fluvic_ Ruptic,Eutric,Scheldepolders,NA,NA,-0.7687272605,-1.314551929,-0.8647598711,15,NA,NA,1,3,8,NA,NA,35627,150312,237247
p3ea91ce_0_10,P3ea91ce,CMON_P3ea91ce,0-10,2022-03-03,ILVO,197735,216295,22.55,1555,4,Akkerland,0,Akker,tijdelijk grasland met maïsstoppels,V1 (Arable land and market gardens),Tijdelijk grasland,1,1,LT,0.01,NA,2.15,NA,0.171,4,1.27,27.23,2.72,2.17,0.22,12.55,19.2,24.4,6.24,11.68,82.08,Normaal,Zonnig / helder,Geen neerslag in de afgelopen 24 uur,Zbm,Zbm,Zbm,Droge zandbodem met dikke antropogene humus A horizont,Z,b,m,Kempen,Plaggic Anthrosols (Arenic),Anthrosols,AT-pa,Plaggic,NA,NA,NA,Arenic,NA,Dystric,Depressie van de Netes,NA,NA,-1.031588489,-0.1613458817,0.1950247657,19,70,144,5,5,42,41032,100982,4085,1239391,1671373
p3ea91ce_10_30,P3ea91ce,CMON_P3ea91ce,45960,2022-03-03,ILVO,197735,216295,22.55,1555,4,Akkerland,0,Akker,tijdelijk grasland met maïsstoppels,V1 (Arable land and market gardens),Tijdelijk grasland,1,1,LT,0.01,NA,2.17,NA,0.174,4,1.38,59.97,3,4.81,0.24,12.47,18.7,25.8,6.13,10.9,82.97,Normaal,Zonnig / helder,Geen neerslag in de afgelopen 24 uur,Zbm,Zbm,Zbm,Droge zandbodem met dikke antropogene humus A horizont,Z,b,m,Kempen,Plaggic Anthrosols (Arenic),Anthrosols,AT-pa,Plaggic,NA,NA,NA,Arenic,NA,Dystric,Depressie van de Netes,NA,NA,-1.031588489,-0.1613458817,0.1950247657,26,NA,NA,5,6,15,NA,NA,13295,1004818,1037767
p40a032f_0_10,P40a032f,CMON_P40a032f,0-10,2023-02-16,ILVO,195585,215425,18.98,531,4,Akkerland,0,Akker,geploegd,V1 (Arable land and market gardens),Akker,1,1,LT,0.01,NA,1.53,NA,0.106,4.9,1.4,21.46,2.15,1.49,0.15,14.4,26.3,36.8,3.61,6.87,89.52,NA,NA,NA,Segz,Segz,Seg,Natte lemig zandbodem met duidelijke ijzer en/of humus B horizont,S,e,g,Kempen,Gleyic Podzols (Loamic),Podzols,PZ-gl,Gleyic,NA,NA,Endogleyic,Loamic,NA,Dystric,Depressie van de Netes,-1.198747502,1.27253595,-0.6372966465,-0.6967629749,-0.3944533251,15,NA,NA,3,7,19,NA,NA,2814,2822,3037108
p40a032f_10_30,P40a032f,CMON_P40a032f,45960,2023-02-16,ILVO,195585,215425,18.98,531,4,Akkerland,0,Akker,geploegd,V1 (Arable land and market gardens),Akker,1,1,LT,0.01,NA,1.47,NA,0.102,5.2,1.45,42.64,2.13,2.96,0.15,14.41,26.8,38.8,3.02,6.31,90.67,NA,NA,NA,Segz,Segz,Seg,Natte lemig zandbodem met duidelijke ijzer en/of humus B horizont,S,e,g,Kempen,Gleyic Podzols (Loamic),Podzols,PZ-gl,Gleyic,NA,NA,Endogleyic,Loamic,NA,Dystric,Depressie van de Netes,-1.198747502,1.27253595,-0.6372966465,-0.6967629749,-0.3944533251,8,NA,NA,0,2,10,NA,NA,387,293787,454249
p41882ea_0_10,P41882ea,CMON_P41882ea,0-10,2022-04-28,INBO,222415,215025,39.53,1355,2,Natuur,0,Natuur,gras_ els_ mos,R7 (Sparsely wooded grasslands),Heide,1,1,LT,0.01,NA,3.21,NA,0.204,4,1.18,37.97,3.8,2.41,0.24,15.74,18.2,21.5,13.21,25.41,61.38,Normaal,Zonnig / helder,Geen neerslag in afgelopen week,t-Zeg,t-Zeg,Zeg,Natte zandbodem met duidelijke ijzer en/of humus B horizont,Z,e,g,Kempen,Gleyic Podzols (Arenic_ Ruptic),Podzols,PZ-gl,Gleyic,NA,NA,Endogleyic,Arenic,Ruptic,Dystric,Maasterrassen,1.492354811,0.5646569608,-0.2430048044,0.2093274905,0.2139084794,16,79,23,2,2,6,65968,1205,1433,106,19679
p41882ea_10_30,P41882ea,CMON_P41882ea,45960,2022-04-28,INBO,222415,215025,39.53,1355,2,Natuur,0,Natuur,gras_ els_ mos,R7 (Sparsely wooded grasslands),Heide,1,1,LT,0.01,NA,2.97,NA,0.181,4.9,0.84,49.97,2.5,3.05,0.15,16.41,44.6,37.4,15.74,23.16,61.1,Normaal,Zonnig / helder,Geen neerslag in afgelopen week,t-Zeg,t-Zeg,Zeg,Natte zandbodem met duidelijke ijzer en/of humus B horizont,Z,e,g,Kempen,Gleyic Podzols (Arenic_ Ruptic),Podzols,PZ-gl,Gleyic,NA,NA,Endogleyic,Arenic,Ruptic,Dystric,Maasterrassen,1.492354811,0.5646569608,-0.2430048044,0.2093274905,0.2139084794,18,NA,NA,3,2,8,NA,NA,790,2,82274
p424aecd_0_10,P424aecd,CMON_P424aecd,0-10,2022-11-23,INBO,145165,214685,7.7,18083,2,Natuur,0,Natuur,Bezemkruiskruid_ gras_ mos,R2 (Mesic grasslands),Natuurgrasland,1,1,NA,0.53,NA,1.17,NA,0.045,7.9,1.46,9.344,0.93,0.657,0.07,14.22,7.2,10.5,3.19,13.94,82.87,Normaal,Buien (wisselvallig),Hevige neerslag afgelopen week of regenstorm in afgelopen 24 uur,Eep,Eep,Eep,Sterk gleyige kleibodem zonder profiel,E,e,p,Doel,Eutric Fluvic Gleyic Cambisols (Loamic_ Fluvic),Cambisols,CM-gl.fv.eu,Gleyic,Fluvic,Eutric,Endogleyic,Loamic,Fluvic,Eutric,Scheldepolders,-0.7374156771,0.8542438198,-0.2430048044,-0.9438785564,-1.662367109,27,81,137,2,1,5,143625,91892,1641,1,18259
p424aecd_10_30,P424aecd,CMON_P424aecd,45960,2022-11-23,INBO,145165,214685,7.7,18083,2,Natuur,0,Natuur,Bezemkruiskruid_ gras_ mos,R2 (Mesic grasslands),Natuurgrasland,1,1,NA,0.72,NA,0.89,NA,0.019,8.1,1.49,5.07,0.25,0.567,0.03,8.95,7.3,10.9,2.91,5.44,91.65,Normaal,Buien (wisselvallig),Hevige neerslag afgelopen week of regenstorm in afgelopen 24 uur,Eep,Eep,Eep,Sterk gleyige kleibodem zonder profiel,E,e,p,Doel,Eutric Fluvic Gleyic Cambisols (Loamic_ Fluvic),Cambisols,CM-gl.fv.eu,Gleyic,Fluvic,Eutric,Endogleyic,Loamic,Fluvic,Eutric,Scheldepolders,-0.7374156771,0.8542438198,-0.2430048044,-0.9438785564,-1.662367109,13,NA,NA,1,2,8,NA,NA,1208,2,1135895
pa1070b2_10_30,Pa1070b2,CMON_Pa1070b2,45960,2023-04-11,ILVO,37215,172745,19.99,3493,4,Akkerland,0,Tijdelijk grasland,gras,V1 (Arable land and market gardens),Tijdelijk grasland,1,1,LT,0.01,NA,1.33,NA,0.118,6.4,1.61,42.94,2.15,3.81,0.19,11.27,20.9,33.6,17.95,38.85,43.2,NA,NA,NA,Ldc,Ldc,Ldc,Matig natte zandleembodem met sterk gevlekte_ verbrokkelde textuur B horizont,L,d,c,Zandleemstreek,Eutric Gleyic Retisols (Loamic),Retisols,RT-gl.eu,Gleyic,Eutric,NA,Endogleyic,Loamic,NA,Eutric,Polder-Leie interfluvium,0.1083593357,0.9185964552,NA,-1.067436347,-0.3036073509,8,NA,NA,6,17,24,NA,NA,112,1246989,1266443
pa69450b_10_30,Pa69450b,CMON_Pa69450b,45960,2022-03-18,ILVO,216905,170295,53.05,2286,4,Akkerland,0,Akker,maïsstoppels,V1 (Arable land and market gardens),Akker,1,1,LT,0.01,NA,1.33,NA,0.113,7.1,1.35,35.79,1.79,3.04,0.15,11.77,26.8,36.1,19.62,67.29,13.09,Normaal,Zonnig / helder,Geen neerslag in de afgelopen 24 uur,Aba0,Aba0,Aba,Droge leembodem met textuur B horizont,A,b,a,Zandleemstreek,Haplic Luvisols (Siltic),Luvisols,LV-ha,Haplic,NA,NA,NA,Siltic,NA,Eutric,Plateau van Haspengouw,-0.9680815896,0.3072464194,NA,-0.5320192539,-0.5623652661,13,NA,NA,3,4,16,NA,NA,5576,309119,426822
p4336214_0_10,P4336214,CMON_P4336214,0-10,2022-04-19,ILVO,67075,214275,3.37,1380,4,Akkerland,0,Akker,braak,V1 (Arable land and market gardens),Akker,1,1,LT,0.01,NA,1.9,NA,0.167,5.8,1.49,28.26,2.83,2.48,0.25,11.4,19.1,28.4,17.26,30.24,52.5,Normaal,Gedeeltelijk bewolkt,Geen neerslag in afgelopen week,m.Dl6,u-Edpz,Edp,Overdekte kreekruggronden - slibhoudend zand (Middellandpolders),E,d,p,Middellandpolders,Calcaric Fluvic Gleyic Cambisols (Loamic_ Fluvic_ Ruptic),Cambisols,CM-gl.fv.ca,Gleyic,Fluvic,Calcaric,Endogleyic,Loamic,Fluvic_ Ruptic,Calcaric,Kustvlakte_ Middelland,-0.5067497645,-1.49462737,0.1512870377,-1.067436347,-0.07240945041,38,NA,NA,3,6,20,NA,NA,1947,392921,464835
p4336214_10_30,P4336214,CMON_P4336214,45960,2022-04-19,ILVO,67075,214275,3.37,1380,4,Akkerland,0,Akker,braak,V1 (Arable land and market gardens),Akker,1,1,LT,0.01,NA,1.55,NA,0.146,6.1,1.56,48.46,2.42,4.56,0.23,10.63,22.3,34.8,18.55,32.47,48.98,Normaal,Gedeeltelijk bewolkt,Geen neerslag in afgelopen week,m.Dl6,u-Edpz,Edp,Overdekte kreekruggronden - slibhoudend zand (Middellandpolders),E,d,p,Middellandpolders,Calcaric Fluvic Gleyic Cambisols (Loamic_ Fluvic_ Ruptic),Cambisols,CM-gl.fv.ca,Gleyic,Fluvic,Calcaric,Endogleyic,Loamic,Fluvic_ Ruptic,Calcaric,Kustvlakte_ Middelland,-0.5067497645,-1.49462737,0.1512870377,-1.067436347,-0.07240945041,3,NA,NA,2,3,10,NA,NA,13,38419,100122
p4354ee0_0_10,P4354ee0,CMON_P4354ee0,0-10,2022-11-29,ILVO,144235,214225,2.56,1699,3,grasland,0,Blijvend grasland,gras,R2 (Mesic grasslands),Blijvend grasland,1,1,LT,0.01,NA,2.66,NA,0.262,4.8,1.23,32.76,3.28,3.23,0.32,10.14,33.9,41.7,18.91,43.18,37.91,Normaal,Bewolkt,Hevige neerslag afgelopen week of regenstorm in afgelopen 24 uur,sPdp,sPdp,Pdp,Matig natte licht zandleembodem zonder profiel,P,d,p,Doel,Eutric Fluvic Gleyic Cambisols (Loamic_ Fluvic_ Ruptic),Cambisols,CM-gl.fv.eu,Gleyic,Fluvic,Eutric,Endogleyic,Loamic,Fluvic_ Ruptic,Eutric,Westelijke Boomse cuesta,0.2621366107,1.176006997,-0.6372966465,0.003397839245,-0.4786644809,20,NA,NA,2,8,38,NA,NA,320,325338,462857
p4354ee0_10_30,P4354ee0,CMON_P4354ee0,45960,2022-11-29,ILVO,144235,214225,2.56,1699,3,grasland,0,Blijvend grasland,gras,R2 (Mesic grasslands),Blijvend grasland,1,1,LT,0.01,NA,0.91,NA,0.101,5.2,1.54,28.04,1.4,3.11,0.16,9.02,19.7,30.4,20.98,54.86,24.16,Normaal,Bewolkt,Hevige neerslag afgelopen week of regenstorm in afgelopen 24 uur,sPdp,sPdp,Pdp,Matig natte licht zandleembodem zonder profiel,P,d,p,Doel,Eutric Fluvic Gleyic Cambisols (Loamic_ Fluvic_ Ruptic),Cambisols,CM-gl.fv.eu,Gleyic,Fluvic,Eutric,Endogleyic,Loamic,Fluvic_ Ruptic,Eutric,Westelijke Boomse cuesta,0.2621366107,1.176006997,-0.6372966465,0.003397839245,-0.4786644809,3,NA,NA,0,5,32,NA,NA,11,156975,332773
pa1070b2_0_10,Pa1070b2,CMON_Pa1070b2,0-10,2023-04-11,ILVO,37215,172745,19.99,3493,4,Akkerland,0,Tijdelijk grasland,gras,V1 (Arable land and market gardens),Tijdelijk grasland,1,1,LT,0.01,NA,1.66,NA,0.135,6.2,1.49,24.72,2.47,2.01,0.2,12.3,27.5,41,16.26,36.62,47.12,NA,NA,NA,Ldc,Ldc,Ldc,Matig natte zandleembodem met sterk gevlekte_ verbrokkelde textuur B horizont,L,d,c,Zandleemstreek,Eutric Gleyic Retisols (Loamic),Retisols,RT-gl.eu,Gleyic,Eutric,NA,Endogleyic,Loamic,NA,Eutric,Polder-Leie interfluvium,0.1083593357,0.9185964552,NA,-1.067436347,-0.3036073509,16,NA,NA,1,9,15,NA,NA,618,4109961,4119840
p21cfc59_0_10,P21cfc59,CMON_P21cfc59,0-10,2022-05-25,INBO,189925,229065,28.95,1235,2,Natuur,0,Natuur,Pijpenstrootje_ struikheide_ berk,R3 (Seasonally wet and wet grasslands),Heide,1,1,LT,0.01,NA,2.15,NA,0.106,3.6,1.28,27.52,2.75,1.36,0.14,20.28,29.6,37.9,3.16,6.87,89.97,Normaal,Bewolkt,Geen neerslag in de afgelopen 24 uur,Zeg,Zeg,Zeg,Natte zandbodem met duidelijke ijzer en/of humus B horizont,Z,e,g,Kempen,Gleyic Podzols (Arenic),Podzols,PZ-gl,Gleyic,NA,NA,Endogleyic,Arenic,NA,Dystric,Kempische cuesta,0.6465797983,2.012591256,NA,-0.202531812,0.5688712604,8,41,74,2,14,19,27934,32720,335,2597378,2597439
p46b3f55_0_10,P46b3f55,CMON_P46b3f55,0-10,2023-03-16,INBO,198765,212735,25.54,47635,2,Natuur,0,Natuur,Pijpenstrootje,R3 (Seasonally wet and wet grasslands),Heide,1,1,LT,0.01,NA,2.96,NA,0.14,3.3,0.877,25.96,2.6,1.23,0.12,21.14,25,21.9,2.47,4.73,92.8,Normaal,Zonnig / helder,Neerslag maar zonder hevige buien afgelopen 24 uur,Zdg,Zdg,Zdg,Matig natte zandbodem met duidelijke ijzer en/of humus B horizont,Z,d,g,Kempen,Gleyic Podzols (Arenic),Podzols,PZ-gl,Gleyic,NA,NA,Endogleyic,Arenic,NA,Dystric,Depressie van de Netes,2.415018461,1.948238621,-0.9001578746,1.457261177,-0.3150906904,26,NA,NA,3,14,22,NA,NA,1373,1072337,1236555
p46b3f55_10_30,P46b3f55,CMON_P46b3f55,45960,2023-03-16,INBO,198765,212735,25.54,47635,2,Natuur,0,Natuur,Pijpenstrootje,R3 (Seasonally wet and wet grasslands),Heide,1,1,LT,0.01,NA,1.6,NA,0.061,3.8,1.289,41.25,2.06,1.57,0.08,26.23,17.9,23.1,2.16,3.98,93.86,Normaal,Zonnig / helder,Neerslag maar zonder hevige buien afgelopen 24 uur,Zdg,Zdg,Zdg,Matig natte zandbodem met duidelijke ijzer en/of humus B horizont,Z,d,g,Kempen,Gleyic Podzols (Arenic),Podzols,PZ-gl,Gleyic,NA,NA,Endogleyic,Arenic,NA,Dystric,Depressie van de Netes,2.415018461,1.948238621,-0.9001578746,1.457261177,-0.3150906904,8,NA,NA,1,8,12,NA,NA,72,1056980,1133728
p46ba7ae_0_10,P46ba7ae,CMON_P46ba7ae,0-10,2023-01-11,ILVO,229015,212725,41.54,2379,4,Akkerland,0,Tijdelijk grasland,gras,V1 (Arable land and market gardens),Tijdelijk grasland,1,1,LT,0.01,NA,1.88,NA,0.14,5.3,1.38,26.02,2.6,1.94,0.19,13.41,19.5,26.9,3.39,9.07,87.54,NA,NA,NA,Zcg,Zcg,Zcg,Matig droge zandbodem met duidelijke ijzer en/of humus B horizont,Z,c,g,Kempen,Albic Podzols (Arenic),Podzols,PZ-ab,Albic,NA,NA,NA,Arenic,NA,Dystric,Maasterrassen,0.2621366107,0.4037753724,0.6770094939,-0.6143911144,-0.247976951,27,NA,NA,4,20,43,NA,NA,8263,155461,522549
p46ba7ae_10_30,P46ba7ae,CMON_P46ba7ae,45960,2023-01-11,ILVO,229015,212725,41.54,2379,4,Akkerland,0,Tijdelijk grasland,gras,V1 (Arable land and market gardens),Tijdelijk grasland,1,1,LT,0.01,NA,1.56,NA,0.115,4.9,1.4,43.82,2.19,3.23,0.16,13.57,17.2,24,3.46,16.47,80.07,NA,NA,NA,Zcg,Zcg,Zcg,Matig droge zandbodem met duidelijke ijzer en/of humus B horizont,Z,c,g,Kempen,Albic Podzols (Arenic),Podzols,PZ-ab,Albic,NA,NA,NA,Arenic,NA,Dystric,Maasterrassen,0.2621366107,0.4037753724,0.6770094939,-0.6143911144,-0.247976951,12,NA,NA,11,17,34,NA,NA,456,281540,4588970
p4811720_0_10,P4811720,CMON_P4811720,0-10,2022-03-30,INBO,64075,212125,1.07,356,3,grasland,0,Natuur,gras_ riet_ pitrus,R3 (Seasonally wet and wet grasslands),Natuurgrasland,1,1,LT,0.01,NA,6.22,NA,0.505,4.7,0.93,58.11,5.81,4.72,0.47,12.32,56.1,52.2,12.54,12.69,74.77,Normaal,Bewolkt,Geen neerslag in afgelopen week,o.M2,l-Vfp(o),Vfp,Gronden van de lage Moeren (Oudlandpolders),V,f,p,Oudlandpolders,Fluvic Gleyic Phaeozems (Clayic_ Fluvic_ Relocatic_ Ruptic),Phaeozems,PH-gl.fv,Gleyic,Fluvic,NA,Endogleyic,Clayic,Fluvic_ Relocatic_ Ruptic,Eutric,Kustvlakte_ Oudland,1.107911623,0.08201219574,-0.7687272605,1.238975747,1.493407677,8,NA,52,2,26,47,0,8211,211,502676,560218
p4811720_10_30,P4811720,CMON_P4811720,45960,2022-03-30,INBO,64075,212125,1.07,356,3,grasland,0,Natuur,gras_ riet_ pitrus,R3 (Seasonally wet and wet grasslands),Natuurgrasland,1,1,LT,0.01,NA,3.13,NA,0.233,5.1,1.28,79.97,4,5.95,0.3,13.43,33.6,43,8.52,10.83,80.65,Normaal,Bewolkt,Geen neerslag in afgelopen week,o.M2,l-Vfp(o),Vfp,Gronden van de lage Moeren (Oudlandpolders),V,f,p,Oudlandpolders,Fluvic Gleyic Phaeozems (Clayic_ Fluvic_ Relocatic_ Ruptic),Phaeozems,PH-gl.fv,Gleyic,Fluvic,NA,Endogleyic,Clayic,Fluvic_ Relocatic_ Ruptic,Eutric,Kustvlakte_ Oudland,1.107911623,0.08201219574,-0.7687272605,1.238975747,1.493407677,16,NA,NA,9,15,20,NA,NA,1115,99949,130799
pb3e27ce_0_10,Pb3e27ce,CMON_Pb3e27ce,0-10,2022-02-09,ILVO,211415,164405,86.59,1774,4,Akkerland,0,Akker,Braak,V1 (Arable land and market gardens),Akker,1,1,NA,0.01,NA,1.17,NA,0.118,6.7,1.45,16.88,1.69,1.72,0.17,9.81,25.9,37.6,25.33,66.58,8.09,Normaal,Zonnig / helder,Geen neerslag in de afgelopen 24 uur,Aba0,Aba0,Aba,Droge leembodem met textuur B horizont,A,b,a,Leemstreek,Haplic Luvisols (Siltic),Luvisols,LV-ha,Haplic,NA,NA,NA,Siltic,NA,Eutric,Plateau van Haspengouw,-0.2760838519,-1.301569464,NA,-0.9026926261,-0.671329398,14,NA,NA,1,3,8,NA,NA,2113,509436,3098331
p5de602c_0_10,P5de602c,CMON_P5de602c,0-10,2022-11-18,INBO,145635,202465,1.39,18851,2,Natuur,0,Natuur,Riet_ gras_ brandnetel,R3 (Seasonally wet and wet grasslands),Natuurgrasland,1,1,LT,0.01,NA,5.2,NA,0.457,5.2,0.724,37.687,3.77,3.31,0.33,11.38,75.5,54.7,19.06,34.33,46.61,Waterverzadigd,Buien (wisselvallig),Hevige neerslag afgelopen week of regenstorm in afgelopen 24 uur,sPep,sPep,Pep,Natte licht zandleembodem zonder profiel,P,e,p,Zandstreek,Eutric Fluvic Gleyic Cambisols (Loamic_ Fluvic_ Ruptic),Cambisols,CM-gl.fv.eu,Gleyic,Fluvic,Eutric,Endogleyic,Loamic,Fluvic_ Ruptic,Eutric,Westelijke Boomse cuesta,-0.3529724895,-0.915453652,NA,2.08740591,0.7331340514,51,NA,NA,13,24,37,NA,NA,7254,963103,1103985
p49503c7_0_10,P49503c7,CMON_P49503c7,0-10,2023-04-14,ILVO,93345,211575,5.23,4132,4,Akkerland,0,Tijdelijk grasland,gras,V1 (Arable land and market gardens),Tijdelijk grasland,1,1,LT,0.01,NA,2.08,NA,0.146,5.2,1.39,28.86,2.89,2.03,0.2,14.22,25.8,35.9,5.27,12.92,81.81,NA,NA,NA,Zcg,Zcg,Zcg,Matig droge zandbodem met duidelijke ijzer en/of humus B horizont,Z,c,g,Zandstreek,Albic Podzols (Arenic),Podzols,PZ-ab,Albic,NA,NA,NA,Arenic,NA,Dystric,Centrale Vlaamse laagvlakte,-0.3529724895,-0.7867483814,1.85988502,-0.6555770447,0.07968100071,33,NA,NA,2,5,7,NA,NA,8380,320725,323930
p49503c7_10_30,P49503c7,CMON_P49503c7,45960,2023-04-14,ILVO,93345,211575,5.23,4132,4,Akkerland,0,Tijdelijk grasland,gras,V1 (Arable land and market gardens),Tijdelijk grasland,1,1,LT,0.01,NA,1.88,NA,0.128,5.1,1.43,53.82,2.69,3.66,0.18,14.7,24.5,35,5.57,11.45,82.98,NA,NA,NA,Zcg,Zcg,Zcg,Matig droge zandbodem met duidelijke ijzer en/of humus B horizont,Z,c,g,Zandstreek,Albic Podzols (Arenic),Podzols,PZ-ab,Albic,NA,NA,NA,Arenic,NA,Dystric,Centrale Vlaamse laagvlakte,-0.3529724895,-0.7867483814,1.85988502,-0.6555770447,0.07968100071,58,NA,NA,7,5,16,NA,NA,7317,1035427,1070966
p4c4cf00_0_10,P4c4cf00,CMON_P4c4cf00,0-10,2023-02-13,ILVO,147355,210255,10.73,2723,4,Akkerland,0,Akker,geploegd,V1 (Arable land and market gardens),Akker,1,1,LT,0.01,NA,1.94,NA,0.143,5.7,1.42,27.64,2.76,2.04,0.2,13.55,28.6,40.5,9.2,31.04,59.76,NA,NA,NA,ScP,ScP,ScP,Matig droge lemig zandbodem zonder profiel of met onbepaald profiel,S,c,p+x,Zandstreek,Terric Cambisols (Loamic),Cambisols,CM-tr,Terric,NA,NA,NA,Loamic,NA,Eutric,Westelijke Boomse cuesta,-0.429861127,-1.301569464,-0.2430048044,-0.7791348354,0.0684528466,34,NA,NA,3,10,17,NA,NA,3167,999955,2293667
p4c4cf00_10_30,P4c4cf00,CMON_P4c4cf00,45960,2023-02-13,ILVO,147355,210255,10.73,2723,4,Akkerland,0,Akker,geploegd,V1 (Arable land and market gardens),Akker,1,1,LT,0.01,NA,1.92,NA,0.145,5.7,1.42,54.6,2.73,4.12,0.21,13.25,25.9,36.8,10.07,31.05,58.88,NA,NA,NA,ScP,ScP,ScP,Matig droge lemig zandbodem zonder profiel of met onbepaald profiel,S,c,p+x,Zandstreek,Terric Cambisols (Loamic),Cambisols,CM-tr,Terric,NA,NA,NA,Loamic,NA,Eutric,Westelijke Boomse cuesta,-0.429861127,-1.301569464,-0.2430048044,-0.7791348354,0.0684528466,3,NA,NA,0,3,7,NA,NA,14,66395,78816
p4d89507_0_10,P4d89507,CMON_P4d89507,0-10,2022-11-30,ILVO,77745,209705,9.46,1124,3,grasland,0,Blijvend grasland,gras,R2 (Mesic grasslands),Blijvend grasland,1,1,NA,0.38,NA,3.8,NA,0.241,7.4,1.46,49.84,4.98,3.51,0.35,14.2,21.8,31.8,9.56,18.2,72.24,Normaal,Bewolkt,Geen neerslag in de afgelopen 24 uur,Zdh(k),Zdh(k),Zdh,Matig natte zandbodem met verbrokkelde ijzer en/of humus B horizont,Z,d,h,Zandstreek,Terric Anthrosols (Arenic_ Spodi-relocatic),Anthrosols,AT-tr,Terric,NA,NA,Endogleyic,Arenic,Spodi-relocatic,Eutric,Centrale Vlaamse laagvlakte,-0.1223065769,0.1141885134,-0.7687272605,-0.9438785564,0.9184751498,24,86,115,2,9,14,77303,77718,1712,1307165,1353712
p4d89507_10_30,P4d89507,CMON_P4d89507,45960,2022-11-30,ILVO,77745,209705,9.46,1124,3,grasland,0,Blijvend grasland,gras,R2 (Mesic grasslands),Blijvend grasland,1,1,NA,0.34,NA,2.5,NA,0.149,7.6,1.52,65.71,3.29,4.53,0.23,14.51,17.3,26.3,8.72,19.22,72.06,Normaal,Bewolkt,Geen neerslag in de afgelopen 24 uur,Zdh(k),Zdh(k),Zdh,Matig natte zandbodem met verbrokkelde ijzer en/of humus B horizont,Z,d,h,Zandstreek,Terric Anthrosols (Arenic_ Spodi-relocatic),Anthrosols,AT-tr,Terric,NA,NA,Endogleyic,Arenic,Spodi-relocatic,Eutric,Centrale Vlaamse laagvlakte,-0.1223065769,0.1141885134,-0.7687272605,-0.9438785564,0.9184751498,10,NA,NA,1,6,15,NA,NA,167,118,564822
p4dc98f0_0_10,P4dc98f0,CMON_P4dc98f0,0-10,2022-12-07,ILVO,103515,209595,8.34,628,3,grasland,0,Blijvend grasland,gras,R2 (Mesic grasslands),Blijvend grasland,1,1,LT,0.01,NA,4.36,NA,0.362,4.2,1.34,58.52,5.85,4.86,0.49,12.04,19.6,26.3,3.7,5.91,90.39,Normaal,Buien (wisselvallig),Neerslag maar zonder hevige buien afgelopen 24 uur,Zcg,Zcg,Zcg,Matig droge zandbodem met duidelijke ijzer en/of humus B horizont,Z,c,g,Zandstreek,Albic Podzols (Arenic),Podzols,PZ-ab,Albic,NA,NA,NA,Arenic,NA,Dystric,Centrale Vlaamse laagvlakte,3.799013937,0.7577148668,-0.7687272605,-0.4496473934,0.800069161,12,72,90,1,8,16,22572,24255,200,78237,122592
p4dc98f0_10_30,P4dc98f0,CMON_P4dc98f0,45960,2022-12-07,ILVO,103515,209595,8.34,628,3,grasland,0,Blijvend grasland,gras,R2 (Mesic grasslands),Blijvend grasland,1,1,LT,0.01,NA,1.89,NA,0.138,3.8,1.39,52.39,2.62,3.83,0.19,13.68,11.4,15.8,3.93,7.36,88.71,Normaal,Buien (wisselvallig),Neerslag maar zonder hevige buien afgelopen 24 uur,Zcg,Zcg,Zcg,Matig droge zandbodem met duidelijke ijzer en/of humus B horizont,Z,c,g,Zandstreek,Albic Podzols (Arenic),Podzols,PZ-ab,Albic,NA,NA,NA,Arenic,NA,Dystric,Centrale Vlaamse laagvlakte,3.799013937,0.7577148668,-0.7687272605,-0.4496473934,0.800069161,5,NA,NA,5,19,43,NA,NA,293,1533866,1994592
p4e49690_0_10,P4e49690,CMON_P4e49690,0-10,2023-01-26,ILVO,128955,209375,6.75,1204,4,Akkerland,0,Tijdelijk grasland,gras,V1 (Arable land and market gardens),Tijdelijk grasland,1,1,LT,0.01,NA,1.65,NA,0.141,6,1.38,22.7,2.27,1.94,0.19,11.7,30.2,41.7,7.67,12.26,80.07,NA,NA,NA,Zcm(g),Zcm(g),Zcm,Matig droge zandbodem met dikke antropogene humus A horizont,Z,c,m,Zandstreek,Terric Anthrosols (Arenic),Anthrosols,AT-tr,Terric,NA,NA,NA,Arenic,NA,Eutric,Westelijke Boomse cuesta,-0.7374156771,-0.6580431107,0.1512870377,-0.6143911144,-0.2972277179,14,39,121,2,4,13,7793,60936,359,10434,145470
p4e49690_10_30,P4e49690,CMON_P4e49690,45960,2023-01-26,ILVO,128955,209375,6.75,1204,4,Akkerland,0,Tijdelijk grasland,gras,V1 (Arable land and market gardens),Tijdelijk grasland,1,1,LT,0.01,NA,1.65,NA,0.143,6.2,1.37,45.21,2.26,3.92,0.2,11.53,29.6,40.6,7.71,12.81,79.48,NA,NA,NA,Zcm(g),Zcm(g),Zcm,Matig droge zandbodem met dikke antropogene humus A horizont,Z,c,m,Zandstreek,Terric Anthrosols (Arenic),Anthrosols,AT-tr,Terric,NA,NA,NA,Arenic,NA,Eutric,Westelijke Boomse cuesta,-0.7374156771,-0.6580431107,0.1512870377,-0.6143911144,-0.2972277179,16,NA,NA,0,4,8,NA,NA,886,9,32466
p3e02017_10_30,P3e02017,CMON_P3e02017,45960,2023-04-06,INBO,222545,216585,37.46,46411,2,Natuur,0,Natuur,Pijpenstrootje_ mos,R3 (Seasonally wet and wet grasslands),Heide,1,1,LT,0.01,NA,2.02,NA,0.086,3.9,1.19,48.1,2.41,2.05,0.1,23.49,23.8,28.3,2.7,5.41,91.89,Normaal,Buien (wisselvallig),Geen neerslag in afgelopen week,ZAg,ZAg,ZAg,Zeer droge tot matig natte zandbodem met duidelijke ijzer en/of humus B horizont,Z,a-d,g,Kempen,Albic Podzols (Arenic),Podzols,PZ-ab,Albic,NA,NA,NA,Arenic,NA,Dystric,Maasterrassen,1.646132086,0.9829490905,NA,1.77439284,-0.03157979911,18,NA,NA,1,10,10,NA,NA,607,627892,627892
p50d3b32_10_30,P50d3b32,CMON_P50d3b32,45960,2022-11-03,ILVO,234255,208255,41.98,75,3,grasland,0,Blijvend grasland,gras,R1 (Dry grasslands),Blijvend grasland,1,1,LT,0.01,NA,1.26,NA,0.111,5.1,1.47,37.07,1.85,3.27,0.16,11.34,9.1,13.4,5.63,15.3,79.07,Normaal,Bewolkt,Neerslag maar zonder hevige buien afgelopen 24 uur,t-Zcf,t-Zcf,Zcf,Matig droge zandbodem met weinig duidelijke ijzer en/of humus B horizont,Z,c,f,Kempen,Dystric Brunic Arenosols (Ruptic),Arenosols,AR-br.dy,Brunic,Dystric,NA,NA,Arenic,Ruptic,Dystric,Maasterrassen,0.1852479732,-0.9798062874,NA,-1.149808208,-0.4702433653,11,NA,NA,1,5,8,NA,NA,334,8128,26630
p3c02082_0_10,P3c02082,CMON_P3c02082,0-10,2022-03-08,ILVO,97535,217465,3.36,3108,4,Akkerland,1,Akker,grasland,V1 (Arable land and market gardens),Tijdelijk grasland,1,1,LT,0.01,NA,2.48,NA,0.218,5.8,1.41,34.9,3.49,3.07,0.31,11.37,28.1,39.6,28.83,49.67,21.5,Normaal,Zonnig / helder,Geen neerslag in de afgelopen 24 uur,OB,OB,OB,Bebouwde zones,NA,NA,NA,Kunstmatige gronden,Technosols/Not Surveyed,Technosols/Not Surveyed,TC,NA,NA,NA,NA,NA,NA,NA,Urban / Not mapped,-0.6605270395,-0.336279934,NA,-0.7379489051,0.07917063007,14,61,109,2,14,36,20048,37042,761,1717494,2118836
p21327a1_10_30,P21327a1,CMON_P21327a1,45960,2023-03-24,INBO,142885,229335,8.89,45411,2,Natuur,0,Natuur,gras_ kruidachtigen,V3 (Artificial grasslands and herb dominated habitats),Residentieel grasland,1,1,NA,0.23,NA,0.62,NA,0.029,8.01,1.52,11.85,0.59,0.88,0.04,13.45,7.3,11.1,3.92,6.08,90,Normaal,Bewolkt,Hevige neerslag afgelopen week of regenstorm in afgelopen 24 uur,Uep,Uep,Uep,Sterk gleyige zware kleibodem zonder profiel,U,e,p,Doel,Eutric Fluvic Gleyic Cambisols (Clayic_ Fluvic),Cambisols,CM-gl.fv.eu,Gleyic,Fluvic,Eutric,Endogleyic,Clayic,Fluvic,Eutric,Urban / Not mapped,0.3390252482,0.5003043254,NA,-0.2849036725,-1.347570498,12,NA,NA,0,1,3,NA,NA,2845,2522,2664
p89b4582_0_10,P89b4582,CMON_P89b4582,0-10,2023-03-16,ILVO,174415,183075,11.31,3470,4,Akkerland,0,Akker,geploegd,V1 (Arable land and market gardens),Akker,1,1,LT,0.01,NA,1.31,NA,0.115,6.8,1.43,18.72,1.87,1.64,0.16,11.41,27.8,39.8,8.08,16.74,75.18,NA,NA,NA,wSdm,wSdm,Sdm,Matig natte lemig zandbodem met dikke antropogene humus A horizont,S,d,m,Zandstreek,Terric Anthrosols (Loamic_ Abruptic),Anthrosols,AT-tr,Terric,NA,NA,Endogleyic,Loamic,Abruptic,Eutric,Oostelijke Vlaamse laagvlakte,-0.429861127,-2.04162477,NA,-0.8203207656,-0.7330842456,21,NA,NA,2,10,37,NA,NA,1048,706196,861121
p7bcaf48_0_10,P7bcaf48,CMON_P7bcaf48,0-10,2023-03-21,INBO,217995,189235,39.83,42670,2,Natuur,0,Natuur,grassen_ kruiden,R3 (Seasonally wet and wet grasslands),Natuurgrasland,1,1,LT,0.01,NA,3.21,NA,0.239,3.9,1.2,38.63,3.86,2.88,0.29,13.43,19.3,23.2,3.85,5.87,90.28,Normaal,Buien (wisselvallig),Hevige neerslag afgelopen week of regenstorm in afgelopen 24 uur,Zdg,Zdg,Zdg,Matig natte zandbodem met duidelijke ijzer en/of humus B horizont,Z,d,g,Kempen,Gleyic Podzols (Arenic),Podzols,PZ-gl,Gleyic,NA,NA,Endogleyic,Arenic,NA,Dystric,Heuvelland van Lummen,NA,NA,NA,0.12695563,-0.2206721217,14,NA,NA,4,23,30,NA,NA,241,207423,278957
p53446e5_0_10,P53446e5,CMON_P53446e5,0-10,2023-05-26,INBO,240205,207175,34.73,14411,2,Natuur,0,Natuur,grassen_ pitrus_ veldzuring_ haarmos,R3 (Seasonally wet and wet grasslands),Natuurgrasland,1,1,LT,0.01,NA,1.31,NA,0.099,4,1.4,18.34,1.83,1.386,0.14,13.23,20.1,28.1,6.2,21.01,72.79,Normaal,Zonnig / helder,Geen neerslag in afgelopen week,t-Pec,t-Pec,Pec,Natte licht zandleembodem met sterk gevlekte_ verbrokkelde textuur B horizont,P,e,c,Kempen,Dystric Gleyic Retisols (Loamic_ Ruptic),Retisols,RT-gl.dy,Gleyic,Dystric,NA,Endogleyic,Loamic,Ruptic,Dystric,Maasterrassen,3.337682112,0.3715990548,0.0198564237,-0.6967629749,-1.23401303,34,29,87,15,15,22,1907,16485,2202,289772,291914
p53446e5_10_30,P53446e5,CMON_P53446e5,45960,2023-05-26,INBO,240205,207175,34.73,14411,2,Natuur,0,Natuur,grassen_ pitrus_ veldzuring_ haarmos,R3 (Seasonally wet and wet grasslands),Natuurgrasland,1,1,LT,0.01,NA,0.39,NA,0.028,4.2,1.65,12.86,0.64,0.924,0.05,13.93,15.1,24.8,5.36,16.07,78.57,Normaal,Zonnig / helder,Geen neerslag in afgelopen week,t-Pec,t-Pec,Pec,Natte licht zandleembodem met sterk gevlekte_ verbrokkelde textuur B horizont,P,e,c,Kempen,Dystric Gleyic Retisols (Loamic_ Ruptic),Retisols,RT-gl.dy,Gleyic,Dystric,NA,Endogleyic,Loamic,Ruptic,Dystric,Maasterrassen,3.337682112,0.3715990548,0.0198564237,-0.6967629749,-1.23401303,16,NA,NA,4,12,17,NA,NA,616,917676,923786
p54d2489_0_10,P54d2489,CMON_P54d2489,0-10,2022-02-23,ILVO,191525,206485,22.14,2835,4,Akkerland,0,Akker,groenbemester,V1 (Arable land and market gardens),Akker,1,1,LT,0.01,NA,1.81,NA,0.148,5.4,1.46,26.34,2.63,2.15,0.22,12.25,22.9,33.4,12.28,32.9,54.82,Normaal,Zonnig / helder,Neerslag maar zonder hevige buien afgelopen 24 uur,Zcm,Zcm,Zcm,Matig droge zandbodem met dikke antropogene humus A horizont,Z,c,m,Kempen,Plaggic Anthrosols (Arenic),Anthrosols,AT-pa,Plaggic,NA,NA,NA,Arenic,NA,Dystric,Depressie van de Netes,1.492354811,-1.623332641,-0.1115741903,-0.9438785564,-0.1063490981,26,NA,NA,6,10,29,NA,NA,2194,1518980,1729112
p54d2489_10_30,P54d2489,CMON_P54d2489,45960,2022-02-23,ILVO,191525,206485,22.14,2835,4,Akkerland,0,Akker,groenbemester,V1 (Arable land and market gardens),Akker,1,1,LT,0.01,NA,1.73,NA,0.143,5.3,1.42,49.05,2.45,4.05,0.2,12.11,24.2,34.3,14.24,36.41,49.35,Normaal,Zonnig / helder,Neerslag maar zonder hevige buien afgelopen 24 uur,Zcm,Zcm,Zcm,Matig droge zandbodem met dikke antropogene humus A horizont,Z,c,m,Kempen,Plaggic Anthrosols (Arenic),Anthrosols,AT-pa,Plaggic,NA,NA,NA,Arenic,NA,Dystric,Depressie van de Netes,1.492354811,-1.623332641,-0.1115741903,-0.9438785564,-0.1063490981,25,NA,NA,2,3,14,NA,NA,8551,684159,749003
pb6d4f64_0_10,Pb6d4f64,CMON_Pb6d4f64,0-10,2022-03-15,INBO,83395,163095,19.13,3633,6,Afgedekt,0,Ruimtebeslag bermen,gras_ brandnetel_ fluitenkruid_ klaver,V3 (Artificial grasslands and herb dominated habitats),Residentieel grasland,1,1,NA,0.91,NA,6.24,NA,0.268,8,0.93,49.53,4.95,2.49,0.25,19.89,35.1,32.7,10.08,56.91,33.01,Normaal,Buien (wisselvallig),Hevige neerslag afgelopen week of regenstorm in afgelopen 24 uur,Ldc,Ldc,Ldc,Matig natte zandleembodem met sterk gevlekte_ verbrokkelde textuur B horizont,L,d,c,Zandleemstreek,Eutric Gleyic Retisols (Loamic),Retisols,RT-gl.eu,Gleyic,Eutric,NA,Endogleyic,Loamic,NA,Eutric,Zuidelijke Vlaamse laagvlakte,0.03147069815,-0.4971615223,NA,1.238975747,3.05131406,14,NA,NA,1,30,58,NA,NA,1815,840494,1297774
p9cbcad0_0_10,P9cbcad0,CMON_P9cbcad0,0-10,2022-02-11,ILVO,55275,174645,32.98,485,4,Akkerland,0,Akker,spruiten (rest),V1 (Arable land and market gardens),Akker,1,1,LT,0.01,NA,0.96,NA,0.102,6.6,1.59,15.23,1.52,1.62,0.16,9.4,22,34.9,13.62,36.67,49.71,Normaal,Zonnig / helder,Neerslag maar zonder hevige buien afgelopen 24 uur,w-LhP,w-LhP,LhP,Natte zandleembodem zonder profiel of met onbepaald profiel,L,h,p+x,Zandleemstreek,Eutric Terric Stagnosols (Loamic_ Ruptic),Stagnosols,ST-tr,Terric,Eutric,NA,Stagnic,Loamic,Ruptic,Eutric,Polder-Leie interfluvium,-0.6605270395,-0.3684562516,NA,-1.47929565,-1.04262404,8,77,34,2,5,17,65841,2191,2836,292780,605102
p567b199_0_10,P567b199,CMON_P567b199,0-10,2022-12-21,ILVO,62885,205745,19.86,2916,4,Akkerland,0,Akker,tijdelijk gras,V1 (Arable land and market gardens),Tijdelijk grasland,1,1,LT,0.01,NA,1.64,NA,0.141,4.8,1.38,22.59,2.26,1.94,0.19,11.64,27.6,38,10.22,23.3,66.48,Normaal,Bewolkt,Neerslag maar zonder hevige buien afgelopen 24 uur,wSdP,wSdP,SdP,Matig natte lemig zandbodem zonder profiel of met onbepaald profiel,S,d,p+x,Zandstreek,Terric Planosols (Loamic_ Ruptic),Planosols,PL-tr,Terric,NA,NA,Stagnic,Loamic,Ruptic,Eutric,West-Vlaams cuestaland,-1.044970227,1.562122809,-0.5058660324,-0.6143911144,-0.2068921144,14,16,123,3,10,19,1144,126728,466,541960,763080
p567b199_10_30,P567b199,CMON_P567b199,45960,2022-12-21,ILVO,62885,205745,19.86,2916,4,Akkerland,0,Akker,tijdelijk gras,V1 (Arable land and market gardens),Tijdelijk grasland,1,1,LT,0.01,NA,1.77,NA,0.151,4.8,1.38,48.86,2.44,4.17,0.21,11.72,22.9,31.6,10.85,22.55,66.6,Normaal,Bewolkt,Neerslag maar zonder hevige buien afgelopen 24 uur,wSdP,wSdP,SdP,Matig natte lemig zandbodem zonder profiel of met onbepaald profiel,S,d,p+x,Zandstreek,Terric Planosols (Loamic_ Ruptic),Planosols,PL-tr,Terric,NA,NA,Stagnic,Loamic,Ruptic,Eutric,West-Vlaams cuestaland,-1.044970227,1.562122809,-0.5058660324,-0.6143911144,-0.2068921144,13,NA,NA,4,8,17,NA,NA,5356,418038,1422589
p574c973_0_10,P574c973,CMON_P574c973,0-10,2023-04-14,ILVO,115945,205385,3.84,3444,4,Akkerland,0,Akker,geploegd,V1 (Arable land and market gardens),Akker,1,1,NA,6.3,NA,10.1,NA,0.377,7.6,1.09,41.39,4.14,4.11,0.41,10.07,46.1,50.2,22.82,45.72,31.46,NA,NA,NA,sM(v),sM(v),M,Mergelbodem,M,NA,NA,Zandstreek,Calcaric Reductigleyic Histic Gleysols (Loamic_ Thaptohistic),Gleysols,GL-hi.ry.ca,Histic,Reductigleyic,Calcaric,Reductigleyic,Loamic,Thaptohistic,Calcaric,Centrale Vlaamse laagvlakte,-0.583638402,-0.4006325693,0.6770094939,0.5800008627,0.9394003461,17,NA,NA,1,5,7,NA,NA,2414,156838,171000
p574c973_10_30,P574c973,CMON_P574c973,45960,2023-04-14,ILVO,115945,205385,3.84,3444,4,Akkerland,0,Akker,geploegd,V1 (Arable land and market gardens),Akker,1,1,NA,6.32,NA,9.9,NA,0.368,7.7,1.05,74.98,3.75,7.71,0.39,9.73,44.4,46.6,25.41,40.85,33.74,NA,NA,NA,sM(v),sM(v),M,Mergelbodem,M,NA,NA,Zandstreek,Calcaric Reductigleyic Histic Gleysols (Loamic_ Thaptohistic),Gleysols,GL-hi.ry.ca,Histic,Reductigleyic,Calcaric,Reductigleyic,Loamic,Thaptohistic,Calcaric,Centrale Vlaamse laagvlakte,-0.583638402,-0.4006325693,0.6770094939,0.5800008627,0.9394003461,3,NA,NA,0,3,5,NA,NA,42,1027,97142
p5796575_0_10,P5796575,CMON_P5796575,0-10,2023-04-04,ILVO,57325,205255,5.53,3868,4,Akkerland,1,Akker,geploegd,V1 (Arable land and market gardens),Akker,1,1,LT,0.01,NA,1.24,NA,0.117,5.5,1.28,15.85,1.59,1.5,0.15,10.57,17,21.7,4.13,8.9,86.97,NA,NA,NA,ZdP,ZdP,ZdP,Matig natte zandbodem zonder profiel of met onbepaald profiel,Z,d,p+x,Zandstreek,Gleyic Terric Cambisols (Arenic),Cambisols,CM-tr.gl,Terric,Gleyic,NA,Endogleyic,Arenic,NA,Eutric,West-Vlaams cuestaland,-0.429861127,-1.848566864,-0.9001578746,-0.202531812,-0.79228724,9,NA,NA,2,2,7,NA,NA,2854,47,1430538
p5796575_10_30,P5796575,CMON_P5796575,45960,2023-04-04,ILVO,57325,205255,5.53,3868,4,Akkerland,1,Akker,geploegd,V1 (Arable land and market gardens),Akker,1,1,LT,0.01,NA,1.1,NA,0.105,5.6,1.48,32.66,1.63,3.12,0.16,10.47,19.4,28.8,3.7,9.01,87.29,NA,NA,NA,ZdP,ZdP,ZdP,Matig natte zandbodem zonder profiel of met onbepaald profiel,Z,d,p+x,Zandstreek,Gleyic Terric Cambisols (Arenic),Cambisols,CM-tr.gl,Terric,Gleyic,NA,Endogleyic,Arenic,NA,Eutric,West-Vlaams cuestaland,-0.429861127,-1.848566864,-0.9001578746,-0.202531812,-0.79228724,62,NA,NA,1,0,1,NA,NA,21222,0,4009
pc31c79e_10_30,Pc31c79e,CMON_Pc31c79e,45960,2023-02-23,ILVO,215895,157665,127.14,3566,4,Akkerland,0,Akker,geploegd,V1 (Arable land and market gardens),Akker,1,1,NA,0.01,NA,1.12,NA,0.11,6.8,1.33,29.56,1.48,2.93,0.15,10.09,25.2,33.5,23.73,68.65,7.62,NA,NA,NA,Aba1,Aba1,Aba,Droge leembodem met textuur B horizont,A,b,a,Leemstreek,Nudiargic Luvisols (Siltic),Luvisols,LV-ng,Nudiargic,NA,NA,NA,Siltic,NA,Eutric,Plateau van Haspengouw,-0.583638402,-0.2075746633,NA,-0.5320192539,-0.7180283117,7,NA,NA,2,7,25,NA,NA,2494,69840,1299901
pb13ac8c_0_10,Pb13ac8c,CMON_Pb13ac8c,0-10,2023-01-09,ILVO,85715,165575,19.11,561,4,Akkerland,0,Tijdelijk grasland,gras,V1 (Arable land and market gardens),Tijdelijk grasland,1,1,LT,0.01,NA,1.31,NA,0.126,6.2,1.42,18.59,1.86,1.79,0.18,10.39,28.2,40,15.75,62.51,21.74,NA,NA,NA,Ldc,Ldc,Ldc,Matig natte zandleembodem met sterk gevlekte_ verbrokkelde textuur B horizont,L,d,c,Zandleemstreek,Eutric Gleyic Retisols (Loamic),Retisols,RT-gl.eu,Gleyic,Eutric,NA,Endogleyic,Loamic,NA,Eutric,Zuidelijke Vlaamse laagvlakte,-0.6605270395,-1.333745782,NA,-0.7791348354,-0.625906411,8,47,76,11,5,16,5797,20974,65,14092,63517
p6ae1af7_0_10,P6ae1af7,CMON_P6ae1af7,0-10,2023-04-18,INBO,77345,196715,20.25,18097,2,Natuur,0,Natuur,grassen_ pitrus,R3 (Seasonally wet and wet grasslands),Natuurgrasland,1,1,LT,0.01,NA,3.15,NA,0.277,4.8,1.16,36.54,3.65,3.21,0.32,11.37,37,43,4.59,9.19,86.22,Normaal,Zonnig / helder,Geen neerslag in de afgelopen 24 uur,Zdgd,Zdgd,Zdg,Matig natte zandbodem met duidelijke ijzer en/of humus B horizont,Z,d,g,Zandstreek,Gleyic Podzols (Arenic_ Ruptic),Podzols,PZ-gl,Gleyic,NA,NA,Endogleyic,Arenic,Ruptic,Dystric,West-Vlaams cuestaland,1.569243449,0.04983587807,NA,0.291699351,-0.1800976557,62,NA,NA,5,9,25,NA,NA,6760,76971,350912
p79c237d_0_10,P79c237d,CMON_P79c237d,0-10,2022-04-21,INBO,207805,190135,24.93,1454,2,Natuur,0,Natuur,gras_ pitrus_ boswilg_ braam_ lijsterbes_ pinksterbloem,R3 (Seasonally wet and wet grasslands),Natuurgrasland,1,1,LT,0.01,NA,10.59,NA,0.695,4.5,0.48,51.18,5.12,3.36,0.34,15.24,239.5,115,22.54,21.66,55.8,Waterverzadigd,Zonnig / helder,Geen neerslag in afgelopen week,Vm,Vm,V,Veenbodem,V,NA,NA,Kempen,Dystric Rheic Sapric Histosols,Histosols,HS-sa.rh.dy,Sapric,Rheic,Dystric,Reductigleyic,$,NA,Dystric,Heuvelland van Lummen,0.9541343484,0.4359516901,NA,3.092342608,3.019926266,19,92,61,7,17,29,38974,51230,1508,294311,356508
p59f52cc_0_10,P59f52cc,CMON_P59f52cc,0-10,2023-02-03,ILVO,40835,204205,2.44,2076,5,Residentieel,0,Tijdelijk grasland,gras,V1 (Arable land and market gardens),Tijdelijk grasland,1,1,LT,0.01,NA,3.52,NA,0.294,7.2,1.29,45.27,4.53,3.78,0.38,11.98,36.7,47.3,48.69,42.55,8.76,NA,NA,NA,OU2,OU2,OBV,Uitgeveende gronden,NA,NA,NA,Kunstmatige gronden,Calcaric Fluvic Gleyic Cambisols (Clayic_ Fluvic_ Relocatic_ Thaptohistic),Cambisols,CM-gl.fv.ca,Gleyic,Fluvic,Calcaric,Endogleyic,Clayic,Fluvic_ Relocatic_ Thaptohistic,Calcaric,Kustvlakte_ Oudland,-0.8143043146,-0.1753983456,-0.9001578746,-0.2437177422,1.274969043,14,NA,NA,4,4,6,NA,NA,669,207021,281434
p59f52cc_10_30,P59f52cc,CMON_P59f52cc,45960,2023-02-03,ILVO,40835,204205,2.44,2076,5,Residentieel,0,Tijdelijk grasland,gras,V1 (Arable land and market gardens),Tijdelijk grasland,1,1,LT,0.01,NA,3.24,NA,0.259,7.2,1.3,84.25,4.21,6.74,0.34,12.5,35.5,46.2,46.1,47.37,6.53,NA,NA,NA,OU2,OU2,OBV,Uitgeveende gronden,NA,NA,NA,Kunstmatige gronden,Calcaric Fluvic Gleyic Cambisols (Clayic_ Fluvic_ Relocatic_ Thaptohistic),Cambisols,CM-gl.fv.ca,Gleyic,Fluvic,Calcaric,Endogleyic,Clayic,Fluvic_ Relocatic_ Thaptohistic,Calcaric,Kustvlakte_ Oudland,-0.8143043146,-0.1753983456,-0.9001578746,-0.2437177422,1.274969043,12,NA,NA,2,7,12,NA,NA,11106,72174,74682
p5ab12cd_0_10,P5ab12cd,CMON_P5ab12cd,0-10,2023-03-22,ILVO,161165,203885,11.29,1251,4,Akkerland,0,Tijdelijk grasland,gras,V1 (Arable land and market gardens),Tijdelijk grasland,1,1,NA,0.04,NA,2.12,NA,0.165,6.7,1.31,27.32,2.73,2.17,0.22,12.59,32.7,42.8,11.52,39.28,49.2,NA,NA,NA,Lhc,Lhc,Lhc,Natte zandleembodem met sterk gevlekte_ verbrokkelde textuur B horizont,L,h,c,Zandstreek,Eutric Retic Stagnosols (Loamic),Stagnosols,ST-rt.eu,Retic,Eutric,NA,Stagnic,Loamic,NA,Eutric,Centrale Boomse cuesta,0.7234684358,-2.138153723,-0.6372966465,-0.3260896027,-0.101500577,5,50,137,2,9,18,16645,104981,47,42544,78237
p5ab12cd_10_30,P5ab12cd,CMON_P5ab12cd,45960,2023-03-22,ILVO,161165,203885,11.29,1251,4,Akkerland,0,Tijdelijk grasland,gras,V1 (Arable land and market gardens),Tijdelijk grasland,1,1,NA,0.03,NA,1.75,NA,0.141,6.9,1.4,48.26,2.41,3.96,0.2,12.19,27.5,38.5,16.95,41.57,41.48,NA,NA,NA,Lhc,Lhc,Lhc,Natte zandleembodem met sterk gevlekte_ verbrokkelde textuur B horizont,L,h,c,Zandstreek,Eutric Retic Stagnosols (Loamic),Stagnosols,ST-rt.eu,Retic,Eutric,NA,Stagnic,Loamic,NA,Eutric,Centrale Boomse cuesta,0.7234684358,-2.138153723,-0.6372966465,-0.3260896027,-0.101500577,14,NA,NA,2,6,11,NA,NA,997,18897,228730
p5ae68e8_0_10,P5ae68e8,CMON_P5ae68e8,0-10,2023-06-01,INBO,215755,203795,57.75,16787,2,Natuur,0,Natuur,Struikhei_ mos,S4 (Temperate shrub heathland),Heide,1,1,LT,0.01,NA,4.07,NA,0.113,3.2,1.09,44.43,4.44,1.23,0.12,36.01,8.8,9.5,1.85,2.91,95.24,Uitgedroogd,Zonnig / helder,Geen neerslag in afgelopen week,t-Zbg,t-Zbg,Zbg,Droge zandbodem met duidelijke ijzer en/of humus B horizont,Z,b,g,Kempen,Technosols/Not Surveyed,Technosols/Not Surveyed,TC,NA,NA,NA,NA,NA,NA,NA,Maasterrassen,-0.7374156771,2.141296527,-1.163019103,0.5800008627,0.8357951059,20,58,42,2,7,7,26315,9396,1330,1055490,1055490
p5ae68e8_10_30,P5ae68e8,CMON_P5ae68e8,45960,2023-06-01,INBO,215755,203795,57.75,16787,2,Natuur,0,Natuur,Struikhei_ mos,S4 (Temperate shrub heathland),Heide,1,1,LT,0.01,NA,2.47,NA,0.062,3.5,1.37,67.88,3.39,1.7,0.09,39.8,7,9.6,1.78,3.65,94.56,Uitgedroogd,Zonnig / helder,Geen neerslag in afgelopen week,t-Zbg,t-Zbg,Zbg,Droge zandbodem met duidelijke ijzer en/of humus B horizont,Z,b,g,Kempen,Technosols/Not Surveyed,Technosols/Not Surveyed,TC,NA,NA,NA,NA,NA,NA,NA,Maasterrassen,-0.7374156771,2.141296527,-1.163019103,0.5800008627,0.8357951059,1,NA,NA,0,1,1,NA,NA,6,80,80
p5999ab3_0_10,P5999ab3,CMON_P5999ab3,0-10,2022-11-08,ILVO,82825,204365,14.24,292,3,grasland,0,Blijvend grasland,gras,R2 (Mesic grasslands),Blijvend grasland,1,1,LT,0.01,NA,2.68,NA,0.232,4.6,1.38,37.04,3.7,3.21,0.32,11.54,19.7,27.2,6.15,22.65,71.2,Normaal,Bewolkt,Geen neerslag in de afgelopen 24 uur,Zch,Zch,Zch,Matig droge zandbodem met verbrokkelde ijzer en/of humus B horizont,Z,c,h,Zandstreek,Terric Anthrosols (Arenic_ Spodi-relocatic),Anthrosols,AT-tr,Terric,NA,NA,NA,Arenic,Spodi-relocatic,Eutric,West-Vlaams cuestaland,-0.2760838519,-0.04669307494,NA,-0.6143911144,0.05926617505,31,63,138,3,11,19,25655,66438,1154,361846,371805
p48d8ee8_0_10,P48d8ee8,CMON_P48d8ee8,0-10,2023-02-10,ILVO,181115,211785,13.6,739,4,Akkerland,1,Akker,geploegd,V1 (Arable land and market gardens),Akker,1,1,LT,0.01,NA,1.84,NA,0.143,4.4,1.42,26.21,2.62,2.04,0.2,12.85,17.6,25,4.64,6.99,88.37,NA,NA,NA,l-Sdm,l-Sdm,Sdm,Matig natte lemig zandbodem met dikke antropogene humus A horizont,S,d,m,Kempen,Plaggic Anthrosols (Loamic_ Ruptic),Anthrosols,AT-pa,Plaggic,NA,NA,Endogleyic,Loamic,Ruptic,Dystric,Depressie van de Netes,-0.1223065769,-0.722395746,NA,-0.7791348354,-0.1295709622,26,NA,NA,2,5,24,NA,NA,2450,417917,507570
p5d4a815_0_10,P5d4a815,CMON_P5d4a815,0-10,2023-01-19,ILVO,171885,202735,8.94,1507,4,Akkerland,0,Tijdelijk grasland,gras,V1 (Arable land and market gardens),Tijdelijk grasland,1,1,LT,0.01,NA,1.32,NA,0.112,4.8,1.39,18.38,1.84,1.56,0.16,11.78,17.5,24.4,14.76,21.67,63.57,NA,NA,NA,Zdfc,Zdfc,Zdf,Matig natte zandbodem met weinig duidelijke ijzer en/of humus B horizont,Z,d,f,Kempen,Gleyic Podzols (Arenic_ Ruptic),Podzols,PZ-gl,Gleyic,NA,NA,Endogleyic,Arenic,Ruptic,Dystric,Depressie van de Netes,-0.3529724895,-1.044158923,0.8084401079,-0.6555770447,-0.5256185799,55,NA,NA,6,8,14,NA,NA,9088,14475,31763
p5d4a815_10_30,P5d4a815,CMON_P5d4a815,45960,2023-01-19,ILVO,171885,202735,8.94,1507,4,Akkerland,0,Tijdelijk grasland,gras,V1 (Arable land and market gardens),Tijdelijk grasland,1,1,LT,0.01,NA,1.37,NA,0.116,4.8,1.48,40.58,2.03,3.44,0.17,11.8,15.8,23.4,10.23,36.34,53.43,NA,NA,NA,Zdfc,Zdfc,Zdf,Matig natte zandbodem met weinig duidelijke ijzer en/of humus B horizont,Z,d,f,Kempen,Gleyic Podzols (Arenic_ Ruptic),Podzols,PZ-gl,Gleyic,NA,NA,Endogleyic,Arenic,Ruptic,Dystric,Depressie van de Netes,-0.3529724895,-1.044158923,0.8084401079,-0.6555770447,-0.5256185799,36,NA,NA,3,5,11,NA,NA,2293,151134,637138
pa4dfeca_0_10,Pa4dfeca,CMON_Pa4dfeca,0-10,2022-04-15,ILVO,108335,171045,87.83,2977,4,Akkerland,0,Akker,Wintergraan en maïsstoppels,V1 (Arable land and market gardens),Akker,1,1,LT,0.01,NA,1.14,NA,0.125,5.6,1.47,16.74,1.67,1.84,0.18,9.1,21.4,31.5,21.15,67.82,11.03,Normaal,Zonnig / helder,Geen neerslag in de afgelopen 24 uur,Aba1,Aba1,Aba,Droge leembodem met textuur B horizont,A,b,a,Zandleemstreek,Nudiargic Luvisols (Siltic),Luvisols,LV-ng,Nudiargic,NA,NA,NA,Siltic,NA,Eutric,Schelde-Dender interfluvium,-0.6605270395,0.1141885134,NA,-0.9850644866,-0.8394965244,20,NA,NA,8,6,12,NA,NA,4040,260581,284005
pa5a8b0f_0_10,Pa5a8b0f,CMON_Pa5a8b0f,0-10,2023-01-17,ILVO,40945,170695,23.89,229,4,Akkerland,0,Akker,geploegd,V1 (Arable land and market gardens),Akker,1,1,LT,0.01,NA,1.29,NA,0.131,7.3,1.5,19.16,1.92,1.96,0.2,9.78,25.5,38.3,14.9,43.05,42.05,NA,NA,NA,Lhp(o),Lhp(o),Lhp,Natte zandleembodem zonder profiel,L,h,p,Zandleemstreek,Eutric Fluvic Oxygleyic Gleysols (Loamic_ Fluvic),Gleysols,GL-oy.fv.eu,Oxygleyic,Fluvic,Eutric,Stagnic,Loamic,Fluvic,Eutric,Polder-Leie interfluvium,-0.583638402,-1.172864193,NA,-1.108622277,-0.6506593871,24,108,82,2,6,15,172208,34748,1640,1331183,1469241
p425d356_0_10,P425d356,CMON_P425d356,0-10,2023-02-13,ILVO,183415,214655,15.1,275,4,Akkerland,0,Akker,geploegd,V1 (Arable land and market gardens),Akker,1,1,LT,0.01,NA,0.85,NA,0.08,4.8,1.31,11.15,1.12,1.05,0.11,10.62,15.7,20.6,6.69,9.14,84.17,NA,NA,NA,Zep,Zep,Zep,Natte zandbodem zonder profiel,Z,e,p,Kempen,Dystric Fluvic Gleyic Arenosols (Fluvic),Arenosols,AR-gl.fv.dy,Gleyic,Fluvic,Dystric,Endogleyic,Arenic,Fluvic,Dystric,Depressie van de Netes,-0.8911929521,1.079478044,NA,-0.3260896027,-1.139849647,16,62,97,2,6,14,18320,20419,560,32560,73260
pad276a6_0_10,Pad276a6,CMON_Pad276a6,0-10,2023-01-24,ILVO,224615,167385,89.73,2086,4,Akkerland,1,Laagstamboomgaard,gras,V2 (Cultivated areas of gardens and parks),Akker,1,1,NA,0.02,NA,3.08,NA,0.252,6.6,1.42,43.35,4.34,3.57,0.36,12.14,28.3,40.1,22.61,66.83,10.56,NA,NA,NA,Aba1,Aba1,Aba,Droge leembodem met textuur B horizont,A,b,a,Leemstreek,Nudiargic Luvisols (Siltic),Luvisols,LV-ng,Nudiargic,NA,NA,NA,Siltic,NA,Eutric,Plateau van Haspengouw,-1.044970227,0.4681280078,NA,-0.7791348354,0.1087721273,16,NA,NA,2,14,21,NA,NA,2962,168930,812281
p5e91b24_0_10,P5e91b24,CMON_P5e91b24,0-10,2022-11-21,ILVO,71475,202165,13.52,612,3,grasland,0,Blijvend grasland,gras,R2 (Mesic grasslands),Blijvend grasland,1,1,LT,0.01,NA,3.74,NA,0.349,4.7,1.19,44.51,4.45,4.15,0.42,10.73,31.9,38,9,19.83,71.17,Normaal,Bewolkt,Neerslag maar zonder hevige buien afgelopen 24 uur,wZdP,wZdP,ZdP,Matig natte zandbodem zonder profiel of met onbepaald profiel,Z,d,p+x,Zandstreek,Eutric Planosols (Arenic_ Ruptic),Planosols,PL-eu,Eutric,NA,NA,Stagnic,Arenic,Ruptic,Eutric,West-Vlaams cuestaland,1.953686636,0.08201219574,-0.2430048044,0.1681415602,0.3348663214,20,27,69,3,23,50,1062,7743,1655,744970,976212
p5e91b24_10_30,P5e91b24,CMON_P5e91b24,45960,2022-11-21,ILVO,71475,202165,13.52,612,3,grasland,0,Blijvend grasland,gras,R2 (Mesic grasslands),Blijvend grasland,1,1,LT,0.01,NA,1.64,NA,0.115,4.7,1.47,48.17,2.41,3.38,0.17,14.25,16.9,24.8,9.02,20.35,70.63,Normaal,Bewolkt,Neerslag maar zonder hevige buien afgelopen 24 uur,wZdP,wZdP,ZdP,Matig natte zandbodem zonder profiel of met onbepaald profiel,Z,d,p+x,Zandstreek,Eutric Planosols (Arenic_ Ruptic),Planosols,PL-eu,Eutric,NA,NA,Stagnic,Arenic,Ruptic,Eutric,West-Vlaams cuestaland,1.953686636,0.08201219574,-0.2430048044,0.1681415602,0.3348663214,8,NA,NA,2,7,10,NA,NA,1124,73822,75108
p5ff1ccb_0_10,P5ff1ccb,CMON_P5ff1ccb,0-10,2022-03-08,ILVO,43945,201555,3.64,28,4,Akkerland,0,Akker,geploegd,V1 (Arable land and market gardens),Akker,1,1,NA,0.88,NA,2.58,NA,0.21,7.5,1.35,22.89,2.29,2.83,0.28,8.09,30.9,41.7,48.07,41.45,10.48,Normaal,Zonnig / helder,Geen neerslag in de afgelopen 24 uur,m.E1,Udp,Udp,Dekkleigronden (Middellandpolders),U,d,p,Middellandpolders,Calcaric Fluvic Gleyic Cambisols (Loamic/Clayic_ Fluvic_ Ruptic),Cambisols,CM-gl.fv.ca,Gleyic,Fluvic,Calcaric,Endogleyic,Loamic/Clayic,Fluvic_ Ruptic,Calcaric,Kustvlakte_ Middelland,-0.8143043146,-1.011982605,-0.6372966465,-0.4908333237,-0.5197493176,10,28,12,2,3,6,3232,225,355,3,8
p5ff1ccb_10_30,P5ff1ccb,CMON_P5ff1ccb,45960,2022-03-08,ILVO,43945,201555,3.64,28,4,Akkerland,0,Akker,geploegd,V1 (Arable land and market gardens),Akker,1,1,NA,0.96,NA,2.29,NA,0.172,7.3,1.36,36.3,1.82,4.69,0.23,7.74,32.5,44.2,43.5,45.82,10.68,Normaal,Zonnig / helder,Geen neerslag in de afgelopen 24 uur,m.E1,Udp,Udp,Dekkleigronden (Middellandpolders),U,d,p,Middellandpolders,Calcaric Fluvic Gleyic Cambisols (Loamic/Clayic_ Fluvic_ Ruptic),Cambisols,CM-gl.fv.ca,Gleyic,Fluvic,Calcaric,Endogleyic,Loamic/Clayic,Fluvic_ Ruptic,Calcaric,Kustvlakte_ Middelland,-0.8143043146,-1.011982605,-0.6372966465,-0.4908333237,-0.5197493176,19,NA,NA,4,3,5,NA,NA,1039,1252,1254
p5e6e380_0_10,P5e6e380,CMON_P5e6e380,0-10,2022-03-23,ILVO,39595,202225,2.93,1052,4,Akkerland,0,Akker,Wintertarwe,V1 (Arable land and market gardens),Akker,1,1,NA,1.68,NA,3.55,NA,0.228,7.4,1.2,22.46,2.25,2.74,0.27,8.2,27.7,33.3,16.22,70.3,13.48,Normaal,Zonnig / helder,Geen neerslag in de afgelopen 24 uur,OG2,Uep,Uep,Uitgebrikte gronden,U,e,p,Kunstmatige gronden,Calcaric Fluvic Gleyic Cambisols (Loamic_ Fluvic_ Ruptic),Cambisols,CM-gl.fv.ca,Gleyic,Fluvic,Calcaric,Endogleyic,Loamic,Fluvic_ Ruptic,Calcaric,Kustvlakte_ Oudland,-1.27563614,0.7255385491,NA,0.12695563,-0.4049159233,19,137,139,2,4,10,134891,116768,1911,16407,115992
pc4fa56c_0_10,Pc4fa56c,CMON_Pc4fa56c,0-10,2022-04-29,ILVO,128115,156835,51.26,193,3,grasland,0,Blijvend grasland,gras,R2 (Mesic grasslands),Blijvend grasland,1,0,LT,0.01,NA,2.87,NA,0.272,5.4,1.18,33.84,3.38,3.21,0.32,10.54,18.1,21.3,17.93,72.13,9.94,Normaal,Gedeeltelijk bewolkt,Geen neerslag in afgelopen week,Aba1,Aba1,Aba,Droge leembodem met textuur B horizont,A,b,a,Leemstreek,Nudiargic Luvisols (Siltic),Luvisols,LV-ng,Nudiargic,NA,NA,NA,Siltic,NA,Eutric,Dender-Zenne interfluvium,0.8772457109,-0.625866793,NA,0.2093274905,-0.3875633214,64,NA,NA,4,18,36,NA,NA,9389,117335,437279
p601d5eb_0_10,P601d5eb,CMON_P601d5eb,0-10,2022-11-30,ILVO,170425,201485,4.96,2275,3,grasland,0,Blijvend grasland,gras,R2 (Mesic grasslands),Blijvend grasland,1,1,LT,0.01,NA,3.2,NA,0.293,4.5,1.36,43.41,4.34,3.97,0.4,10.93,31.3,42.6,17.66,25.09,57.25,Normaal,Mist,Hevige neerslag afgelopen week of regenstorm in afgelopen 24 uur,Efp,Efp,Efp,Zeer sterk gleyige kleibodem zonder profiel,E,f,p,Zandstreek,Fluvic Gleyic Phaeozems (Loamic_ Fluvic),Phaeozems,PH-gl.fv,Gleyic,Fluvic,NA,Amphigleyic,Loamic,Fluvic,Eutric,Oostelijke Boomse cuesta,0.3390252482,0.6611859138,0.0198564237,-0.5320192539,0.2065081051,6,NA,NA,1,14,28,NA,NA,2303,1093850,1156015
p601d5eb_10_30,P601d5eb,CMON_P601d5eb,45960,2022-11-30,ILVO,170425,201485,4.96,2275,3,grasland,0,Blijvend grasland,gras,R2 (Mesic grasslands),Blijvend grasland,1,1,LT,0.01,NA,2.07,NA,0.207,4.3,1.07,44.24,2.21,4.42,0.22,10.01,38.8,41.5,18.22,32.89,48.89,Normaal,Mist,Hevige neerslag afgelopen week of regenstorm in afgelopen 24 uur,Efp,Efp,Efp,Zeer sterk gleyige kleibodem zonder profiel,E,f,p,Zandstreek,Fluvic Gleyic Phaeozems (Loamic_ Fluvic),Phaeozems,PH-gl.fv,Gleyic,Fluvic,NA,Amphigleyic,Loamic,Fluvic,Eutric,Oostelijke Boomse cuesta,0.3390252482,0.6611859138,0.0198564237,-0.5320192539,0.2065081051,95,NA,NA,9,7,22,NA,NA,46155,245503,345396
p6053e64_0_10,P6053e64,CMON_P6053e64,0-10,2023-04-11,ILVO,35155,201385,2.61,2396,4,Akkerland,0,Akker,geploegd,V1 (Arable land and market gardens),Akker,1,1,NA,0.62,NA,2.97,NA,0.282,7.1,1.22,28.73,2.87,3.45,0.35,8.33,38.6,47.1,24.11,69.62,6.27,NA,NA,NA,OU2,OU2,OBV,Uitgeveende gronden,NA,NA,NA,Kunstmatige gronden,Calcaric Fluvic Gleyic Cambisols (Clayic_ Fluvic_ Relocatic_ Thaptohistic),Cambisols,CM-gl.fv.ca,Gleyic,Fluvic,Calcaric,Endogleyic,Clayic,Fluvic_ Relocatic_ Thaptohistic,Calcaric,Kustvlakte_ Oudland,-1.198747502,1.176006997,-0.1115741903,0.04458376949,-0.1895395126,5,NA,NA,1,3,4,NA,NA,58,69251,69252
p6053e64_10_30,P6053e64,CMON_P6053e64,45960,2023-04-11,ILVO,35155,201385,2.61,2396,4,Akkerland,0,Akker,geploegd,V1 (Arable land and market gardens),Akker,1,1,NA,0.86,NA,2.43,NA,0.203,7.2,1.38,43.4,2.17,5.61,0.28,7.74,32.4,44.8,39.33,55.89,4.78,NA,NA,NA,OU2,OU2,OBV,Uitgeveende gronden,NA,NA,NA,Kunstmatige gronden,Calcaric Fluvic Gleyic Cambisols (Clayic_ Fluvic_ Relocatic_ Thaptohistic),Cambisols,CM-gl.fv.ca,Gleyic,Fluvic,Calcaric,Endogleyic,Clayic,Fluvic_ Relocatic_ Thaptohistic,Calcaric,Kustvlakte_ Oudland,-1.198747502,1.176006997,-0.1115741903,0.04458376949,-0.1895395126,4,NA,NA,0,3,4,NA,NA,18,3,4
p606caf7_0_10_1,P606caf7,CMON_P606caf7,0-10,2023-01-31,ILVO,102865,201345,6.75,2164,4,Akkerland,0,Akker,geploegd,V1 (Arable land and market gardens),Akker,1,1,LT,0.01,NA,1.3,NA,0.117,5.3,1.43,18.58,1.86,1.67,0.17,11.13,27.9,40,7.43,13.98,78.59,NA,NA,NA,Zcb,Zcb,Zcb,Matig droge zandbodem met structuur B horizont,Z,c,b,Zandstreek,Eutric Brunic Arenosols,Arenosols,AR-br.eu,Brunic,Eutric,NA,NA,Arenic,NA,Eutric,Centrale Vlaamse laagvlakte,1.261688898,-3.071266936,1.334162564,-0.8203207656,-0.2308795346,NA,NA,NA,NA,3,15,NA,NA,NA,18525,348878
p606caf7_0_10_2,P606caf7,CMON_P606caf7,0-10,2023-01-31,ILVO,102865,201345,6.75,2164,4,Akkerland,0,Akker,geploegd,V1 (Arable land and market gardens),Akker,1,1,LT,0.01,NA,1.3,NA,0.117,5.3,1.43,18.58,1.86,1.67,0.17,11.13,27.9,40,7.43,13.98,78.59,NA,NA,NA,Zcb,Zcb,Zcb,Matig droge zandbodem met structuur B horizont,Z,c,b,Zandstreek,Eutric Brunic Arenosols,Arenosols,AR-br.eu,Brunic,Eutric,NA,NA,Arenic,NA,Eutric,Centrale Vlaamse laagvlakte,1.261688898,-3.071266936,1.334162564,-0.8203207656,-0.2308795346,22,NA,NA,1,NA,NA,NA,NA,1833,NA,NA
p606caf7_10_30,P606caf7,CMON_P606caf7,45960,2023-01-31,ILVO,102865,201345,6.75,2164,4,Akkerland,0,Akker,geploegd,V1 (Arable land and market gardens),Akker,1,1,LT,0.01,NA,1.12,NA,0.101,5.4,1.49,33.35,1.67,3.01,0.15,11.08,23.8,35.5,6.35,12.32,81.33,NA,NA,NA,Zcb,Zcb,Zcb,Matig droge zandbodem met structuur B horizont,Z,c,b,Zandstreek,Eutric Brunic Arenosols,Arenosols,AR-br.eu,Brunic,Eutric,NA,NA,Arenic,NA,Eutric,Centrale Vlaamse laagvlakte,1.261688898,-3.071266936,1.334162564,-0.8203207656,-0.2308795346,1,NA,NA,1,10,31,NA,NA,5,551323,2669002
p60ac1ce_0_10,P60ac1ce,CMON_P60ac1ce,0-10,2022-03-21,ILVO,95175,201235,8.2,2596,4,Akkerland,0,Akker,braak_ snijrogge mislukt,V1 (Arable land and market gardens),Akker,1,1,LT,0.01,NA,1.24,NA,0.119,5.3,1.56,19.41,1.94,1.86,0.19,10.44,18.7,29.2,15.31,40.81,43.88,Normaal,Zonnig / helder,Geen neerslag in de afgelopen 24 uur,Pdc,Pdc,Pdc,Matig natte licht zandleembodem met sterk gevlekte_ verbrokkelde textuur B horizont,P,d,c,Zandstreek,Eutric Gleyic Retisols (Loamic),Retisols,RT-gl.eu,Gleyic,Eutric,NA,Endogleyic,Loamic,NA,Eutric,Centrale Vlaamse laagvlakte,-0.8143043146,0.5968332785,-0.6372966465,-1.355737859,-0.5901804661,47,NA,NA,2,10,28,NA,NA,8906,710974,1208187
p60ac1ce_10_30,P60ac1ce,CMON_P60ac1ce,45960,2022-03-21,ILVO,95175,201235,8.2,2596,4,Akkerland,0,Akker,braak_ snijrogge mislukt,V1 (Arable land and market gardens),Akker,1,1,LT,0.01,NA,1.15,NA,0.11,5.3,1.61,37.02,1.85,3.54,0.18,10.46,19.9,32,17.04,45.45,37.51,Normaal,Zonnig / helder,Geen neerslag in de afgelopen 24 uur,Pdc,Pdc,Pdc,Matig natte licht zandleembodem met sterk gevlekte_ verbrokkelde textuur B horizont,P,d,c,Zandstreek,Eutric Gleyic Retisols (Loamic),Retisols,RT-gl.eu,Gleyic,Eutric,NA,Endogleyic,Loamic,NA,Eutric,Centrale Vlaamse laagvlakte,-0.8143043146,0.5968332785,-0.6372966465,-1.355737859,-0.5901804661,19,NA,NA,2,4,8,NA,NA,1091,201599,205033
p6c5f1e9_0_10,P6c5f1e9,CMON_P6c5f1e9,0-10,2023-02-06,ILVO,66805,196055,17.76,2225,4,Akkerland,0,Akker,geploegd,V1 (Arable land and market gardens),Akker,1,1,LT,0.01,NA,1.86,NA,0.15,5.1,1.33,24.81,2.48,2,0.2,12.41,27.5,36.6,9.11,15.21,75.68,NA,NA,NA,Zdh,Zdh,Zdh,Matig natte zandbodem met verbrokkelde ijzer en/of humus B horizont,Z,d,h,Zandstreek,Terric Anthrosols (Arenic_ Spodi-relocatic),Anthrosols,AT-tr,Terric,NA,NA,Endogleyic,Arenic,Spodi-relocatic,Eutric,West-Vlaams cuestaland,-0.583638402,-0.7545720637,NA,-0.4084614632,1.295639054,5,NA,NA,2,2,4,NA,NA,736,26022,26024
p9bd8713_10_30,P9bd8713,CMON_P9bd8713,45960,2023-02-20,ILVO,182025,175045,84.88,3438,4,Akkerland,0,Akker,geploegd,V1 (Arable land and market gardens),Akker,1,1,LT,0.01,NA,0.66,NA,0.066,6.3,1.56,20.53,1.03,2.05,0.1,10.01,21.3,33.2,17.8,56.86,25.34,NA,NA,NA,Lca0,Lca0,Lca,Matig droge zandleembodem met textuur B horizont,L,c,a,Zandleemstreek,Haplic Luvisols (Loamic),Luvisols,LV-ha,Haplic,NA,NA,NA,Loamic,NA,Eutric,Hagelands heuvelland,-0.8911929521,-0.432808887,NA,-1.438109719,-1.087026285,8,NA,NA,3,3,10,NA,NA,1014,107380,220294
p945d8ce_0_10,P945d8ce,CMON_P945d8ce,0-10,2022-03-22,INBO,155335,178355,25.17,19982,8,Niet-geklasseerd,0,Ruimtebeslag bermen,gras_ fruitbomen,T4 (Lines of trees_ small anthropogenic forests_ recently felled forest_ early-stage forest and coppice),Residentieel grasland,1,1,NA,0.05,NA,1.93,NA,0.149,6.8,1.59,29.92,2.99,2.37,0.24,12.62,12.9,20.5,11.49,27.77,60.74,Normaal,Zonnig / helder,Geen neerslag in de afgelopen 24 uur,Pdc(o),Pdc(o),Pdc,Matig natte licht zandleembodem met sterk gevlekte_ verbrokkelde textuur B horizont,P,d,c,Zandleemstreek,Eutric Gleyic Retisols (Loamic),Retisols,RT-gl.eu,Gleyic,Eutric,NA,Endogleyic,Loamic,NA,Eutric,Brabants plateau,NA,NA,NA,-1.47929565,-0.4105300003,16,NA,NA,2,17,49,NA,NA,3701,470806,829849
p6149054_0_10,P6149054,CMON_P6149054,0-10,2022-02-03,ILVO,126355,200965,6.32,436,4,Akkerland,0,Akker,tijdelijk grasland,V1 (Arable land and market gardens),Tijdelijk grasland,1,1,LT,0.01,NA,1.15,NA,0.089,5.3,1.35,15.58,1.56,1.21,0.12,12.88,18.5,25,5.59,12.48,81.93,Normaal,Bewolkt,Neerslag maar zonder hevige buien afgelopen 24 uur,Zcm(g),Zcm(g),Zcm,Matig droge zandbodem met dikke antropogene humus A horizont,Z,c,m,Zandstreek,Terric Anthrosols (Arenic),Anthrosols,AT-tr,Terric,NA,NA,NA,Arenic,NA,Eutric,Westelijke Boomse cuesta,-0.8911929521,1.047301726,0.6770094939,-0.4908333237,-0.6932753356,15,90,139,2,5,5,79600,63802,1564,6111,6111
p6149054_10_30,P6149054,CMON_P6149054,45960,2022-02-03,ILVO,126355,200965,6.32,436,4,Akkerland,0,Akker,tijdelijk grasland,V1 (Arable land and market gardens),Tijdelijk grasland,1,1,LT,0.01,NA,1.17,NA,0.088,4.5,1.57,36.81,1.84,2.77,0.14,13.29,20,31.4,5.52,12.36,82.12,Normaal,Bewolkt,Neerslag maar zonder hevige buien afgelopen 24 uur,Zcm(g),Zcm(g),Zcm,Matig droge zandbodem met dikke antropogene humus A horizont,Z,c,m,Zandstreek,Terric Anthrosols (Arenic),Anthrosols,AT-tr,Terric,NA,NA,NA,Arenic,NA,Eutric,Westelijke Boomse cuesta,-0.8911929521,1.047301726,0.6770094939,-0.4908333237,-0.6932753356,12,NA,NA,0,0,5,NA,NA,447,0,396439
p5965fee_0_10,P5965fee,CMON_P5965fee,0-10,2022-11-24,ILVO,98215,204455,6.87,548,3,grasland,0,Blijvend grasland,gras,R2 (Mesic grasslands),Blijvend grasland,1,1,LT,0.01,NA,3.79,NA,0.367,5.1,1.24,47.18,4.72,4.57,0.46,10.32,31.8,39.4,12.01,33.53,54.46,Normaal,Zonnig / helder,Neerslag maar zonder hevige buien afgelopen 24 uur,Lep,Lep,Lep,Natte zandleembodem zonder profiel,L,e,p,Zandstreek,Eutric Fluvic Gleyic Cambisols (Loamic_ Fluvic),Cambisols,CM-gl.fv.eu,Gleyic,Fluvic,Eutric,Endogleyic,Loamic,Fluvic,Eutric,Centrale Vlaamse laagvlakte,-0.2760838519,-0.6902194283,NA,-0.037788091,0.5926034953,45,86,151,4,11,26,88212,115694,8929,3004760,3016809
pa4dfbbe_0_10,Pa4dfbbe,CMON_Pa4dfbbe,0-10,2022-11-17,ILVO,100535,171045,59.85,929,3,grasland,0,Blijvend grasland,gras,R2 (Mesic grasslands),Blijvend grasland,1,1,LT,0.01,NA,3.26,NA,0.324,5,1.25,40.86,4.09,4.06,0.41,10.06,34.6,43.3,19.45,70.82,9.73,Normaal,Bewolkt,Neerslag maar zonder hevige buien afgelopen 24 uur,Aca1,Aca1,Aca,Matig droge leembodem met textuur B horizont,A,c,a,Zandleemstreek,Nudiargic Luvisols (Siltic),Luvisols,LV-ng,Nudiargic,NA,NA,NA,Siltic,NA,Eutric,Schelde-Dender interfluvium,-0.2760838519,0.1463648311,NA,-0.07897402124,-0.2150580447,26,137,34,3,18,42,146680,1490,978,2865672,2911916
p61f57b5_0_10,P61f57b5,CMON_P61f57b5,0-10,2022-03-21,ILVO,83965,200665,11.08,2340,4,Akkerland,0,Akker,wintergraan,V1 (Arable land and market gardens),Akker,1,1,LT,0.01,NA,1.48,NA,0.128,5,1.45,21.49,2.15,1.86,0.19,11.55,16.3,23.6,9.24,24.52,66.24,Normaal,Zonnig / helder,Geen neerslag in de afgelopen 24 uur,SdPy,SdPy,SdP,Matig natte lemig zandbodem zonder profiel of met onbepaald profiel,S,d,p+x,Zandstreek,Eutric Gleyic Cambisols (Loamic),Cambisols,CM-gl.eu,Gleyic,Eutric,NA,Endogleyic,Loamic,NA,Eutric,West-Vlaams cuestaland,-1.044970227,1.208183314,-0.6372966465,-0.9026926261,-0.3977707343,44,NA,NA,3,11,29,NA,NA,12867,120446,342848
p61f57b5_10_30,P61f57b5,CMON_P61f57b5,45960,2022-03-21,ILVO,83965,200665,11.08,2340,4,Akkerland,0,Akker,wintergraan,V1 (Arable land and market gardens),Akker,1,1,LT,0.01,NA,1.4,NA,0.118,4.8,1.52,42.48,2.12,3.58,0.18,11.87,17.8,27.1,10.45,25.21,64.34,Normaal,Zonnig / helder,Geen neerslag in de afgelopen 24 uur,SdPy,SdPy,SdP,Matig natte lemig zandbodem zonder profiel of met onbepaald profiel,S,d,p+x,Zandstreek,Eutric Gleyic Cambisols (Loamic),Cambisols,CM-gl.eu,Gleyic,Eutric,NA,Endogleyic,Loamic,NA,Eutric,West-Vlaams cuestaland,-1.044970227,1.208183314,-0.6372966465,-0.9026926261,-0.3977707343,23,NA,NA,3,4,14,NA,NA,4093,312833,541727
p21900de_0_10,P21900de,CMON_P21900de,0-10,2022-02-28,ILVO,185735,229175,24.84,3283,4,Akkerland,0,Akker,gras ingezaaid met maïsstoppels,V1 (Arable land and market gardens),Tijdelijk grasland,1,1,LT,0.01,NA,1.38,NA,0.097,4.3,1.37,18.84,1.88,1.32,0.13,14.23,19.5,26.7,10.15,31.06,58.79,Normaal,Zonnig / helder,Geen neerslag in de afgelopen 24 uur,Sdg,Sdg,Sdg,Matig natte lemig zandbodem met duidelijke ijzer en/of humus B horizont,S,d,g,Kempen,Gleyic Podzols (Loamic),Podzols,PZ-gl,Gleyic,NA,NA,Endogleyic,Loamic,NA,Dystric,Kempische cuesta,-0.2760838519,0.1785411487,NA,-0.5732051842,-0.6493834605,50,109,153,6,7,25,109984,141300,8872,981860,1033381
pb3e27ce_10_30,Pb3e27ce,CMON_Pb3e27ce,45960,2022-02-09,ILVO,211415,164405,86.59,1774,4,Akkerland,0,Akker,Braak,V1 (Arable land and market gardens),Akker,1,1,NA,0.02,NA,1.31,NA,0.127,6.8,1.41,36.37,1.82,3.58,0.18,10.16,26.8,37.7,22.31,69.14,8.55,Normaal,Zonnig / helder,Geen neerslag in de afgelopen 24 uur,Aba0,Aba0,Aba,Droge leembodem met textuur B horizont,A,b,a,Leemstreek,Haplic Luvisols (Siltic),Luvisols,LV-ha,Haplic,NA,NA,NA,Siltic,NA,Eutric,Plateau van Haspengouw,-0.2760838519,-1.301569464,NA,-0.9026926261,-0.671329398,38,NA,NA,3,2,8,NA,NA,54532,147,171949
pc2a10cb_0_10,Pc2a10cb,CMON_Pc2a10cb,0-10,2022-02-28,ILVO,134825,157875,66.57,2913,4,Akkerland,0,Akker,wintergraan,V1 (Arable land and market gardens),Akker,1,1,LT,0.01,NA,0.98,NA,0.104,6.1,1.48,14.53,1.45,1.54,0.15,9.44,27.7,41,18.12,72.6,9.28,Normaal,Zonnig / helder,Geen neerslag in de afgelopen 24 uur,Acp(c),Acp(c),Acp,Matig droge leembodem zonder profiel,A,c,p,Leemstreek,Haplic Luvisols (Siltic_ Colluvic),Luvisols,LV-ha,Haplic,NA,NA,NA,Siltic,Colluvic,Eutric,Dender-Zenne interfluvium,-0.429861127,-1.108511558,NA,-1.026250417,-0.9459088031,13,NA,NA,1,5,11,NA,NA,2019,265949,341992
p641554d_0_10,P641554d,CMON_P641554d,0-10,2022-11-08,ILVO,93325,199725,7.75,1572,3,grasland,0,Blijvend grasland,gras,R2 (Mesic grasslands),Blijvend grasland,1,1,LT,0.01,NA,5.14,NA,0.522,5.7,1.04,53.48,5.35,5.43,0.54,9.85,39.6,41.2,8.11,15.86,76.03,Normaal,Gedeeltelijk bewolkt,Geen neerslag in de afgelopen 24 uur,Sep,Sep,Sep,Natte lemig zandbodem zonder profiel,S,e,p,Zandstreek,Eutric Gleyic Cambisols (Loamic),Cambisols,CM-gl.eu,Gleyic,Eutric,NA,Endogleyic,Loamic,NA,Eutric,Centrale Vlaamse laagvlakte,-0.3529724895,0.8542438198,-0.6372966465,0.7859305139,0.7811854472,25,NA,NA,2,15,28,NA,NA,3353,1111259,1171280
p641554d_10_30,P641554d,CMON_P641554d,45960,2022-11-08,ILVO,93325,199725,7.75,1572,3,grasland,0,Blijvend grasland,gras,R2 (Mesic grasslands),Blijvend grasland,1,1,LT,0.01,NA,1.82,NA,0.178,6,1.56,56.69,2.83,5.54,0.28,10.23,16.6,26,8.54,15.38,76.08,Normaal,Gedeeltelijk bewolkt,Geen neerslag in de afgelopen 24 uur,Sep,Sep,Sep,Natte lemig zandbodem zonder profiel,S,e,p,Zandstreek,Eutric Gleyic Cambisols (Loamic),Cambisols,CM-gl.eu,Gleyic,Eutric,NA,Endogleyic,Loamic,NA,Eutric,Centrale Vlaamse laagvlakte,-0.3529724895,0.8542438198,-0.6372966465,0.7859305139,0.7811854472,14,NA,NA,1,2,15,NA,NA,632,57350,135930
p658fc91_0_10,P658fc91,CMON_P658fc91,0-10,2023-02-24,ILVO,197605,199075,19.09,2067,4,Akkerland,1,Akker,geploegd,V1 (Arable land and market gardens),Akker,1,1,LT,0.01,NA,3.24,NA,0.244,5.2,1.18,38.11,3.81,2.87,0.29,13.28,45.1,53.2,15.55,55.69,28.76,NA,NA,NA,Lecz,Lecz,Lec,Natte zandleembodem met sterk gevlekte_ verbrokkelde textuur B horizont,L,e,c,Kempen,Eutric Gleyic Retisols (Loamic_ Ruptic),Retisols,RT-gl.eu,Gleyic,Eutric,NA,Endogleyic,Loamic,Ruptic,Eutric,Heuvelland van Lummen,-0.583638402,0.6611859138,-0.2430048044,0.2093274905,0.9809955533,21,NA,NA,3,3,17,NA,NA,3332,9782,342677
p658fc91_10_30,P658fc91,CMON_P658fc91,45960,2023-02-24,ILVO,197605,199075,19.09,2067,4,Akkerland,1,Akker,geploegd,V1 (Arable land and market gardens),Akker,1,1,LT,0.01,NA,3.31,NA,0.251,5.2,1.21,79.89,3.99,6.06,0.3,13.18,38.1,46.1,16.03,55.53,28.44,NA,NA,NA,Lecz,Lecz,Lec,Natte zandleembodem met sterk gevlekte_ verbrokkelde textuur B horizont,L,e,c,Kempen,Eutric Gleyic Retisols (Loamic_ Ruptic),Retisols,RT-gl.eu,Gleyic,Eutric,NA,Endogleyic,Loamic,Ruptic,Eutric,Heuvelland van Lummen,-0.583638402,0.6611859138,-0.2430048044,0.2093274905,0.9809955533,14,NA,NA,4,5,8,NA,NA,447,1803,67702
p65b2767_0_10,P65b2767,CMON_P65b2767,0-10,2023-02-03,ILVO,196705,199015,18.75,19,4,Akkerland,1,Tijdelijk grasland,gras,V1 (Arable land and market gardens),Tijdelijk grasland,1,1,LT,0.01,NA,2.96,NA,0.237,4.8,1.3,38.57,3.86,3.09,0.31,12.48,40,52,18.08,25.88,56.04,NA,NA,NA,Lec,Lec,Lec,Natte zandleembodem met sterk gevlekte_ verbrokkelde textuur B horizont,L,e,c,Kempen,Eutric Gleyic Retisols (Loamic),Retisols,RT-gl.eu,Gleyic,Eutric,NA,Endogleyic,Loamic,NA,Eutric,Heuvelland van Lummen,0.3390252482,0.7577148668,1.85988502,-0.2849036725,0.9271514507,6,93,42,1,5,16,69175,5097,180,7127,57514
p65b2767_10_30,P65b2767,CMON_P65b2767,45960,2023-02-03,ILVO,196705,199015,18.75,19,4,Akkerland,1,Tijdelijk grasland,gras,V1 (Arable land and market gardens),Tijdelijk grasland,1,1,LT,0.01,NA,2.96,NA,0.238,4.8,1.31,77.32,3.87,6.22,0.31,12.43,36.9,48.3,18.58,27.78,53.64,NA,NA,NA,Lec,Lec,Lec,Natte zandleembodem met sterk gevlekte_ verbrokkelde textuur B horizont,L,e,c,Kempen,Eutric Gleyic Retisols (Loamic),Retisols,RT-gl.eu,Gleyic,Eutric,NA,Endogleyic,Loamic,NA,Eutric,Heuvelland van Lummen,0.3390252482,0.7577148668,1.85988502,-0.2849036725,0.9271514507,15,NA,NA,8,4,20,NA,NA,646,126,305337
p6171af1_10_30,P6171af1,CMON_P6171af1,45960,2022-11-22,ILVO,133765,200895,17.11,2996,4,Akkerland,0,Akker,gras,V1 (Arable land and market gardens),Tijdelijk grasland,1,1,LT,0.01,NA,1.25,NA,0.12,5.6,1.5,37.45,1.87,3.59,0.18,10.43,23.2,34.8,11.55,40.66,47.79,Normaal,Bewolkt,Neerslag maar zonder hevige buien afgelopen 24 uur,Pcc,Pcc,Pcc,Matig droge licht zandleembodem met sterk gevlekte_ verbrokkelde textuur B horizont,P,c,c,Zandstreek,Dystric Retisols (Loamic),Retisols,RT-dy,Dystric,NA,NA,NA,Loamic,NA,Dystric,Westelijke Boomse cuesta,-0.583638402,-1.49462737,NA,-1.149808208,-0.6144230715,17,NA,NA,1,4,14,NA,NA,2119,9369,167353
p9648a7c_10_30,P9648a7c,CMON_P9648a7c,45960,2023-02-23,INBO,136195,177505,36.87,4193,2,Natuur,1,Natuur,grassen_ watermunt,R3 (Seasonally wet and wet grasslands),Natuurgrasland,1,1,LT,0.01,NA,1.44,NA,0.149,6.1,1.2,34.43,1.72,3.56,0.18,9.66,39.4,47.3,18.97,69.12,11.91,Waterverzadigd,Bewolkt,Hevige neerslag afgelopen week of regenstorm in afgelopen 24 uur,Adp,Adp,Adp,Matig natte leembodem zonder profiel,A,d,p,Zandleemstreek,Eutric Gleyic Cambisols (Siltic_ Colluvic),Cambisols,CM-gl.eu,Gleyic,Eutric,NA,Endogleyic,Siltic,Colluvic,Eutric,Dender-Zenne interfluvium,0.6465797983,1.369064903,NA,2.103880282,-0.2283276813,8,NA,NA,2,3,7,NA,NA,167,355491,357263
p7bcaf48_10_30,P7bcaf48,CMON_P7bcaf48,45960,2023-03-21,INBO,217995,189235,39.83,42670,2,Natuur,0,Natuur,grassen_ kruiden,R3 (Seasonally wet and wet grasslands),Natuurgrasland,1,1,LT,0.01,NA,1.32,NA,0.085,4.2,1.22,32.28,1.61,2.08,0.1,15.53,27.6,33.7,3.85,5.68,90.47,Normaal,Buien (wisselvallig),Hevige neerslag afgelopen week of regenstorm in afgelopen 24 uur,Zdg,Zdg,Zdg,Matig natte zandbodem met duidelijke ijzer en/of humus B horizont,Z,d,g,Kempen,Gleyic Podzols (Arenic),Podzols,PZ-gl,Gleyic,NA,NA,Endogleyic,Arenic,NA,Dystric,Heuvelland van Lummen,NA,NA,NA,0.12695563,-0.2206721217,18,NA,NA,3,5,11,NA,NA,1850,395380,567073
p21cfc59_10_30,P21cfc59,CMON_P21cfc59,45960,2022-05-25,INBO,189925,229065,28.95,1235,2,Natuur,0,Natuur,Pijpenstrootje_ struikheide_ berk,R3 (Seasonally wet and wet grasslands),Heide,1,1,LT,0.01,NA,3.12,NA,0.141,3.6,1.19,74.33,3.72,3.36,0.17,22.13,36.6,43.6,4.96,11.3,83.74,Normaal,Bewolkt,Geen neerslag in de afgelopen 24 uur,Zeg,Zeg,Zeg,Natte zandbodem met duidelijke ijzer en/of humus B horizont,Z,e,g,Kempen,Gleyic Podzols (Arenic),Podzols,PZ-gl,Gleyic,NA,NA,Endogleyic,Arenic,NA,Dystric,Kempische cuesta,0.6465797983,2.012591256,NA,-0.202531812,0.5688712604,6,NA,NA,1,5,6,NA,NA,606,180,181
p6761bc1_0_10,P6761bc1,CMON_P6761bc1,0-10,2022-11-16,INBO,95605,198265,7.31,12529,2,Natuur,0,Natuur,gras_ klaver_ jacobskruiskruid,R2 (Mesic grasslands),Natuurgrasland,1,1,LT,0.01,NA,2.72,NA,0.214,6.4,1.198,32.58,3.26,2.56,0.26,12.71,20,23.9,6.18,10.84,82.97,Normaal,Bewolkt,Geen neerslag in de afgelopen 24 uur,SdP,SdP,SdP,Matig natte lemig zandbodem zonder profiel of met onbepaald profiel,S,d,p+x,Zandstreek,Gleyic Terric Cambisols (Loamic),Cambisols,CM-tr.gl,Terric,Gleyic,NA,Endogleyic,Loamic,NA,Eutric,Zuidelijke Vlaamse laagvlakte,NA,NA,0.0198564237,0.135192816,-0.793052796,41,103,79,2,9,27,15707,3962,2873,293155,941438
p6761bc1_10_30,P6761bc1,CMON_P6761bc1,45960,2022-11-16,INBO,95605,198265,7.31,12529,2,Natuur,0,Natuur,gras_ klaver_ jacobskruiskruid,R2 (Mesic grasslands),Natuurgrasland,1,1,LT,0.01,NA,0.62,NA,0.043,7.8,1.559,15.9,0.8,1.34,0.07,11.86,8.4,13.1,5.61,10.35,84.03,Normaal,Bewolkt,Geen neerslag in de afgelopen 24 uur,SdP,SdP,SdP,Matig natte lemig zandbodem zonder profiel of met onbepaald profiel,S,d,p+x,Zandstreek,Gleyic Terric Cambisols (Loamic),Cambisols,CM-tr.gl,Terric,Gleyic,NA,Endogleyic,Loamic,NA,Eutric,Zuidelijke Vlaamse laagvlakte,NA,NA,0.0198564237,0.135192816,-0.793052796,4,NA,NA,0,3,11,NA,NA,56,17460,726846
p67d9bfe_0_10,P67d9bfe,CMON_P67d9bfe,0-10,2022-04-20,ILVO,36935,198055,3.19,1829,4,Akkerland,0,Akker,luzerne en gras,V1 (Arable land and market gardens),Akker,1,1,NA,0.77,NA,2.94,NA,0.258,7.1,1.36,29.55,2.96,3.51,0.35,8.42,24.1,32.7,45.35,49.78,4.87,Normaal,Zonnig / helder,Geen neerslag in afgelopen week,m.F1,(v)Uep,Uep,Overdekte poelgronden en overdekte oude kleiplaatgronden (Middellandpolders),U,e,p,Middellandpolders,Calcaric Fluvic Gleyic Cambisols (Clayic_ Fluvic_ Thaptohistic),Cambisols,CM-gl.fv.ca,Gleyic,Fluvic,Calcaric,Endogleyic,Clayic,Fluvic_ Thaptohistic,Calcaric,Kustvlakte_ Middelland,-0.9680815896,-0.8832773344,-0.9001578746,-0.5320192539,-0.05811907246,38,NA,NA,3,4,5,NA,NA,7431,6,7
p67d9bfe_10_30,P67d9bfe,CMON_P67d9bfe,45960,2022-04-20,ILVO,36935,198055,3.19,1829,4,Akkerland,0,Akker,luzerne en gras,V1 (Arable land and market gardens),Akker,1,1,NA,0.88,NA,2.72,NA,0.227,7.3,1.3,47.73,2.39,5.89,0.29,8.1,26.5,34.5,45.67,48.31,6.02,Normaal,Zonnig / helder,Geen neerslag in afgelopen week,m.F1,(v)Uep,Uep,Overdekte poelgronden en overdekte oude kleiplaatgronden (Middellandpolders),U,e,p,Middellandpolders,Calcaric Fluvic Gleyic Cambisols (Clayic_ Fluvic_ Thaptohistic),Cambisols,CM-gl.fv.ca,Gleyic,Fluvic,Calcaric,Endogleyic,Clayic,Fluvic_ Thaptohistic,Calcaric,Kustvlakte_ Middelland,-0.9680815896,-0.8832773344,-0.9001578746,-0.5320192539,-0.05811907246,14,NA,NA,2,2,6,NA,NA,843,2,7
p688057f_0_10,P688057f,CMON_P688057f,0-10,2023-01-27,ILVO,227985,197775,73.19,2150,4,Akkerland,0,Tijdelijk grasland,gras,V1 (Arable land and market gardens),Tijdelijk grasland,1,1,LT,0.01,NA,2.88,NA,0.217,5.4,1.22,35.01,3.5,2.64,0.26,13.26,29.7,36.2,7.16,19.8,73.04,NA,NA,NA,Sdgt,Sdgt,Sdg,Matig natte lemig zandbodem met duidelijke ijzer en/of humus B horizont,S,d,g,Kempen,Gleyic Podzols (Loamic_ Ruptic),Podzols,PZ-gl,Gleyic,NA,NA,Endogleyic,Loamic,Ruptic,Dystric,Maasterrassen,-0.7374156771,0.1785411487,0.2827176518,0.04458376949,0.4652660202,27,NA,NA,6,18,37,NA,NA,1877,1420129,2754222
p688057f_10_30,P688057f,CMON_P688057f,45960,2023-01-27,ILVO,227985,197775,73.19,2150,4,Akkerland,0,Tijdelijk grasland,gras,V1 (Arable land and market gardens),Tijdelijk grasland,1,1,LT,0.01,NA,2.48,NA,0.182,5.4,1.27,62.78,3.14,4.61,0.23,13.62,27.9,35.4,7.5,20.93,71.57,NA,NA,NA,Sdgt,Sdgt,Sdg,Matig natte lemig zandbodem met duidelijke ijzer en/of humus B horizont,S,d,g,Kempen,Gleyic Podzols (Loamic_ Ruptic),Podzols,PZ-gl,Gleyic,NA,NA,Endogleyic,Loamic,Ruptic,Dystric,Maasterrassen,-0.7374156771,0.1785411487,0.2827176518,0.04458376949,0.4652660202,4,NA,NA,1,6,20,NA,NA,350,7166,1559666
p68bf194_0_10,P68bf194,CMON_P68bf194,0-10,2022-05-05,INBO,192755,197665,21,9006,2,Natuur,0,Natuur,gras_ gewone veldbies,R1 (Dry grasslands),Natuurgrasland,1,1,LT,0.01,NA,1.75,NA,0.125,3.5,1.39,24.33,2.43,1.74,0.17,14,4.9,6.8,8.66,20.35,70.99,Normaal,Bewolkt,Geen neerslag in afgelopen week,Zbm,Zbm,Zbm,Droge zandbodem met dikke antropogene humus A horizont,Z,b,m,Kempen,Plaggic Anthrosols (Arenic),Anthrosols,AT-pa,Plaggic,NA,NA,NA,Arenic,NA,Dystric,Heuvelland van Lummen,0.2621366107,0.5646569608,-0.2430048044,-0.6555770447,-0.5095419047,21,97,92,3,6,6,117942,31257,2220,14821,14821
p68bf194_10_30,P68bf194,CMON_P68bf194,45960,2022-05-05,INBO,192755,197665,21,9006,2,Natuur,0,Natuur,gras_ gewone veldbies,R1 (Dry grasslands),Natuurgrasland,1,1,LT,0.01,NA,1.15,NA,0.086,3.5,1.53,35.26,1.76,2.64,0.13,13.37,6.5,10,9.75,11.03,79.22,Normaal,Bewolkt,Geen neerslag in afgelopen week,Zbm,Zbm,Zbm,Droge zandbodem met dikke antropogene humus A horizont,Z,b,m,Kempen,Plaggic Anthrosols (Arenic),Anthrosols,AT-pa,Plaggic,NA,NA,NA,Arenic,NA,Dystric,Heuvelland van Lummen,0.2621366107,0.5646569608,-0.2430048044,-0.6555770447,-0.5095419047,16,NA,NA,5,5,9,NA,NA,474,681727,682006
p6963dd7_0_10,P6963dd7,CMON_P6963dd7,0-10,2022-09-21,ILVO,72065,197375,17.6,2737,4,Akkerland,0,Blijvend grasland,gras,R2 (Mesic grasslands),Blijvend grasland,1,1,LT,0.01,NA,3.84,NA,0.392,4.6,1.17,44.92,4.49,4.59,0.46,9.79,27.3,31.9,11.55,27.63,60.82,Normaal,Zonnig / helder,Geen neerslag in de afgelopen 24 uur,Sdh,Sdh,Sdh,Matig natte lemig zandbodem met verbrokkelde ijzer en/of humus B horizont,S,d,h,Zandstreek,Terric Anthrosols (Loamic_ Spodi-relocatic),Anthrosols,AT-tr,Terric,NA,NA,Endogleyic,Loamic,Spodi-relocatic,Eutric,West-Vlaams cuestaland,0.1083593357,0.2750701018,-0.9001578746,0.2505134207,0.3718681929,48,NA,NA,2,16,35,NA,NA,5111,355931,417232
p6963dd7_10_30,P6963dd7,CMON_P6963dd7,45960,2022-09-21,ILVO,72065,197375,17.6,2737,4,Akkerland,0,Blijvend grasland,gras,R2 (Mesic grasslands),Blijvend grasland,1,1,LT,0.01,NA,1.79,NA,0.182,4.6,1.37,49.21,2.46,5,0.25,9.84,17.7,24.3,12.86,30.83,56.31,Normaal,Zonnig / helder,Geen neerslag in de afgelopen 24 uur,Sdh,Sdh,Sdh,Matig natte lemig zandbodem met verbrokkelde ijzer en/of humus B horizont,S,d,h,Zandstreek,Terric Anthrosols (Loamic_ Spodi-relocatic),Anthrosols,AT-tr,Terric,NA,NA,Endogleyic,Loamic,Spodi-relocatic,Eutric,West-Vlaams cuestaland,0.1083593357,0.2750701018,-0.9001578746,0.2505134207,0.3718681929,21,NA,NA,3,8,19,NA,NA,1757,224467,440924
p69c8852_0_10,P69c8852,CMON_P69c8852,0-10,2023-01-19,ILVO,167935,197205,11.47,654,4,Akkerland,0,Akker,geploegd,V1 (Arable land and market gardens),Akker,1,1,LT,0.01,NA,1.34,NA,0.112,5.4,1.46,19.53,1.95,1.63,0.16,11.98,24.1,35.3,12.06,24.36,63.58,NA,NA,NA,w-Sdc3,w-Sdc3,Sdc,Matig natte lemig zandbodem met sterk gevlekte_ verbrokkelde textuur B horizont,S,d,c,Zandstreek,Gleyic Plaggic Retisols (Loamic_ Abruptic),Retisols,RT-pa.gl,Plaggic,Gleyic,NA,Endogleyic,Loamic,Abruptic,Dystric,Oostelijke Boomse cuesta,-0.8143043146,-0.52933784,1.20273195,-0.9438785564,-0.5809937945,3,NA,NA,1,8,15,NA,NA,51,132997,1247804
p69c8852_10_30,P69c8852,CMON_P69c8852,45960,2023-01-19,ILVO,167935,197205,11.47,654,4,Akkerland,0,Akker,geploegd,V1 (Arable land and market gardens),Akker,1,1,LT,0.01,NA,1.26,NA,0.105,5.4,1.48,37.26,1.86,3.1,0.16,12.02,22.7,33.6,14.18,23.35,62.47,NA,NA,NA,w-Sdc3,w-Sdc3,Sdc,Matig natte lemig zandbodem met sterk gevlekte_ verbrokkelde textuur B horizont,S,d,c,Zandstreek,Gleyic Plaggic Retisols (Loamic_ Abruptic),Retisols,RT-pa.gl,Plaggic,Gleyic,NA,Endogleyic,Loamic,Abruptic,Dystric,Oostelijke Boomse cuesta,-0.8143043146,-0.52933784,1.20273195,-0.9438785564,-0.5809937945,19,NA,NA,1,5,13,NA,NA,3616,38509,335020
p6a3cc1b_0_10,P6a3cc1b,CMON_P6a3cc1b,0-10,2023-03-08,INBO,191385,197005,16.99,48174,2,Natuur,0,Natuur,Zomereik_ varen_ brem_ gras,R2 (Mesic grasslands),Natuurgrasland,1,1,LT,0.01,NA,2.7,NA,0.167,3.5,1.19,32.18,3.22,1.99,0.2,16.17,16.2,19.3,5.46,15.72,78.82,Normaal,Smeltende sneeuw,Hevige neerslag afgelopen week of regenstorm in afgelopen 24 uur,Zbm,Zbm,Zbm,Droge zandbodem met dikke antropogene humus A horizont,Z,b,m,Kempen,Plaggic Anthrosols (Arenic),Anthrosols,AT-pa,Plaggic,NA,NA,NA,Arenic,NA,Dystric,Heuvelland van Lummen,3.260793474,1.40124122,0.2827176518,0.1681415602,-0.4100196297,22,NA,NA,4,14,26,NA,NA,998,20346,107009
p6a3cc1b_10_30,P6a3cc1b,CMON_P6a3cc1b,45960,2023-03-08,INBO,191385,197005,16.99,48174,2,Natuur,0,Natuur,Zomereik_ varen_ brem_ gras,R2 (Mesic grasslands),Natuurgrasland,1,1,LT,0.01,NA,1.06,NA,0.067,3.6,1.48,31.31,1.57,1.98,0.1,15.82,15,22.1,4.52,9.69,85.79,Normaal,Smeltende sneeuw,Hevige neerslag afgelopen week of regenstorm in afgelopen 24 uur,Zbm,Zbm,Zbm,Droge zandbodem met dikke antropogene humus A horizont,Z,b,m,Kempen,Plaggic Anthrosols (Arenic),Anthrosols,AT-pa,Plaggic,NA,NA,NA,Arenic,NA,Dystric,Heuvelland van Lummen,3.260793474,1.40124122,0.2827176518,0.1681415602,-0.4100196297,24,NA,NA,1,2,4,NA,NA,1903,956,4011
p0cd2e15_0_10,P0cd2e15,CMON_P0cd2e15,0-10,2023-02-21,ILVO,177805,238355,13.23,3363,4,Akkerland,0,Tijdelijk grasland,gras,V1 (Arable land and market gardens),Tijdelijk grasland,1,1,LT,0.01,NA,1.69,NA,0.136,5.8,1.36,23.04,2.3,1.85,0.19,12.45,19.5,26.5,2.74,7.51,89.75,Normaal,Bewolkt,Geen neerslag in de afgelopen 24 uur,Zdgb,Zdgb,Zdg,Matig natte zandbodem met duidelijke ijzer en/of humus B horizont,Z,d,g,Kempen,Gleyic Podzols (Arenic),Podzols,PZ-gl,Gleyic,NA,NA,Endogleyic,Arenic,NA,Dystric,Kempische cuesta,-0.5067497645,-0.52933784,NA,-0.5320192539,-0.3018210537,29,NA,NA,5,3,14,NA,NA,2064,1009838,1805518
pc2a10cb_10_30,Pc2a10cb,CMON_Pc2a10cb,45960,2022-02-28,ILVO,134825,157875,66.57,2913,4,Akkerland,0,Akker,wintergraan,V1 (Arable land and market gardens),Akker,1,1,LT,0.01,NA,0.99,NA,0.103,6.4,1.41,27.96,1.4,2.91,0.15,9.61,27.3,38.5,19.27,71.4,9.33,Normaal,Zonnig / helder,Geen neerslag in de afgelopen 24 uur,Acp(c),Acp(c),Acp,Matig droge leembodem zonder profiel,A,c,p,Leemstreek,Haplic Luvisols (Siltic_ Colluvic),Luvisols,LV-ha,Haplic,NA,NA,NA,Siltic,Colluvic,Eutric,Dender-Zenne interfluvium,-0.429861127,-1.108511558,NA,-1.026250417,-0.9459088031,14,NA,NA,1,0,4,NA,NA,8940,0,7874
p90da6b9_10_30,P90da6b9,CMON_P90da6b9,45960,2022-02-15,ILVO,43365,179905,9.63,613,4,Akkerland,0,Akker,Wintergraan,V1 (Arable land and market gardens),Akker,1,1,LT,0.01,NA,0.92,NA,0.101,6.7,1.53,28.13,1.41,3.09,0.15,9.1,21.6,33.1,16.1,44.51,39.39,Normaal,Bewolkt,Neerslag maar zonder hevige buien afgelopen 24 uur,Lcaz,Lcaz,Lca,Matig droge zandleembodem met textuur B horizont,L,c,a,Zandleemstreek,Haplic Luvisols (Loamic_ Ruptic),Luvisols,LV-ha,Haplic,NA,NA,NA,Loamic,Ruptic,Eutric,Polder-Leie interfluvium,NA,NA,NA,-1.314551929,-0.9397843554,16,NA,NA,2,4,15,NA,NA,1805,630573,1260099
p6ae8513_0_10,P6ae8513,CMON_P6ae8513,0-10,2022-11-22,ILVO,112105,196705,6.25,225,3,grasland,0,Blijvend grasland,gras,R2 (Mesic grasslands),Blijvend grasland,1,1,LT,0.01,NA,2.44,NA,0.225,5.3,1.31,31.95,3.2,2.95,0.3,10.83,29.6,38.8,7.87,14.84,77.29,Normaal,Bewolkt,Neerslag maar zonder hevige buien afgelopen 24 uur,Zdh,Zdh,Zdh,Matig natte zandbodem met verbrokkelde ijzer en/of humus B horizont,Z,d,h,Zandstreek,Terric Anthrosols (Arenic_ Spodi-relocatic),Anthrosols,AT-tr,Terric,NA,NA,Endogleyic,Arenic,Spodi-relocatic,Eutric,Centrale Vlaamse laagvlakte,-0.583638402,0.7898911845,NA,-0.3260896027,-0.1272742944,46,90,131,7,10,38,26813,42872,6618,806468,1124747
p6b07d8c_0_10,P6b07d8c,CMON_P6b07d8c,0-10,2023-05-24,INBO,219155,196655,69.33,25262,2,Natuur,0,Natuur,Pijpenstrootje_ struikhei,S4 (Temperate shrub heathland),Heide,1,1,LT,0.01,NA,3.43,NA,0.151,3.4,1.19,40.75,4.08,1.79,0.18,22.71,16.6,19.8,2.76,4.92,92.32,Normaal,Gedeeltelijk bewolkt,Geen neerslag in afgelopen week,Zbg1,Zbg1,Zbg,Droge zandbodem met duidelijke ijzer en/of humus B horizont,Z,b,g,Kempen,Albic Podzols (Arenic),Podzols,PZ-ab,Albic,NA,NA,NA,Arenic,NA,Dystric,Maasterrassen,0.03147069815,1.787357032,-1.294449717,0.1681415602,-0.0009575606243,11,NA,NA,4,9,15,NA,NA,254,1248066,1304100
p6b07d8c_10_30,P6b07d8c,CMON_P6b07d8c,45960,2023-05-24,INBO,219155,196655,69.33,25262,2,Natuur,0,Natuur,Pijpenstrootje_ struikhei,S4 (Temperate shrub heathland),Heide,1,1,LT,0.01,NA,1.25,NA,0.045,3.6,1.55,38.77,1.94,1.4,0.07,27.77,7.6,11.7,2.1,3.19,94.71,Normaal,Gedeeltelijk bewolkt,Geen neerslag in afgelopen week,Zbg1,Zbg1,Zbg,Droge zandbodem met duidelijke ijzer en/of humus B horizont,Z,b,g,Kempen,Albic Podzols (Arenic),Podzols,PZ-ab,Albic,NA,NA,NA,Arenic,NA,Dystric,Maasterrassen,0.03147069815,1.787357032,-1.294449717,0.1681415602,-0.0009575606243,12,NA,NA,2,6,8,NA,NA,2049,187641,283281
p6b788e4_0_10,P6b788e4,CMON_P6b788e4,0-10,2022-11-24,ILVO,98115,196455,6.33,241,3,grasland,0,Blijvend grasland,gras,R2 (Mesic grasslands),Blijvend grasland,1,1,LT,0.01,NA,4.13,NA,0.346,5.6,1.24,51.33,5.13,4.3,0.43,11.94,33.1,41,14.39,31.27,54.34,Normaal,Zonnig / helder,Neerslag maar zonder hevige buien afgelopen 24 uur,Lep,Lep,Lep,Natte zandleembodem zonder profiel,L,e,p,Zandstreek,Eutric Fluvic Gleyic Cambisols (Loamic_ Fluvic),Cambisols,CM-gl.fv.eu,Gleyic,Fluvic,Eutric,Endogleyic,Loamic,Fluvic,Eutric,Zuidelijke Vlaamse laagvlakte,0.5696911608,-0.04669307494,-0.5058660324,-0.037788091,0.5663194072,21,159,81,1,12,29,211479,35106,1748,901732,1154689
p6b788e4_10_30,P6b788e4,CMON_P6b788e4,45960,2022-11-24,ILVO,98115,196455,6.33,241,3,grasland,0,Blijvend grasland,gras,R2 (Mesic grasslands),Blijvend grasland,1,1,LT,0.01,NA,1.56,NA,0.124,5.9,1.62,50.42,2.52,4.01,0.2,12.57,18.2,29.5,13.19,34.41,52.4,Normaal,Zonnig / helder,Neerslag maar zonder hevige buien afgelopen 24 uur,Lep,Lep,Lep,Natte zandleembodem zonder profiel,L,e,p,Zandstreek,Eutric Fluvic Gleyic Cambisols (Loamic_ Fluvic),Cambisols,CM-gl.fv.eu,Gleyic,Fluvic,Eutric,Endogleyic,Loamic,Fluvic,Eutric,Zuidelijke Vlaamse laagvlakte,0.5696911608,-0.04669307494,-0.5058660324,-0.037788091,0.5663194072,56,NA,NA,2,5,13,NA,NA,64373,32272,54684
p6ba5ab6_0_10,P6ba5ab6,CMON_P6ba5ab6,0-10,2022-02-02,ILVO,50935,196375,21.8,1125,4,Akkerland,0,Akker,Tijdelijk grasland,V1 (Arable land and market gardens),Tijdelijk grasland,1,1,LT,0.01,NA,2,NA,0.163,6,1.39,27.84,2.78,2.27,0.23,12.26,27,37.5,6.07,12.23,81.7,Waterverzadigd,Zonnig / helder,Geen neerslag in de afgelopen 24 uur,Zch,Zch,Zch,Matig droge zandbodem met verbrokkelde ijzer en/of humus B horizont,Z,c,h,Zandstreek,Terric Anthrosols (Arenic_ Spodi-relocatic),Anthrosols,AT-tr,Terric,NA,NA,NA,Arenic,Spodi-relocatic,Eutric,West-Vlaams cuestaland,-1.121858865,-0.2075746633,-0.9001578746,-0.6555770447,0.1138758337,33,70,130,4,9,19,100783,154762,10891,2365248,2634781
p6ba5ab6_10_30,P6ba5ab6,CMON_P6ba5ab6,45960,2022-02-02,ILVO,50935,196375,21.8,1125,4,Akkerland,0,Akker,Tijdelijk grasland,V1 (Arable land and market gardens),Tijdelijk grasland,1,1,LT,0.01,NA,2.06,NA,0.165,6.2,1.36,56.18,2.81,4.5,0.23,12.48,26.6,36.2,5.68,11.67,82.65,Waterverzadigd,Zonnig / helder,Geen neerslag in de afgelopen 24 uur,Zch,Zch,Zch,Matig droge zandbodem met verbrokkelde ijzer en/of humus B horizont,Z,c,h,Zandstreek,Terric Anthrosols (Arenic_ Spodi-relocatic),Anthrosols,AT-tr,Terric,NA,NA,NA,Arenic,Spodi-relocatic,Eutric,West-Vlaams cuestaland,-1.121858865,-0.2075746633,-0.9001578746,-0.6555770447,0.1138758337,13,NA,NA,0,0,2,NA,NA,870,0,98267
p93fab1f_0_10,P93fab1f,CMON_P93fab1f,0-10,2022-12-06,ILVO,133185,178525,49.63,1313,3,grasland,0,Blijvend grasland,gras,R2 (Mesic grasslands),Blijvend grasland,1,1,LT,0.01,NA,3.09,NA,0.311,4.9,1.34,41.49,4.15,4.18,0.42,9.93,31.3,42,15.67,43.74,40.59,Normaal,Gedeeltelijk bewolkt,Geen neerslag in de afgelopen 24 uur,Aca1,Aca1,Aca,Matig droge leembodem met textuur B horizont,A,c,a,Zandleemstreek,Nudiargic Luvisols (Siltic),Luvisols,LV-ng,Nudiargic,NA,NA,NA,Siltic,NA,Eutric,Dender-Zenne interfluvium,0.8772457109,0.8220675021,NA,-0.4496473934,-0.2783440042,51,NA,NA,9,14,37,NA,NA,17236,138962,381497
p3e02017_0_10,P3e02017,CMON_P3e02017,0-10,2023-04-06,INBO,222545,216585,37.46,46411,2,Natuur,0,Natuur,Pijpenstrootje_ mos,R3 (Seasonally wet and wet grasslands),Heide,1,1,LT,0.01,NA,3.77,NA,0.205,3.6,0.8,30.22,3.02,1.64,0.16,18.39,30.5,24.4,2.31,4.8,92.88,Normaal,Buien (wisselvallig),Geen neerslag in afgelopen week,ZAg,ZAg,ZAg,Zeer droge tot matig natte zandbodem met duidelijke ijzer en/of humus B horizont,Z,a-d,g,Kempen,Albic Podzols (Arenic),Podzols,PZ-ab,Albic,NA,NA,NA,Arenic,NA,Dystric,Maasterrassen,1.646132086,0.9829490905,NA,1.77439284,-0.03157979911,35,NA,NA,8,9,9,NA,NA,2269,87130,87130
pa2c05e5_0_10,Pa2c05e5,CMON_Pa2c05e5,0-10,2022-03-16,INBO,111005,171985,81.61,19873,8,Niet-geklasseerd,1,Ruimtebeslag bermen,gras en sierstruiken,V3 (Artificial grasslands and herb dominated habitats),Residentieel grasland,1,1,NA,0.09,NA,2.71,NA,0.3,7.1,1.2,31.41,3.14,3.6,0.36,8.73,32.5,39,25.36,60.57,14.07,Normaal,Bewolkt,Hevige neerslag afgelopen week of regenstorm in afgelopen 24 uur,Abp(c),Abp(c),Abp,Droge leembodem zonder profiel,A,b,p,Zandleemstreek,Haplic Luvisols (Siltic_ Colluvic),Luvisols,LV-ha,Haplic,NA,NA,NA,Siltic,Colluvic,Eutric,Schelde-Dender interfluvium,1.261688898,-0.239750981,NA,0.12695563,-0.591711578,10,NA,NA,0,19,43,NA,NA,245,905459,934125
p6d720f5_0_10,P6d720f5,CMON_P6d720f5,0-10,2022-10-18,INBO,195005,195585,19.52,814,5,Residentieel,0,Ruimtebeslag parken,gras_ duizendblad,V3 (Artificial grasslands and herb dominated habitats),Residentieel grasland,1,1,LT,0.01,NA,3.12,NA,0.237,4.3,1.22,38.09,3.81,2.89,0.29,13.16,17.1,20.9,6.13,12.78,81.09,Normaal,Zonnig / helder,Geen neerslag in de afgelopen 24 uur,l-Sdm,l-Sdm,Sdm,Matig natte lemig zandbodem met dikke antropogene humus A horizont,S,d,m,Kempen,Plaggic Anthrosols (Loamic_ Ruptic),Anthrosols,AT-pa,Plaggic,NA,NA,Endogleyic,Loamic,Ruptic,Dystric,Heuvelland van Lummen,0.1083593357,0.4681280078,-0.5058660324,0.04458376949,0.2567796133,31,NA,NA,4,17,29,NA,NA,1280,1047121,1532108
p6d720f5_10_30,P6d720f5,CMON_P6d720f5,45960,2022-10-18,INBO,195005,195585,19.52,814,5,Residentieel,0,Ruimtebeslag parken,gras_ duizendblad,V3 (Artificial grasslands and herb dominated habitats),Residentieel grasland,1,1,LT,0.01,NA,1.81,NA,0.129,4.3,1.42,51.53,2.58,3.67,0.18,14.03,7.8,11.1,8.03,14.39,77.58,Normaal,Zonnig / helder,Geen neerslag in de afgelopen 24 uur,l-Sdm,l-Sdm,Sdm,Matig natte lemig zandbodem met dikke antropogene humus A horizont,S,d,m,Kempen,Plaggic Anthrosols (Loamic_ Ruptic),Anthrosols,AT-pa,Plaggic,NA,NA,Endogleyic,Loamic,Ruptic,Dystric,Heuvelland van Lummen,0.1083593357,0.4681280078,-0.5058660324,0.04458376949,0.2567796133,1,NA,NA,0,9,21,NA,NA,9,79580,303010
p6ea5c22_0_10,P6ea5c22,CMON_P6ea5c22,0-10,2023-01-20,INBO,243695,195055,38.46,4262,2,Natuur,1,Natuur,gras,V3 (Artificial grasslands and herb dominated habitats),Natuurgrasland,1,1,LT,0.01,NA,3.05,NA,0.229,4.8,1,30.59,3.06,2.296,0.23,13.32,40.9,40.9,8.41,28.52,63.07,NA,NA,NA,Scc,Scc,Scc,Matig droge lemig zandbodem met sterk gevlekte_ verbrokkelde textuur B horizont,S,c,c,Kempen,Dystric Retisols (Loamic),Retisols,RT-dy,Dystric,NA,NA,NA,Loamic,NA,Dystric,Maasterrassen,0.4928025233,0.2107174664,-0.2430048044,0.9506742349,-0.2875306757,66,62,157,6,14,29,14243,56767,14525,858838,882787
p6ea5c22_10_30,P6ea5c22,CMON_P6ea5c22,45960,2023-01-20,INBO,243695,195055,38.46,4262,2,Natuur,1,Natuur,gras,V3 (Artificial grasslands and herb dominated habitats),Natuurgrasland,1,1,LT,0.01,NA,1.3,NA,0.089,4.8,1.45,37.7,1.89,2.58,0.13,14.61,25.8,37.5,6.87,36.2,56.94,NA,NA,NA,Scc,Scc,Scc,Matig droge lemig zandbodem met sterk gevlekte_ verbrokkelde textuur B horizont,S,c,c,Kempen,Dystric Retisols (Loamic),Retisols,RT-dy,Dystric,NA,NA,NA,Loamic,NA,Dystric,Maasterrassen,0.4928025233,0.2107174664,-0.2430048044,0.9506742349,-0.2875306757,18,NA,NA,0,5,10,NA,NA,24341,318162,346800
p6f07424_0_10,P6f07424,CMON_P6f07424,0-10,2022-09-07,INBO,210355,194885,32.61,4526,2,Natuur,0,Natuur,gras,R3 (Seasonally wet and wet grasslands),Natuurgrasland,1,1,LT,0.01,NA,5,NA,0.336,3.8,0.87,43.38,4.34,2.91,0.29,14.88,11.8,10.3,8.53,8.1,83.38,Normaal,Zonnig / helder,Hevige neerslag afgelopen week of regenstorm in afgelopen 24 uur,w-Sdmc,w-Sdmc,Sdm,Matig natte lemig zandbodem met dikke antropogene humus A horizont,S,d,m,Kempen,Plaggic Anthrosols (Loamic_ Abruptic),Anthrosols,AT-pa,Plaggic,NA,NA,Endogleyic,Loamic,Abruptic,Dystric,Heuvelland van Lummen,2.568795736,0.8542438198,-0.9001578746,1.486091328,0.3861585708,21,47,140,3,8,8,7339,79005,1764,175927,175927
p6f07424_10_30,P6f07424,CMON_P6f07424,45960,2022-09-07,INBO,210355,194885,32.61,4526,2,Natuur,0,Natuur,gras,R3 (Seasonally wet and wet grasslands),Natuurgrasland,1,1,LT,0.01,NA,2.12,NA,0.141,3.8,1.21,51.31,2.57,3.41,0.17,15.04,11,13.3,7.1,6.59,86.31,Normaal,Zonnig / helder,Hevige neerslag afgelopen week of regenstorm in afgelopen 24 uur,w-Sdmc,w-Sdmc,Sdm,Matig natte lemig zandbodem met dikke antropogene humus A horizont,S,d,m,Kempen,Plaggic Anthrosols (Loamic_ Abruptic),Anthrosols,AT-pa,Plaggic,NA,NA,Endogleyic,Loamic,Abruptic,Dystric,Heuvelland van Lummen,2.568795736,0.8542438198,-0.9001578746,1.486091328,0.3861585708,2,NA,NA,0,4,4,NA,NA,106,10282,10282
p5124bed_10_30,P5124bed,CMON_P5124bed,45960,2023-02-16,INBO,237565,208115,37.09,12363,2,Natuur,0,Natuur,gras,R2 (Mesic grasslands),Natuurgrasland,1,1,LT,0.01,NA,2.28,NA,0.176,4.6,1.29,58.78,2.94,4.54,0.23,12.95,23.5,30.3,8.42,16.28,75.3,Normaal,Buien (wisselvallig),Geen neerslag in afgelopen week,t-Sep3,t-Sep3,Sep,Natte lemig zandbodem zonder profiel,S,e,p,Kempen,Fluvic Gleyic Umbrisols (Loamic_ Fluvic_ Ruptic),Umbrisols,UM-gl.fv,Gleyic,Fluvic,NA,Endogleyic,Loamic,Fluvic_ Ruptic,Dystric,Maasterrassen,1.876797999,1.079478044,NA,0.6623727232,0.4752182478,20,NA,NA,8,7,16,NA,NA,2270,7581,24508
p8fce805_0_10,P8fce805,CMON_P8fce805,0-10,2022-12-19,ILVO,202765,180375,25.8,1198,3,grasland,0,Blijvend grasland,gras,R2 (Mesic grasslands),Blijvend grasland,1,1,LT,0.01,NA,3.3,NA,0.276,5.2,1.14,37.56,3.76,3.14,0.31,11.96,39.6,45.1,14.1,57.21,28.69,Normaal,Buien (wisselvallig),Neerslag maar zonder hevige buien afgelopen 24 uur,sLda,sLda,Lda,Matig natte zandleembodem met textuur B horizont,L,d,a,Zandleemstreek,Gleyic Luvisols (Loamic_ Ruptic),Luvisols,LV-gl,Gleyic,NA,NA,Endogleyic,Loamic,Ruptic,Eutric,Hagelands heuvelland,NA,NA,NA,0.3740712114,0.4310711873,8,NA,NA,3,3,5,NA,NA,80,3,50934
p2ab37e6_0_10,P2ab37e6,CMON_P2ab37e6,0-10,2022-11-28,ILVO,72775,225125,3.54,484,3,grasland,0,Blijvend grasland,gras,R2 (Mesic grasslands),Blijvend grasland,1,1,LT,0.01,NA,5.9,NA,0.593,5.9,1.03,60.83,6.08,6.11,0.61,9.96,51.4,52.9,23.41,51.02,25.57,Waterverzadigd,Gedeeltelijk bewolkt,Hevige neerslag afgelopen week of regenstorm in afgelopen 24 uur,z.Bb2,l-Edp,Edp,Schorgronden (Nieuwlandpolders Zwin),E,d,p,Zwin,Calcaric Fluvic Gleyic Cambisols (Loamic/Clayic_ Fluvic_ Ruptic),Cambisols,CM-gl.fv.ca,Gleyic,Fluvic,Calcaric,Endogleyic,Loamic/Clayic,Fluvic_ Ruptic,Calcaric,Kustvlakte_ Nieuwland vh Zwin,-0.1991952144,0.1141885134,NA,0.8271164441,1.112926364,11,23,141,4,19,42,529,89989,1042,2310302,2669099
p72073a2_0_10,P72073a2,CMON_P72073a2,0-10,2023-01-03,ILVO,161295,193555,7.12,2702,3,grasland,0,Blijvend grasland,gras,R2 (Mesic grasslands),Blijvend grasland,1,1,LT,0.01,NA,3.55,NA,0.298,5.5,1.07,38.12,3.81,3.2,0.32,11.91,42.8,45.8,8.9,17.95,73.15,NA,NA,NA,u-Sdm,u-Sdm,Sdm,Matig natte lemig zandbodem met dikke antropogene humus A horizont,S,d,m,Zandstreek,Terric Anthrosols (Loamic_ Abruptic),Anthrosols,AT-tr,Terric,NA,NA,Endogleyic,Loamic,Abruptic,Eutric,Oostelijke Boomse cuesta,-0.2760838519,0.7255385491,-0.5058660324,0.6623727232,0.1057099034,7,NA,NA,2,15,33,NA,NA,162,689801,907153
p72073a2_10_30,P72073a2,CMON_P72073a2,45960,2023-01-03,ILVO,161295,193555,7.12,2702,3,grasland,0,Blijvend grasland,gras,R2 (Mesic grasslands),Blijvend grasland,1,1,LT,0.01,NA,1.62,NA,0.133,5.1,1.41,45.58,2.28,3.74,0.19,12.19,26.1,36.8,7.33,16.87,75.8,NA,NA,NA,u-Sdm,u-Sdm,Sdm,Matig natte lemig zandbodem met dikke antropogene humus A horizont,S,d,m,Zandstreek,Terric Anthrosols (Loamic_ Abruptic),Anthrosols,AT-tr,Terric,NA,NA,Endogleyic,Loamic,Abruptic,Eutric,Oostelijke Boomse cuesta,-0.2760838519,0.7255385491,-0.5058660324,0.6623727232,0.1057099034,18,NA,NA,4,7,12,NA,NA,802,367477,761683
p5c24756_0_10,P5c24756,CMON_P5c24756,0-10,2022-02-07,ILVO,208615,203245,36.07,3219,4,Akkerland,0,Akker,Braak,V1 (Arable land and market gardens),Akker,1,1,LT,0.01,NA,1.48,NA,0.092,4.8,1.29,19.03,1.9,1.18,0.12,16.13,26.8,34.6,3.37,5.62,91.01,Waterverzadigd,Zonnig / helder,Neerslag maar zonder hevige buien afgelopen 24 uur,Zdg,Zdg,Zdg,Matig natte zandbodem met duidelijke ijzer en/of humus B horizont,Z,d,g,Kempen,Gleyic Podzols (Arenic),Podzols,PZ-gl,Gleyic,NA,NA,Endogleyic,Arenic,NA,Dystric,Depressie van de Netes,-0.04541793937,-0.4971615223,NA,-0.2437177422,-0.4740711452,23,NA,NA,2,9,25,NA,NA,33031,135921,453208
p9849433_10_30,P9849433,CMON_P9849433,45960,2023-03-13,ILVO,50265,176615,19.04,3557,4,Akkerland,0,Akker,geploegd,V1 (Arable land and market gardens),Akker,1,1,NA,0.22,NA,1.35,NA,0.105,7.5,1.56,35.21,1.76,3.27,0.16,10.77,22,34.3,16.18,41.29,42.53,NA,NA,NA,Ldc,Ldc,Ldc,Matig natte zandleembodem met sterk gevlekte_ verbrokkelde textuur B horizont,L,d,c,Zandleemstreek,Eutric Gleyic Retisols (Loamic),Retisols,RT-gl.eu,Gleyic,Eutric,NA,Endogleyic,Loamic,NA,Eutric,Polder-Leie interfluvium,0.3390252482,0.3394227371,NA,-1.108622277,-0.6601012439,22,NA,NA,10,4,5,NA,NA,828,11919,12096
p72d33a6_0_10,P72d33a6,CMON_P72d33a6,0-10,2023-06-09,INBO,226375,193205,79.17,15462,2,Natuur,0,Natuur,Pijpenstrootje,R2 (Mesic grasslands),Heide,1,1,LT,0.01,NA,2.56,NA,0.135,3.5,0.94,24,2.4,1.27,0.13,18.96,16.1,15.1,3.22,8.89,87.89,Uitgedroogd,Zonnig / helder,Geen neerslag in afgelopen maand,OB,OB,OB,Bebouwde zones,NA,NA,NA,Kunstmatige gronden,Technosols/Not Surveyed,Technosols/Not Surveyed,TC,NA,NA,NA,NA,NA,NA,NA,Maasterrassen,0.03147069815,1.658651762,-0.9001578746,1.197789816,1.381636507,7,71,43,1,3,4,36525,21182,205,52,57
p72d33a6_10_30,P72d33a6,CMON_P72d33a6,45960,2023-06-09,INBO,226375,193205,79.17,15462,2,Natuur,0,Natuur,Pijpenstrootje,R2 (Mesic grasslands),Heide,1,1,LT,0.01,NA,4.68,NA,0.232,3.8,1.17,109.7,5.49,5.44,0.27,20.17,17.5,20.4,3.6,8.48,87.92,Uitgedroogd,Zonnig / helder,Geen neerslag in afgelopen maand,OB,OB,OB,Bebouwde zones,NA,NA,NA,Kunstmatige gronden,Technosols/Not Surveyed,Technosols/Not Surveyed,TC,NA,NA,NA,NA,NA,NA,NA,Maasterrassen,0.03147069815,1.658651762,-0.9001578746,1.197789816,1.381636507,8,NA,NA,1,6,7,NA,NA,388,41703,41704
p72fc124_0_10,P72fc124,CMON_P72fc124,0-10,2022-01-26,ILVO,241155,193135,85.08,2662,4,Akkerland,0,Akker,maïs en gras ingezaaid,V1 (Arable land and market gardens),Akker,1,1,NA,0.02,NA,1.78,NA,0.125,6.9,1.46,25.74,2.57,1.83,0.18,14.07,21.3,31.1,12.92,33.32,53.76,Normaal,Bewolkt,Geen neerslag in de afgelopen 24 uur,Scft,Scft,Scf,Matig droge lemig zandbodem met weinig duidelijke ijzer en/of humus B horizont,S,c,f,Kempen,Dystric Cambisols (Loamic),Cambisols,CM-dy,Dystric,NA,NA,NA,Loamic,NA,Dystric,Maasterrassen,-0.429861127,-1.301569464,-0.7687272605,-0.9438785564,0.5155375284,38,NA,NA,0,9,16,NA,NA,31876,154826,174151
p73791ed_0_10,P73791ed,CMON_P73791ed,0-10,2022-03-02,INBO,151805,192915,7.26,9230,8,Niet-geklasseerd,0,Ruimtebeslag bermen,gras,V3 (Artificial grasslands and herb dominated habitats),Residentieel grasland,1,1,LT,0.01,NA,1.52,NA,0.12,5.1,1.29,19.61,1.96,1.55,0.15,12.67,31.7,40.9,12.2,31.1,56.7,Normaal,Gedeeltelijk bewolkt,Geen neerslag in de afgelopen 24 uur,Sdc(h),Sdc(h),Sdc,Matig natte lemig zandbodem met sterk gevlekte_ verbrokkelde textuur B horizont,S,d,c,Zandstreek,Eutric Gleyic Retisols (Loamic),Retisols,RT-gl.eu,Gleyic,Eutric,NA,Endogleyic,Loamic,NA,Eutric,Oostelijke Vlaamse laagvlakte,0.7234684358,0.5646569608,-0.9001578746,-0.2437177422,1.142527861,74,NA,NA,7,20,41,NA,NA,19441,1201505,1444793
p72fc124_10_30_1,P72fc124,CMON_P72fc124,45960,2022-01-26,ILVO,241155,193135,85.08,2662,4,Akkerland,0,Akker,maïs en gras ingezaaid,V1 (Arable land and market gardens),Akker,1,1,LT,0.01,NA,1.33,NA,0.094,6.5,1.39,37.01,1.85,2.62,0.13,14.13,21.8,30.3,14.07,32.91,53.02,Normaal,Bewolkt,Geen neerslag in de afgelopen 24 uur,Scft,Scft,Scf,Matig droge lemig zandbodem met weinig duidelijke ijzer en/of humus B horizont,S,c,f,Kempen,Dystric Cambisols (Loamic),Cambisols,CM-dy,Dystric,NA,NA,NA,Loamic,NA,Dystric,Maasterrassen,-0.429861127,-1.301569464,-0.7687272605,-0.9438785564,0.5155375284,NA,NA,NA,NA,NA,NA,NA,NA,NA,NA,NA
p72fc124_10_30_2,P72fc124,CMON_P72fc124,45960,2022-01-26,ILVO,241155,193135,85.08,2662,4,Akkerland,0,Akker,maïs en gras ingezaaid,V1 (Arable land and market gardens),Akker,1,1,LT,0.01,NA,1.33,NA,0.094,6.5,1.39,37.01,1.85,2.62,0.13,14.13,21.8,30.3,14.07,32.91,53.02,Normaal,Bewolkt,Geen neerslag in de afgelopen 24 uur,Scft,Scft,Scf,Matig droge lemig zandbodem met weinig duidelijke ijzer en/of humus B horizont,S,c,f,Kempen,Dystric Cambisols (Loamic),Cambisols,CM-dy,Dystric,NA,NA,NA,Loamic,NA,Dystric,Maasterrassen,-0.429861127,-1.301569464,-0.7687272605,-0.9438785564,0.5155375284,12,NA,NA,3,4,18,NA,NA,458,2233621,2299817
p73791ed_10_30_1,P73791ed,CMON_P73791ed,45960,2022-03-02,INBO,151805,192915,7.26,9230,8,Niet-geklasseerd,0,Ruimtebeslag bermen,gras,V3 (Artificial grasslands and herb dominated habitats),Residentieel grasland,1,1,LT,0.01,NA,1.68,NA,0.129,5.2,1.56,52.36,2.62,4.02,0.2,13.02,18.1,28.3,13.6,33.12,53.28,Normaal,Gedeeltelijk bewolkt,Geen neerslag in de afgelopen 24 uur,Sdc(h),Sdc(h),Sdc,Matig natte lemig zandbodem met sterk gevlekte_ verbrokkelde textuur B horizont,S,d,c,Zandstreek,Eutric Gleyic Retisols (Loamic),Retisols,RT-gl.eu,Gleyic,Eutric,NA,Endogleyic,Loamic,NA,Eutric,Oostelijke Vlaamse laagvlakte,0.7234684358,0.5646569608,-0.9001578746,-0.2437177422,1.142527861,27,NA,NA,2,4,19,NA,NA,2833,828073,1665940
p73791ed_10_30_2,P73791ed,CMON_P73791ed,45960,2022-03-02,INBO,151805,192915,7.26,9230,8,Niet-geklasseerd,0,Ruimtebeslag bermen,gras,V3 (Artificial grasslands and herb dominated habitats),Residentieel grasland,1,1,LT,0.01,NA,1.68,NA,0.129,5.2,1.56,52.36,2.62,4.02,0.2,13.02,18.1,28.3,13.6,33.12,53.28,Normaal,Gedeeltelijk bewolkt,Geen neerslag in de afgelopen 24 uur,Sdc(h),Sdc(h),Sdc,Matig natte lemig zandbodem met sterk gevlekte_ verbrokkelde textuur B horizont,S,d,c,Zandstreek,Eutric Gleyic Retisols (Loamic),Retisols,RT-gl.eu,Gleyic,Eutric,NA,Endogleyic,Loamic,NA,Eutric,Oostelijke Vlaamse laagvlakte,0.7234684358,0.5646569608,-0.9001578746,-0.2437177422,1.142527861,NA,NA,NA,NA,NA,NA,NA,NA,NA,NA,NA
p74bad35_0_10,P74bad35,CMON_P74bad35,0-10,2022-11-23,ILVO,63565,192355,24.09,177,3,grasland,0,Blijvend grasland,gras,R2 (Mesic grasslands),Blijvend grasland,1,1,LT,0.01,NA,1.5,NA,0.119,5.2,1.61,24.16,2.42,1.92,0.19,12.58,15.1,24.3,8.86,20.94,70.2,Normaal,Buien (wisselvallig),Neerslag maar zonder hevige buien afgelopen 24 uur,Sch,Sch,Sch,Matig droge lemig zandbodem met verbrokkelde ijzer en/of humus B horizont,S,c,h,Zandstreek,Terric Anthrosols (Loamic_ Spodi-relocatic),Anthrosols,AT-tr,Terric,NA,NA,NA,Loamic,Spodi-relocatic,Eutric,West-Vlaams cuestaland,-0.1991952144,-0.5936904753,1.991315634,-1.56166751,-0.4220133397,8,20,150,1,7,16,664,91475,51,8170,29556
p74bad35_10_30,P74bad35,CMON_P74bad35,45960,2022-11-23,ILVO,63565,192355,24.09,177,3,grasland,0,Blijvend grasland,gras,R2 (Mesic grasslands),Blijvend grasland,1,1,LT,0.01,NA,1.22,NA,0.102,5.9,1.59,38.86,1.94,3.25,0.16,11.96,14.2,22.6,7.31,27.17,65.52,Normaal,Buien (wisselvallig),Neerslag maar zonder hevige buien afgelopen 24 uur,Sch,Sch,Sch,Matig droge lemig zandbodem met verbrokkelde ijzer en/of humus B horizont,S,c,h,Zandstreek,Terric Anthrosols (Loamic_ Spodi-relocatic),Anthrosols,AT-tr,Terric,NA,NA,NA,Loamic,Spodi-relocatic,Eutric,West-Vlaams cuestaland,-0.1991952144,-0.5936904753,1.991315634,-1.56166751,-0.4220133397,13,NA,NA,3,3,8,NA,NA,613,3,83039
p74bdca2_0_10,P74bdca2,CMON_P74bdca2,0-10,2022-03-14,ILVO,184975,192355,14.68,2094,4,Akkerland,0,Akker,tijdelijk grasland,V1 (Arable land and market gardens),Tijdelijk grasland,1,1,LT,0.01,NA,1.46,NA,0.114,5.6,1.48,21.68,2.17,1.69,0.17,12.83,27.2,40.2,18.55,23.99,57.46,Normaal,Bewolkt,Geen neerslag in de afgelopen 24 uur,Pdc,Pdc,Pdc,Matig natte licht zandleembodem met sterk gevlekte_ verbrokkelde textuur B horizont,P,d,c,Kempen,Eutric Gleyic Retisols (Loamic),Retisols,RT-gl.eu,Gleyic,Eutric,NA,Endogleyic,Loamic,NA,Eutric,Heuvelland van Lummen,-0.1223065769,0.6611859138,0.1512870377,-1.026250417,-0.4743263305,32,63,90,6,7,26,32305,93784,2038,2998666,3215254
p74bdca2_10_30,P74bdca2,CMON_P74bdca2,45960,2022-03-14,ILVO,184975,192355,14.68,2094,4,Akkerland,0,Akker,tijdelijk grasland,V1 (Arable land and market gardens),Tijdelijk grasland,1,1,LT,0.01,NA,1.35,NA,0.108,5.7,1.46,39.29,1.96,3.14,0.16,12.51,26.5,38.7,18.89,26.33,54.78,Normaal,Bewolkt,Geen neerslag in de afgelopen 24 uur,Pdc,Pdc,Pdc,Matig natte licht zandleembodem met sterk gevlekte_ verbrokkelde textuur B horizont,P,d,c,Kempen,Eutric Gleyic Retisols (Loamic),Retisols,RT-gl.eu,Gleyic,Eutric,NA,Endogleyic,Loamic,NA,Eutric,Heuvelland van Lummen,-0.1223065769,0.6611859138,0.1512870377,-1.026250417,-0.4743263305,13,NA,NA,3,4,8,NA,NA,172,28575,30978
p753384b_0_10,P753384b,CMON_P753384b,0-10,2022-11-18,ILVO,32665,192145,2.68,2853,3,grasland,0,Blijvend grasland,gras,R2 (Mesic grasslands),Blijvend grasland,1,1,LT,0.01,NA,7.2,NA,0.711,6.5,1,71.88,7.19,7.1,0.71,10.12,52.5,52.5,32.5,56.73,10.77,Normaal,Bewolkt,Neerslag maar zonder hevige buien afgelopen 24 uur,OU2,OU2,OBV,Uitgeveende gronden,NA,NA,NA,Kunstmatige gronden,Calcaric Fluvic Gleyic Cambisols (Clayic_ Fluvic_ Relocatic_ Thaptohistic),Cambisols,CM-gl.fv.ca,Gleyic,Fluvic,Calcaric,Endogleyic,Clayic,Fluvic_ Relocatic_ Thaptohistic,Calcaric,Kustvlakte_ Oudland,-0.6605270395,-0.7867483814,-0.5058660324,0.9506742349,1.994081276,16,NA,NA,1,9,18,NA,NA,354,652961,847748
p753384b_10_30,P753384b,CMON_P753384b,45960,2022-11-18,ILVO,32665,192145,2.68,2853,3,grasland,0,Blijvend grasland,gras,R2 (Mesic grasslands),Blijvend grasland,1,1,NA,0.16,NA,3.67,NA,0.363,6.8,1.22,85.82,4.29,8.88,0.44,9.66,38,46.4,30.9,58.55,10.55,Normaal,Bewolkt,Neerslag maar zonder hevige buien afgelopen 24 uur,OU2,OU2,OBV,Uitgeveende gronden,NA,NA,NA,Kunstmatige gronden,Calcaric Fluvic Gleyic Cambisols (Clayic_ Fluvic_ Relocatic_ Thaptohistic),Cambisols,CM-gl.fv.ca,Gleyic,Fluvic,Calcaric,Endogleyic,Clayic,Fluvic_ Relocatic_ Thaptohistic,Calcaric,Kustvlakte_ Oudland,-0.6605270395,-0.7867483814,-0.5058660324,0.9506742349,1.994081276,3,NA,NA,2,1,3,NA,NA,100,2,6
p770e2eb_0_10,P770e2eb,CMON_P770e2eb,0-10,2022-11-24,ILVO,50745,191325,3.11,101,3,grasland,0,Blijvend grasland,gras,R2 (Mesic grasslands),Blijvend grasland,1,1,LT,0.01,NA,8,NA,0.799,4.9,0.65,51.67,5.17,5.16,0.52,10.01,94.6,61.5,41.04,54.97,3.99,Normaal,Bewolkt,Neerslag maar zonder hevige buien afgelopen 24 uur,m.F2,v-Uep,Uep,Overdekte poelgronden en overdekte oude kleiplaatgronden (Middellandpolders),U,e,p,Middellandpolders,Calcaric Fluvic Reductigleyic Gleysols (Clayic_ Fluvic_ Thaptohistic),Gleysols,GL-ry.fv.ca,Reductigleyic,Fluvic,Calcaric,Reductigleyic,Clayic,Fluvic_ Thaptohistic,Calcaric,Kustvlakte_ Middelland,-0.5067497645,0.4359516901,-0.6372966465,2.392181793,1.701128528,16,129,23,3,18,44,65771,598,331,617484,767865
p770e2eb_10_30,P770e2eb,CMON_P770e2eb,45960,2022-11-24,ILVO,50745,191325,3.11,101,3,grasland,0,Blijvend grasland,gras,R2 (Mesic grasslands),Blijvend grasland,1,1,LT,0.01,NA,4.6,NA,0.46,4.9,1.03,94.55,4.73,9.46,0.47,9.99,57,58.7,36.19,60.55,3.26,Normaal,Bewolkt,Neerslag maar zonder hevige buien afgelopen 24 uur,m.F2,v-Uep,Uep,Overdekte poelgronden en overdekte oude kleiplaatgronden (Middellandpolders),U,e,p,Middellandpolders,Calcaric Fluvic Reductigleyic Gleysols (Clayic_ Fluvic_ Thaptohistic),Gleysols,GL-ry.fv.ca,Reductigleyic,Fluvic,Calcaric,Reductigleyic,Clayic,Fluvic_ Thaptohistic,Calcaric,Kustvlakte_ Middelland,-0.5067497645,0.4359516901,-0.6372966465,2.392181793,1.701128528,89,NA,NA,6,1,3,NA,NA,40651,1,173154
p783e6dd_0_10,P783e6dd,CMON_P783e6dd,0-10,2022-11-04,ILVO,194925,190805,20.37,1838,3,grasland,0,Blijvend grasland,gras,R2 (Mesic grasslands),Blijvend grasland,1,1,LT,0.01,NA,2.93,NA,0.259,4.7,1.24,36.25,3.63,3.2,0.32,11.33,19,23.5,5.42,12.05,82.53,Normaal,Bewolkt,Neerslag maar zonder hevige buien afgelopen 24 uur,Sdg,Sdg,Sdg,Matig natte lemig zandbodem met duidelijke ijzer en/of humus B horizont,S,d,g,Kempen,Gleyic Podzols (Loamic),Podzols,PZ-gl,Gleyic,NA,NA,Endogleyic,Loamic,NA,Dystric,Heuvelland van Lummen,0.1083593357,1.047301726,0.4141482658,-0.037788091,-0.1926017365,28,NA,NA,2,14,26,NA,NA,4861,368712,416264
p783e6dd_10_30,P783e6dd,CMON_P783e6dd,45960,2022-11-04,ILVO,194925,190805,20.37,1838,3,grasland,0,Blijvend grasland,gras,R2 (Mesic grasslands),Blijvend grasland,1,1,LT,0.01,NA,1.31,NA,0.113,4.6,1.37,35.76,1.79,3.09,0.15,11.57,10,13.7,4.58,16.68,78.74,Normaal,Bewolkt,Neerslag maar zonder hevige buien afgelopen 24 uur,Sdg,Sdg,Sdg,Matig natte lemig zandbodem met duidelijke ijzer en/of humus B horizont,S,d,g,Kempen,Gleyic Podzols (Loamic),Podzols,PZ-gl,Gleyic,NA,NA,Endogleyic,Loamic,NA,Dystric,Heuvelland van Lummen,0.1083593357,1.047301726,0.4141482658,-0.037788091,-0.1926017365,37,NA,NA,9,11,31,NA,NA,10251,2856329,3445010
p78e64c6_0_10,P78e64c6,CMON_P78e64c6,0-10,2022-04-28,ILVO,201335,190515,22.18,2862,3,grasland,0,Blijvend grasland,gras,R2 (Mesic grasslands),Blijvend grasland,1,0,LT,0.01,NA,5.9,NA,0.505,4.6,0.93,55.03,5.5,4.71,0.47,11.68,28.4,26.4,12.09,24.35,63.56,Normaal,Zonnig / helder,Geen neerslag in afgelopen week,LFp,LFp,LFp,Natte tot zeer natte zandleembodem zonder profiel,L,e-f,p,Kempen,Fluvic Gleyic Phaeozems (Loamic_ Fluvic),Phaeozems,PH-gl.fv,Gleyic,Fluvic,NA,Amphigleyic,Loamic,Fluvic,Eutric,Heuvelland van Lummen,1.107911623,-0.01451675727,-0.2430048044,1.238975747,0.9705329552,22,NA,NA,7,25,44,NA,NA,559,1260412,1411477
p78e64c6_10_30,P78e64c6,CMON_P78e64c6,45960,2022-04-28,ILVO,201335,190515,22.18,2862,3,grasland,0,Blijvend grasland,gras,R2 (Mesic grasslands),Blijvend grasland,1,0,LT,0.01,NA,2.34,NA,0.188,4.4,1.34,62.56,3.13,5.03,0.25,12.44,22.1,29.6,10.72,24.33,64.95,Normaal,Zonnig / helder,Geen neerslag in afgelopen week,LFp,LFp,LFp,Natte tot zeer natte zandleembodem zonder profiel,L,e-f,p,Kempen,Fluvic Gleyic Phaeozems (Loamic_ Fluvic),Phaeozems,PH-gl.fv,Gleyic,Fluvic,NA,Amphigleyic,Loamic,Fluvic,Eutric,Heuvelland van Lummen,1.107911623,-0.01451675727,-0.2430048044,1.238975747,0.9705329552,16,NA,NA,4,20,39,NA,NA,547,2525292,2709229
p566fd61_0_10,P566fd61,CMON_P566fd61,0-10,2022-09-30,ILVO,75285,205765,7.36,1636,3,grasland,0,Blijvend grasland,gras,R2 (Mesic grasslands),Blijvend grasland,1,1,LT,0.01,NA,4.93,NA,0.476,4.8,1.14,56.23,5.62,5.43,0.54,10.36,36.6,41.7,11.29,35.05,53.66,Normaal,Zonnig / helder,Geen neerslag in de afgelopen 24 uur,Sep,Sep,Sep,Natte lemig zandbodem zonder profiel,S,e,p,Zandstreek,Eutric Gleyic Cambisols (Loamic),Cambisols,CM-gl.eu,Gleyic,Eutric,NA,Endogleyic,Loamic,NA,Eutric,West-Vlaams cuestaland,-1.121858865,1.40124122,NA,0.3740712114,0.5744853375,25,NA,NA,2,17,31,NA,NA,9737,603867,684720
p967a8bc_0_10,P967a8bc,CMON_P967a8bc,0-10,2023-02-02,ILVO,47795,177415,16.43,2277,4,Akkerland,0,Tijdelijk grasland,gras,V1 (Arable land and market gardens),Tijdelijk grasland,1,1,LT,0.01,NA,1.59,NA,0.175,6,1.39,22.07,2.21,2.43,0.24,9.08,29.3,40.7,15.86,45.99,38.15,NA,NA,NA,Pdc,Pdc,Pdc,Matig natte licht zandleembodem met sterk gevlekte_ verbrokkelde textuur B horizont,P,d,c,Zandleemstreek,Eutric Gleyic Retisols (Loamic),Retisols,RT-gl.eu,Gleyic,Eutric,NA,Endogleyic,Loamic,NA,Eutric,Polder-Leie interfluvium,-0.5067497645,-0.239750981,NA,-0.6555770447,-0.4932100442,13,NA,NA,1,11,42,NA,NA,871,43906,1512900
p7b29210_0_10,P7b29210,CMON_P7b29210,0-10,2022-05-11,INBO,222235,189515,56.33,1710,2,Natuur,0,Natuur,gras_ pitrus_ zwarte els,R1 (Dry grasslands),Natuurgrasland,1,1,LT,0.01,NA,3.5,NA,0.253,4,1.2,41.99,4.2,3.04,0.3,13.83,20.7,24.8,6.5,11.71,81.79,Normaal,Zonnig / helder,Geen neerslag in afgelopen maand,Zeg,Zeg,Zeg,Natte zandbodem met duidelijke ijzer en/of humus B horizont,Z,e,g,Kempen,Gleyic Podzols (Arenic),Podzols,PZ-gl,Gleyic,NA,NA,Endogleyic,Arenic,NA,Dystric,Maasterrassen,1.031022986,1.047301726,-0.7687272605,0.12695563,0.3356318773,85,98,186,10,20,26,94141,103980,78714,931204,960372
p7b29210_10_30,P7b29210,CMON_P7b29210,45960,2022-05-11,INBO,222235,189515,56.33,1710,2,Natuur,0,Natuur,gras_ pitrus_ zwarte els,R1 (Dry grasslands),Natuurgrasland,1,1,LT,0.01,NA,2.08,NA,0.13,4.1,1.22,50.72,2.54,3.17,0.16,16,29.8,36.3,5.44,9.34,85.22,Normaal,Zonnig / helder,Geen neerslag in afgelopen maand,Zeg,Zeg,Zeg,Natte zandbodem met duidelijke ijzer en/of humus B horizont,Z,e,g,Kempen,Gleyic Podzols (Arenic),Podzols,PZ-gl,Gleyic,NA,NA,Endogleyic,Arenic,NA,Dystric,Maasterrassen,1.031022986,1.047301726,-0.7687272605,0.12695563,0.3356318773,12,NA,NA,4,12,14,NA,NA,370,846789,946948
p7b2e347_0_10,P7b2e347,CMON_P7b2e347,0-10,2022-05-10,INBO,193265,189505,17.33,5934,2,Natuur,0,Natuur,gras_ zegge_ pitrus,R3 (Seasonally wet and wet grasslands),Moeras,1,1,LT,0.01,NA,5.52,NA,0.407,4.2,0.88,48.78,4.88,3.6,0.36,13.56,56.9,50.1,13.31,10.5,76.19,Normaal,Bewolkt,Geen neerslag in afgelopen week,V,V,V,Veenbodem,V,NA,NA,Kempen,Dystric Rheic Sapric Histosols,Histosols,HS-sa.rh.dy,Sapric,Rheic,Dystric,Reductigleyic,$,NA,Dystric,Heuvelland van Lummen,3.107016199,-0.336279934,0.939870722,1.444905398,1.015190386,4,NA,NA,1,5,13,NA,NA,99,43540,1986695
p7b2e347_10_30,P7b2e347,CMON_P7b2e347,45960,2022-05-10,INBO,193265,189505,17.33,5934,2,Natuur,0,Natuur,gras_ zegge_ pitrus,R3 (Seasonally wet and wet grasslands),Moeras,1,1,LT,0.01,NA,3.39,NA,0.246,4.3,1.04,70.56,3.53,5.12,0.26,13.78,51.4,53.4,17.98,10.72,71.3,Normaal,Bewolkt,Geen neerslag in afgelopen week,V,V,V,Veenbodem,V,NA,NA,Kempen,Dystric Rheic Sapric Histosols,Histosols,HS-sa.rh.dy,Sapric,Rheic,Dystric,Reductigleyic,$,NA,Dystric,Heuvelland van Lummen,3.107016199,-0.336279934,0.939870722,1.444905398,1.015190386,15,NA,NA,5,6,11,NA,NA,283,4647,561458
p50033ab_10_30,P50033ab,CMON_P50033ab,45960,2023-02-15,ILVO,222985,208615,53.02,3659,4,Akkerland,0,Akker,geploegd,V1 (Arable land and market gardens),Akker,1,1,LT,0.01,NA,1.64,NA,0.122,5.2,1.46,48.04,2.4,3.57,0.18,13.46,12.8,18.7,7.92,16.08,76,NA,NA,NA,t-Sdc3,t-Sdc3,Sdc,Matig natte lemig zandbodem met sterk gevlekte_ verbrokkelde textuur B horizont,S,d,c,Kempen,Gleyic Plaggic Retisols (Loamic_ Ruptic),Retisols,RT-pa.gl,Plaggic,Gleyic,NA,Endogleyic,Loamic,Ruptic,Dystric,Maasterrassen,0.2621366107,-1.237216829,NA,0.04458376949,-0.3112629106,49,NA,NA,4,7,26,NA,NA,6715,56660,405340
p66a0591_0_10,P66a0591,CMON_P66a0591,0-10,2023-01-31,ILVO,228405,198605,72.74,2635,4,Akkerland,0,Tijdelijk grasland,gras,V1 (Arable land and market gardens),Tijdelijk grasland,1,1,LT,0.01,NA,1.23,NA,0.104,5.6,1.36,16.73,1.67,1.41,0.14,11.87,16.5,22.5,6.3,14.5,79.2,NA,NA,NA,Scf3t,Scf3t,Scf,Matig droge lemig zandbodem met weinig duidelijke ijzer en/of humus B horizont,S,c,f,Kempen,Plaggic Cambisols (Loamic),Cambisols,CM-pa,Plaggic,NA,NA,NA,Loamic,NA,Dystric,Maasterrassen,-0.583638402,-0.01451675727,NA,-0.5320192539,-0.8836435848,44,NA,NA,2,5,14,NA,NA,10633,813462,850601
p7bd7310_0_10,P7bd7310,CMON_P7bd7310,0-10,2023-01-26,ILVO,245435,189215,36.55,3238,4,Akkerland,0,Akker,geploegd,V1 (Arable land and market gardens),Akker,1,1,LT,0.01,NA,1.85,NA,0.181,6.3,1.4,25.88,2.59,2.53,0.25,10.23,28.2,39.5,31.98,52.62,15.4,NA,NA,NA,Ldpy,Ldpy,Ldp,Matig natte zandleembodem zonder profiel,L,d,p,Zandleemstreek,Eutric Fluvic Gleyic Cambisols (Loamic_ Fluvic),Cambisols,CM-gl.fv.eu,Gleyic,Fluvic,Eutric,Endogleyic,Loamic,Fluvic,Eutric,Maasterrassen,-0.583638402,-0.9798062874,0.5455788799,-0.6967629749,-0.04535980642,21,NA,NA,0,8,12,NA,NA,6737,49085,458127
p7bd7310_10_30,P7bd7310,CMON_P7bd7310,45960,2023-01-26,ILVO,245435,189215,36.55,3238,4,Akkerland,0,Akker,geploegd,V1 (Arable land and market gardens),Akker,1,1,LT,0.01,NA,1.77,NA,0.174,6.3,1.47,51.9,2.6,5.1,0.26,10.18,25.1,36.9,33.78,53.46,12.76,NA,NA,NA,Ldpy,Ldpy,Ldp,Matig natte zandleembodem zonder profiel,L,d,p,Zandleemstreek,Eutric Fluvic Gleyic Cambisols (Loamic_ Fluvic),Cambisols,CM-gl.fv.eu,Gleyic,Fluvic,Eutric,Endogleyic,Loamic,Fluvic,Eutric,Maasterrassen,-0.583638402,-0.9798062874,0.5455788799,-0.6967629749,-0.04535980642,50,NA,NA,7,15,19,NA,NA,14579,1713481,2304089
pb13ac8c_10_30,Pb13ac8c,CMON_Pb13ac8c,45960,2023-01-09,ILVO,85715,165575,19.11,561,4,Akkerland,0,Tijdelijk grasland,gras,V1 (Arable land and market gardens),Tijdelijk grasland,1,1,LT,0.01,NA,1.26,NA,0.124,5.6,1.45,36.44,1.82,3.59,0.18,10.15,24.5,35.5,14.22,62.99,22.79,NA,NA,NA,Ldc,Ldc,Ldc,Matig natte zandleembodem met sterk gevlekte_ verbrokkelde textuur B horizont,L,d,c,Zandleemstreek,Eutric Gleyic Retisols (Loamic),Retisols,RT-gl.eu,Gleyic,Eutric,NA,Endogleyic,Loamic,NA,Eutric,Zuidelijke Vlaamse laagvlakte,-0.6605270395,-1.333745782,NA,-0.7791348354,-0.625906411,23,NA,NA,3,4,15,NA,NA,7715,76914,93199
p50d3b32_0_10,P50d3b32,CMON_P50d3b32,0-10,2022-11-03,ILVO,234255,208255,41.98,75,3,grasland,0,Blijvend grasland,gras,R1 (Dry grasslands),Blijvend grasland,1,1,LT,0.01,NA,1.59,NA,0.137,5.3,1.51,24.06,2.41,2.07,0.21,11.62,10.2,15.5,6.8,18.77,74.43,Normaal,Bewolkt,Neerslag maar zonder hevige buien afgelopen 24 uur,t-Zcf,t-Zcf,Zcf,Matig droge zandbodem met weinig duidelijke ijzer en/of humus B horizont,Z,c,f,Kempen,Dystric Brunic Arenosols (Ruptic),Arenosols,AR-br.dy,Brunic,Dystric,NA,NA,Arenic,Ruptic,Dystric,Maasterrassen,0.1852479732,-0.9798062874,NA,-1.149808208,-0.4702433653,27,83,97,1,6,23,27824,11232,2125,973595,1291149
p7c25ea3_0_10,P7c25ea3,CMON_P7c25ea3,0-10,2023-01-30,ILVO,153625,189075,10.34,1038,4,Akkerland,0,Akker,geploegd,V1 (Arable land and market gardens),Akker,1,1,NA,0.02,NA,1.95,NA,0.13,7.5,1.37,26.53,2.65,1.79,0.18,14.82,29.6,40.5,12.66,55.94,31.4,NA,NA,NA,Lccz,Lccz,Lcc,Matig droge zandleembodem met sterk gevlekte_ verbrokkelde textuur B horizont,L,c,c,Zandstreek,Eutric Retisols (Loamic_ Ruptic),Retisols,RT-eu,Eutric,NA,NA,NA,Loamic,Ruptic,Eutric,Oostelijke Vlaamse laagvlakte,-0.3529724895,-2.009448453,2.254176862,-0.5732051842,0.007208369637,19,NA,NA,4,6,15,NA,NA,4143,614326,747965
p7c25ea3_10_30,P7c25ea3,CMON_P7c25ea3,45960,2023-01-30,ILVO,153625,189075,10.34,1038,4,Akkerland,0,Akker,geploegd,V1 (Arable land and market gardens),Akker,1,1,NA,0.02,NA,1.99,NA,0.127,7.6,1.35,53.31,2.67,3.44,0.17,15.5,30.7,41.4,14.31,55.02,30.67,NA,NA,NA,Lccz,Lccz,Lcc,Matig droge zandleembodem met sterk gevlekte_ verbrokkelde textuur B horizont,L,c,c,Zandstreek,Eutric Retisols (Loamic_ Ruptic),Retisols,RT-eu,Eutric,NA,NA,NA,Loamic,Ruptic,Eutric,Oostelijke Vlaamse laagvlakte,-0.3529724895,-2.009448453,2.254176862,-0.5732051842,0.007208369637,17,NA,NA,0,3,6,NA,NA,1189,13325,201103
p7d8c369_0_10,P7d8c369,CMON_P7d8c369,0-10,2022-11-16,ILVO,142965,188455,10.08,782,3,grasland,0,Blijvend grasland,gras,R2 (Mesic grasslands),Blijvend grasland,1,1,LT,0.01,NA,3.54,NA,0.386,4.8,1.26,44.59,4.46,4.86,0.49,9.17,31.7,40,28.24,50.98,20.78,Normaal,Bewolkt,Geen neerslag in de afgelopen 24 uur,Lep,Lep,Lep,Natte zandleembodem zonder profiel,L,e,p,Zandstreek,Eutric Fluvic Gleyic Cambisols (Loamic_ Fluvic),Cambisols,CM-gl.fv.eu,Gleyic,Fluvic,Eutric,Endogleyic,Loamic,Fluvic,Eutric,Oostelijke Vlaamse laagvlakte,2.338129824,1.240359632,-0.5058660324,-0.1201599515,0.6033212787,7,46,123,2,17,33,27092,123742,56,688170,700148
p7d8c369_10_30,P7d8c369,CMON_P7d8c369,45960,2022-11-16,ILVO,142965,188455,10.08,782,3,grasland,0,Blijvend grasland,gras,R2 (Mesic grasslands),Blijvend grasland,1,1,LT,0.01,NA,2.33,NA,0.277,4.8,1.26,58.61,2.93,6.97,0.35,8.41,28.5,35.9,28.95,50.72,20.33,Normaal,Bewolkt,Geen neerslag in de afgelopen 24 uur,Lep,Lep,Lep,Natte zandleembodem zonder profiel,L,e,p,Zandstreek,Eutric Fluvic Gleyic Cambisols (Loamic_ Fluvic),Cambisols,CM-gl.fv.eu,Gleyic,Fluvic,Eutric,Endogleyic,Loamic,Fluvic,Eutric,Oostelijke Vlaamse laagvlakte,2.338129824,1.240359632,-0.5058660324,-0.1201599515,0.6033212787,7,NA,NA,4,8,21,NA,NA,272,64978,116495
p7ddde66_0_10,P7ddde66,CMON_P7ddde66,0-10,2023-03-10,INBO,172535,188315,11.15,42126,2,Natuur,0,Natuur,gras_ pitrus_ schapenzuring_ wilg,R3 (Seasonally wet and wet grasslands),Residentieel grasland,1,1,LT,0.01,NA,1.64,NA,0.121,3.8,1.22,20.04,2,1.48,0.15,13.55,25.7,31.4,6.82,16.66,76.52,Waterverzadigd,Buien (wisselvallig),Neerslag maar zonder hevige buien afgelopen 24 uur,lSdm(g),lSdm(g),Sdm,Matig natte lemig zandbodem met dikke antropogene humus A horizont,S,d,m,Kempen,Terric Anthrosols (Loamic_ Ruptic),Anthrosols,AT-tr,Terric,NA,NA,Endogleyic,Loamic,Ruptic,Eutric,Oostelijke Boomse cuesta,0.03147069815,1.465593856,-0.1115741903,0.04458376949,-0.914776194,23,NA,NA,5,16,18,NA,NA,2331,858541,859726
p7ddde66_10_30,P7ddde66,CMON_P7ddde66,45960,2023-03-10,INBO,172535,188315,11.15,42126,2,Natuur,0,Natuur,gras_ pitrus_ schapenzuring_ wilg,R3 (Seasonally wet and wet grasslands),Residentieel grasland,1,1,LT,0.01,NA,0.84,NA,0.057,3.9,1.41,23.67,1.18,1.61,0.08,14.74,18.5,26.1,5.08,16.33,78.59,Waterverzadigd,Buien (wisselvallig),Neerslag maar zonder hevige buien afgelopen 24 uur,lSdm(g),lSdm(g),Sdm,Matig natte lemig zandbodem met dikke antropogene humus A horizont,S,d,m,Kempen,Terric Anthrosols (Loamic_ Ruptic),Anthrosols,AT-tr,Terric,NA,NA,Endogleyic,Loamic,Ruptic,Eutric,Oostelijke Boomse cuesta,0.03147069815,1.465593856,-0.1115741903,0.04458376949,-0.914776194,8,NA,NA,2,10,11,NA,NA,214,105401,401180
p7e59c2c_0_10,P7e59c2c,CMON_P7e59c2c,0-10,2022-11-07,ILVO,34515,188095,7.12,2085,3,grasland,1,Blijvend grasland,gras,R2 (Mesic grasslands),Blijvend grasland,1,1,LT,0.01,NA,3.44,NA,0.337,5.8,1.22,41.9,4.19,4.1,0.41,10.22,36.2,44.2,16.88,47.04,36.08,Normaal,Bewolkt,Hevige neerslag afgelopen week of regenstorm in afgelopen 24 uur,OB,OB,OB,Bebouwde zones,NA,NA,NA,Kunstmatige gronden,Technosols/Not Surveyed,Technosols/Not Surveyed,TC,NA,NA,NA,NA,NA,NA,NA,Polder-Leie interfluvium,-0.04541793937,0.2428937841,1.465593178,0.04458376949,0.3583433709,21,NA,NA,1,4,5,NA,NA,1498,14463,14465
p7e59c2c_10_30,P7e59c2c,CMON_P7e59c2c,45960,2022-11-07,ILVO,34515,188095,7.12,2085,3,grasland,1,Blijvend grasland,gras,R2 (Mesic grasslands),Blijvend grasland,1,1,NA,0.08,NA,1.99,NA,0.179,6.9,1.35,51.7,2.59,4.85,0.24,10.66,26.5,35.8,18.8,49.29,31.91,Normaal,Bewolkt,Hevige neerslag afgelopen week of regenstorm in afgelopen 24 uur,OB,OB,OB,Bebouwde zones,NA,NA,NA,Kunstmatige gronden,Technosols/Not Surveyed,Technosols/Not Surveyed,TC,NA,NA,NA,NA,NA,NA,NA,Polder-Leie interfluvium,-0.04541793937,0.2428937841,1.465593178,0.04458376949,0.3583433709,30,NA,NA,2,7,14,NA,NA,3509,466513,874937
p7f3ec04_0_10,P7f3ec04,CMON_P7f3ec04,0-10,2023-01-27,INBO,175635,187705,12.19,2446,2,Natuur,0,Natuur,gras_ berk,R2 (Mesic grasslands),Natuurgrasland,1,1,LT,0.01,NA,3.23,NA,0.263,4.4,0.98,31.63,3.16,2.58,0.26,12.28,36.1,35.3,7.6,15.22,77.18,Normaal,Bewolkt,Geen neerslag in de afgelopen 24 uur,sPdp,sPdp,Pdp,Matig natte licht zandleembodem zonder profiel,P,d,p,Kempen,Dystric Fluvic Gleyic Cambisols (Loamic_ Fluvic_ Ruptic),Cambisols,CM-gl.fv.dy,Gleyic,Fluvic,Dystric,Endogleyic,Loamic,Fluvic_ Ruptic,Dystric,Oostelijke Boomse cuesta,3.491459387,0.6611859138,0.0198564237,1.033046095,-0.02264831288,43,173,200,3,20,50,121025,106963,19103,83085,235103
p7f3ec04_10_30,P7f3ec04,CMON_P7f3ec04,45960,2023-01-27,INBO,175635,187705,12.19,2446,2,Natuur,0,Natuur,gras_ berk,R2 (Mesic grasslands),Natuurgrasland,1,1,LT,0.01,NA,1.75,NA,0.115,4.4,1.34,47.04,2.35,3.09,0.15,15.22,26.8,35.9,9.09,17.51,73.4,Normaal,Bewolkt,Geen neerslag in de afgelopen 24 uur,sPdp,sPdp,Pdp,Matig natte licht zandleembodem zonder profiel,P,d,p,Kempen,Dystric Fluvic Gleyic Cambisols (Loamic_ Fluvic_ Ruptic),Cambisols,CM-gl.fv.dy,Gleyic,Fluvic,Dystric,Endogleyic,Loamic,Fluvic_ Ruptic,Dystric,Oostelijke Boomse cuesta,3.491459387,0.6611859138,0.0198564237,1.033046095,-0.02264831288,10,NA,NA,1,6,19,NA,NA,430,65972,194672
p1aec071_0_10,P1aec071,CMON_P1aec071,0-10,2022-03-01,ILVO,195365,232115,29.73,467,5,Residentieel,0,Akker,wintergraan,V1 (Arable land and market gardens),Akker,1,1,LT,0.01,NA,1.67,NA,0.107,5.6,1.43,23.84,2.38,1.53,0.15,15.61,15.7,22.5,7.07,22.73,70.2,Normaal,Bewolkt,Geen neerslag in de afgelopen 24 uur,l-Sdm,l-Sdm,Sdm,Matig natte lemig zandbodem met dikke antropogene humus A horizont,S,d,m,Kempen,Plaggic Anthrosols (Loamic_ Ruptic),Anthrosols,AT-pa,Plaggic,NA,NA,Endogleyic,Loamic,Ruptic,Dystric,Kempische cuesta,-0.1991952144,-1.140687876,NA,-0.8203207656,-0.3209599528,22,18,121,4,9,23,1046,85862,6605,41057,630868
p3106a24_0_10,P3106a24,CMON_P3106a24,0-10,2023-03-20,ILVO,66355,222325,3.98,3300,4,Akkerland,0,Akker,geploegd,V1 (Arable land and market gardens),Akker,1,1,LT,0.01,NA,1.22,NA,0.134,6.8,1.46,17.66,1.77,1.96,0.2,9.01,29.8,43.4,27.01,39.62,33.37,NA,NA,NA,m.Dl5,uEdpz,Edp,Overdekte kreekruggronden - slibhoudend zand (Middellandpolders),E,d,p,Middellandpolders,Calcaric Fluvic Gleyic Cambisols (Loamic_ Fluvic_ Ruptic),Cambisols,CM-gl.fv.ca,Gleyic,Fluvic,Calcaric,Endogleyic,Loamic,Fluvic_ Ruptic,Calcaric,Kustvlakte_ Middelland,-0.1991952144,-0.239750981,NA,-0.9438785564,-0.6685223595,2,NA,NA,0,6,11,NA,NA,20,32758,162783
p8034d3d_0_10,P8034d3d,CMON_P8034d3d,0-10,2022-01-25,ILVO,69085,187275,25.67,2481,4,Akkerland,1,Akker,Kolen,V1 (Arable land and market gardens),Akker,1,1,LT,0.01,NA,1.9,NA,0.191,6,1.41,26.82,2.68,2.7,0.27,9.93,26.3,37.1,12.38,36.64,50.98,Normaal,Mist,Geen neerslag in afgelopen week,Lep,Lep,Lep,Natte zandleembodem zonder profiel,L,e,p,Zandleemstreek,Eutric Fluvic Gleyic Cambisols (Loamic_ Fluvic),Cambisols,CM-gl.fv.eu,Gleyic,Fluvic,Eutric,Endogleyic,Loamic,Fluvic,Eutric,Polder-Leie interfluvium,-1.121858865,0.3072464194,-0.6372966465,-0.7379489051,-0.09512094395,6,NA,NA,1,11,25,NA,NA,340,1956217,2536290
p8034d3d_10_30,P8034d3d,CMON_P8034d3d,45960,2022-01-25,ILVO,69085,187275,25.67,2481,4,Akkerland,1,Akker,Kolen,V1 (Arable land and market gardens),Akker,1,1,LT,0.01,NA,1.83,NA,0.185,5.7,1.34,49.01,2.45,4.95,0.25,9.9,26.8,35.9,13.71,37.62,48.67,Normaal,Mist,Geen neerslag in afgelopen week,Lep,Lep,Lep,Natte zandleembodem zonder profiel,L,e,p,Zandleemstreek,Eutric Fluvic Gleyic Cambisols (Loamic_ Fluvic),Cambisols,CM-gl.fv.eu,Gleyic,Fluvic,Eutric,Endogleyic,Loamic,Fluvic,Eutric,Polder-Leie interfluvium,-1.121858865,0.3072464194,-0.6372966465,-0.7379489051,-0.09512094395,10,NA,NA,3,4,19,NA,NA,689,870085,893693
p82c6a41_0_10,P82c6a41,CMON_P82c6a41,0-10,2022-07-06,INBO,245685,186145,37.16,6566,2,Natuur,0,Natuur,gras_ hondsroos_ meidoorn_ vijfvingerkruid,R2 (Mesic grasslands),Natuurgrasland,1,1,NA,0.234,NA,3.48,NA,0.215,7.4,1,34.8,3.48,2.15,0.22,16.19,NA,NA,20.6,47.9,31.5,NA,NA,NA,Lbpz,Lbpz,Lbp,Droge zandleembodem zonder profiel,L,b,p,Zandleemstreek,Haplic Luvisols (Loamic_ Ruptic),Luvisols,LV-ha,Haplic,NA,NA,NA,Loamic,Ruptic,Eutric,Vlakte van de Maas,-0.1223065769,-0.04669307494,0.1512870377,0.9506742349,-0.08057538067,50,17,103,4,17,37,330,15522,5382,338986,757402
p82c6a41_10_30,P82c6a41,CMON_P82c6a41,45960,2022-07-06,INBO,245685,186145,37.16,6566,2,Natuur,0,Natuur,gras_ hondsroos_ meidoorn_ vijfvingerkruid,R2 (Mesic grasslands),Natuurgrasland,1,1,NA,0.229,NA,2.08,NA,0.128,7.5,1,41.6,2.08,2.56,0.13,20,NA,NA,14.3,59,26.7,NA,NA,NA,Lbpz,Lbpz,Lbp,Droge zandleembodem zonder profiel,L,b,p,Zandleemstreek,Haplic Luvisols (Loamic_ Ruptic),Luvisols,LV-ha,Haplic,NA,NA,NA,Loamic,Ruptic,Eutric,Vlakte van de Maas,-0.1223065769,-0.04669307494,0.1512870377,0.9506742349,-0.08057538067,29,NA,NA,2,6,15,NA,NA,3797,1109,873543
p9648a7c_0_10,P9648a7c,CMON_P9648a7c,0-10,2023-02-23,INBO,136195,177505,36.87,4193,2,Natuur,1,Natuur,grassen_ watermunt,R3 (Seasonally wet and wet grasslands),Natuurgrasland,1,1,LT,0.01,NA,5.01,NA,0.496,5.8,0.72,36.18,3.62,3.58,0.36,10.1,78,56.1,26,64.77,9.23,Waterverzadigd,Bewolkt,Hevige neerslag afgelopen week of regenstorm in afgelopen 24 uur,Adp,Adp,Adp,Matig natte leembodem zonder profiel,A,d,p,Zandleemstreek,Eutric Gleyic Cambisols (Siltic_ Colluvic),Cambisols,CM-gl.eu,Gleyic,Eutric,NA,Endogleyic,Siltic,Colluvic,Eutric,Dender-Zenne interfluvium,0.6465797983,1.369064903,NA,2.103880282,-0.2283276813,3,108,190,1,10,27,124425,72859,43,805057,929378
p9f499c0_0_10,P9f499c0,CMON_P9f499c0,0-10,2022-02-17,ILVO,31995,173515,36.89,1445,4,Akkerland,0,Akker,Maïsstoppel,V1 (Arable land and market gardens),Akker,1,1,LT,0.01,NA,1.03,NA,0.118,5.8,1.5,15.45,1.55,1.77,0.18,8.73,23.6,35.5,18.05,35.92,46.03,Normaal,Zonnig / helder,Neerslag maar zonder hevige buien afgelopen 24 uur,wLDx,wLDx,LDx,Matig droge tot matig natte zandleembodem met onbepaald profiel,L,c-d,x,Zandleemstreek,Eutric Stagnosols (Loamic_ Ruptic),Stagnosols,ST-eu,Eutric,NA,NA,Stagnic,Loamic,Ruptic,Eutric,Polder-Leie interfluvium,-0.7374156771,0.1141885134,NA,-1.108622277,-0.9811243773,11,NA,NA,1,7,15,NA,NA,6105,401671,423165
p859a1d7_0_10,P859a1d7,CMON_P859a1d7,0-10,2022-03-09,ILVO,32305,184885,10.85,1061,4,Akkerland,0,Akker,groenbemester,V1 (Arable land and market gardens),Akker,1,1,LT,0.01,NA,1.38,NA,0.151,6.1,1.51,20.85,2.09,2.28,0.23,9.14,24.1,36.4,17.57,50.61,31.82,Normaal,Zonnig / helder,Geen neerslag in de afgelopen 24 uur,Ldp,Ldp,Ldp,Matig natte zandleembodem zonder profiel,L,d,p,Zandleemstreek,Eutric Fluvic Gleyic Cambisols (Loamic_ Fluvic),Cambisols,CM-gl.fv.eu,Gleyic,Fluvic,Eutric,Endogleyic,Loamic,Fluvic,Eutric,Polder-Leie interfluvium,-0.9680815896,1.047301726,-0.9001578746,-1.149808208,-0.7200697943,33,NA,NA,3,11,24,NA,NA,3863,2215084,2524257
p859a1d7_10_30,P859a1d7,CMON_P859a1d7,45960,2022-03-09,ILVO,32305,184885,10.85,1061,4,Akkerland,0,Akker,groenbemester,V1 (Arable land and market gardens),Akker,1,1,LT,0.01,NA,1.01,NA,0.117,5.9,1.51,30.49,1.52,3.53,0.18,8.64,23.4,35.3,17.2,51.04,31.76,Normaal,Zonnig / helder,Geen neerslag in de afgelopen 24 uur,Ldp,Ldp,Ldp,Matig natte zandleembodem zonder profiel,L,d,p,Zandleemstreek,Eutric Fluvic Gleyic Cambisols (Loamic_ Fluvic),Cambisols,CM-gl.fv.eu,Gleyic,Fluvic,Eutric,Endogleyic,Loamic,Fluvic,Eutric,Polder-Leie interfluvium,-0.9680815896,1.047301726,-0.9001578746,-1.149808208,-0.7200697943,16,NA,NA,4,6,19,NA,NA,4574,692272,746971
p85e0d42_0_10,P85e0d42,CMON_P85e0d42,0-10,2023-04-03,ILVO,86175,184765,9.93,3825,4,Akkerland,0,Akker,geploegd,V1 (Arable land and market gardens),Akker,1,1,LT,0.01,NA,0.9,NA,0.092,5.7,1.42,12.75,1.28,1.3,0.13,9.81,20.8,29.5,6.21,23.63,70.16,NA,NA,NA,Pbc,Pbc,Pbc,Droge licht zandleembodem met sterk gevlekte_ verbrokkelde textuur B horizont,P,b,c,Zandstreek,Eutric Retisols (Loamic),Retisols,RT-eu,Eutric,NA,NA,NA,Loamic,NA,Eutric,Zuidelijke Vlaamse laagvlakte,-1.044970227,-0.7545720637,0.0198564237,-0.7791348354,-1.246772296,28,NA,NA,0,0,5,NA,NA,22894,0,469130
p85e0d42_10_30,P85e0d42,CMON_P85e0d42,45960,2023-04-03,ILVO,86175,184765,9.93,3825,4,Akkerland,0,Akker,geploegd,V1 (Arable land and market gardens),Akker,1,1,LT,0.01,NA,0.57,NA,0.06,5.7,1.57,17.95,0.9,1.89,0.09,9.5,19.2,30.1,6.43,22.44,71.13,NA,NA,NA,Pbc,Pbc,Pbc,Droge licht zandleembodem met sterk gevlekte_ verbrokkelde textuur B horizont,P,b,c,Zandstreek,Eutric Retisols (Loamic),Retisols,RT-eu,Eutric,NA,NA,NA,Loamic,NA,Eutric,Zuidelijke Vlaamse laagvlakte,-1.044970227,-0.7545720637,0.0198564237,-0.7791348354,-1.246772296,16,NA,NA,0,2,3,NA,NA,12055,3,4
p8622e1e_0_10,P8622e1e,CMON_P8622e1e,0-10,2023-01-23,ILVO,186055,184655,48,2606,4,Akkerland,0,Akker,geploegd,V1 (Arable land and market gardens),Akker,1,1,LT,0.01,NA,0.96,NA,0.091,4.6,1.52,14.6,1.46,1.38,0.14,10.58,23.8,36.1,13.95,37.57,48.48,NA,NA,NA,wLcc,wLcc,Lcc,Matig droge zandleembodem met sterk gevlekte_ verbrokkelde textuur B horizont,L,c,c,Zandstreek,Dystric Retisols (Loamic_ Ruptic),Retisols,RT-dy,Dystric,NA,NA,NA,Loamic,Ruptic,Dystric,Hagelands heuvelland,-0.6605270395,0.5968332785,-1.163019103,-1.190994138,-0.6886819998,4,NA,NA,5,14,34,NA,NA,63,1401551,2328684
p8622e1e_10_30,P8622e1e,CMON_P8622e1e,45960,2023-01-23,ILVO,186055,184655,48,2606,4,Akkerland,0,Akker,geploegd,V1 (Arable land and market gardens),Akker,1,1,LT,0.01,NA,1.22,NA,0.109,4.8,1.56,37.97,1.9,3.39,0.17,11.2,21.8,33.9,13.26,36.93,49.81,NA,NA,NA,wLcc,wLcc,Lcc,Matig droge zandleembodem met sterk gevlekte_ verbrokkelde textuur B horizont,L,c,c,Zandstreek,Dystric Retisols (Loamic_ Ruptic),Retisols,RT-dy,Dystric,NA,NA,NA,Loamic,Ruptic,Dystric,Hagelands heuvelland,-0.6605270395,0.5968332785,-1.163019103,-1.190994138,-0.6886819998,54,NA,NA,2,11,24,NA,NA,11389,1931397,2174874
p7f93bba_0_10,P7f93bba,CMON_P7f93bba,0-10,2023-02-09,ILVO,103295,187555,9.06,1505,4,Akkerland,0,Tijdelijk grasland,gras,V1 (Arable land and market gardens),Tijdelijk grasland,1,1,LT,0.01,NA,2.02,NA,0.166,5.3,1.3,26.23,2.62,2.16,0.22,12.14,20.3,26.4,5.57,10.97,83.46,NA,NA,NA,Zbm,Zbm,Zbm,Droge zandbodem met dikke antropogene humus A horizont,Z,b,m,Zandstreek,Terric Anthrosols (Arenic),Anthrosols,AT-tr,Terric,NA,NA,NA,Arenic,NA,Eutric,Zuidelijke Vlaamse laagvlakte,-1.044970227,1.015125408,NA,-0.2849036725,-0.08695501369,19,NA,NA,1,14,29,NA,NA,18660,763982,2906790
p885eb7b_10_30,P885eb7b,CMON_P885eb7b,45960,2022-12-02,ILVO,157305,183665,8.65,1550,3,grasland,0,Blijvend grasland,gras,R2 (Mesic grasslands),Blijvend grasland,1,1,LT,0.01,NA,2.12,NA,0.223,4.1,1.29,54.7,2.74,5.75,0.29,9.51,23.7,30.6,29.6,65,5.4,Normaal,Bewolkt,Hevige neerslag afgelopen week of regenstorm in afgelopen 24 uur,Edpy,Edpy,Edp,Matig gleyige kleibodem zonder profiel,E,d,p,Zandstreek,Eutric Fluvic Gleyic Cambisols (Loamic_ Fluvic),Cambisols,CM-gl.fv.eu,Gleyic,Fluvic,Eutric,Endogleyic,Loamic,Fluvic,Eutric,Oostelijke Vlaamse laagvlakte,-0.429861127,1.40124122,NA,1.156603886,0.6316468493,25,NA,NA,3,8,28,NA,NA,9992,558411,802579
p21327a1_0_10,P21327a1,CMON_P21327a1,0-10,2023-03-24,INBO,142885,229335,8.89,45411,2,Natuur,0,Natuur,gras_ kruidachtigen,V3 (Artificial grasslands and herb dominated habitats),Residentieel grasland,1,1,NA,0.28,NA,1.43,NA,0.087,7.82,1.3,14.9,1.49,1.13,0.11,13.22,10.5,13.7,5.15,5.77,89.08,Normaal,Bewolkt,Hevige neerslag afgelopen week of regenstorm in afgelopen 24 uur,Uep,Uep,Uep,Sterk gleyige zware kleibodem zonder profiel,U,e,p,Doel,Eutric Fluvic Gleyic Cambisols (Clayic_ Fluvic),Cambisols,CM-gl.fv.eu,Gleyic,Fluvic,Eutric,Endogleyic,Clayic,Fluvic,Eutric,Urban / Not mapped,0.3390252482,0.5003043254,NA,-0.2849036725,-1.347570498,23,NA,NA,1,3,10,NA,NA,3314,3218,310300
p3106a24_10_30,P3106a24,CMON_P3106a24,45960,2023-03-20,ILVO,66355,222325,3.98,3300,4,Akkerland,0,Akker,geploegd,V1 (Arable land and market gardens),Akker,1,1,LT,0.01,NA,1.1,NA,0.125,6.7,1.64,35.7,1.79,4.09,0.2,8.73,23.1,37.9,25.81,39.73,34.46,NA,NA,NA,m.Dl5,uEdpz,Edp,Overdekte kreekruggronden - slibhoudend zand (Middellandpolders),E,d,p,Middellandpolders,Calcaric Fluvic Gleyic Cambisols (Loamic_ Fluvic_ Ruptic),Cambisols,CM-gl.fv.ca,Gleyic,Fluvic,Calcaric,Endogleyic,Loamic,Fluvic_ Ruptic,Calcaric,Kustvlakte_ Middelland,-0.1991952144,-0.239750981,NA,-0.9438785564,-0.6685223595,5,NA,NA,1,15,32,NA,NA,29,105669,279748
pb0d03be_0_10,Pb0d03be,CMON_Pb0d03be,0-10,2022-02-08,ILVO,222135,165765,74.68,1518,4,Akkerland,0,Akker,Wintergraan,V1 (Arable land and market gardens),Akker,1,1,LT,0.01,NA,1.2,NA,0.13,6.5,1.44,17.31,1.73,1.88,0.19,9.21,28.3,40.8,25.35,67.22,7.43,Waterverzadigd,Bewolkt,Geen neerslag in de afgelopen 24 uur,Aba1,Aba1,Aba,Droge leembodem met textuur B horizont,A,b,a,Leemstreek,Nudiargic Luvisols (Siltic),Luvisols,LV-ng,Nudiargic,NA,NA,NA,Siltic,NA,Eutric,Plateau van Haspengouw,-0.429861127,-0.625866793,NA,-0.8615066959,-0.8425587482,9,NA,NA,2,3,9,NA,NA,633,188691,238106
p9864d46_0_10,P9864d46,CMON_P9864d46,0-10,2022-03-29,INBO,231895,176575,46.06,1830,2,Natuur,0,Natuur,gras_ bramen_ berenklauw,R1 (Dry grasslands),Natuurgrasland,1,1,LT,0.01,NA,3.01,NA,0.244,5.1,0.95,28.73,2.87,2.33,0.23,12.34,36.1,34.3,6.15,13.52,80.33,Normaal,Bewolkt,Geen neerslag in afgelopen week,Sdc3,Sdc3,Sdc,Matig natte lemig zandbodem met sterk gevlekte_ verbrokkelde textuur B horizont,S,d,c,Kempen,Gleyic Plaggic Retisols (Loamic),Retisols,RT-pa.gl,Plaggic,Gleyic,NA,Endogleyic,Loamic,NA,Dystric,Vlak van Zonhoven,1.646132086,-0.625866793,NA,1.156603886,-0.3936877691,26,70,79,3,20,54,7263,30254,2676,1381820,1554407
p88dda19_0_10,P88dda19,CMON_P88dda19,0-10,2023-02-06,ILVO,144325,183445,29.05,270,4,Akkerland,0,Akker,geploegd,V1 (Arable land and market gardens),Akker,1,1,LT,0.01,NA,1.11,NA,0.109,6.2,1.43,15.93,1.59,1.56,0.16,10.21,24.5,35,17.01,62.87,20.12,NA,NA,NA,Lcaz,Lcaz,Lca,Matig droge zandleembodem met textuur B horizont,L,c,a,Zandleemstreek,Haplic Luvisols (Loamic),Luvisols,LV-ha,Haplic,NA,NA,NA,Loamic,NA,Eutric,Dender-Zenne interfluvium,-0.5067497645,-0.915453652,0.4141482658,-0.8203207656,-0.8119365097,50,13,108,7,14,21,1162,124576,25578,1439716,1678137
p88dda19_10_30,P88dda19,CMON_P88dda19,45960,2023-02-06,ILVO,144325,183445,29.05,270,4,Akkerland,0,Akker,geploegd,V1 (Arable land and market gardens),Akker,1,1,LT,0.01,NA,1.14,NA,0.111,6.1,1.4,31.81,1.59,3.1,0.16,10.26,24.4,34.2,17.87,61.29,20.84,NA,NA,NA,Lcaz,Lcaz,Lca,Matig droge zandleembodem met textuur B horizont,L,c,a,Zandleemstreek,Haplic Luvisols (Loamic),Luvisols,LV-ha,Haplic,NA,NA,NA,Loamic,NA,Eutric,Dender-Zenne interfluvium,-0.5067497645,-0.915453652,0.4141482658,-0.8203207656,-0.8119365097,17,NA,NA,2,5,20,NA,NA,5961,896297,921799
p88e10ea_0_10,P88e10ea,CMON_P88e10ea,0-10,2023-04-24,ILVO,47775,183435,14.72,3685,3,grasland,0,Blijvend grasland,gras,R2 (Mesic grasslands),Tijdelijk grasland,1,1,LT,0.01,NA,4.56,NA,0.413,5.2,1.04,47.58,4.76,4.31,0.43,11.04,52.5,54.6,18.05,43.43,38.52,NA,NA,NA,uPhc,uPhc,Phc,Natte licht zandleembodem met sterk gevlekte_ verbrokkelde textuur B horizont,P,h,c,Zandstreek,Eutric Retic Planosols (Loamic_ Ruptic),Planosols,PL-rt.eu,Retic,Eutric,NA,Stagnic,Loamic,Ruptic,Eutric,Polder-Leie interfluvium,NA,NA,-0.6372966465,0.7859305139,0.6132735062,11,NA,NA,2,9,35,NA,NA,106,615418,637537
p88e10ea_10_30,P88e10ea,CMON_P88e10ea,45960,2023-04-24,ILVO,47775,183435,14.72,3685,3,grasland,0,Blijvend grasland,gras,R2 (Mesic grasslands),Tijdelijk grasland,1,1,LT,0.01,NA,2.04,NA,0.162,5.2,1.37,56.01,2.8,4.45,0.22,12.59,29.9,41,16.86,44.16,38.98,NA,NA,NA,uPhc,uPhc,Phc,Natte licht zandleembodem met sterk gevlekte_ verbrokkelde textuur B horizont,P,h,c,Zandstreek,Eutric Retic Planosols (Loamic_ Ruptic),Planosols,PL-rt.eu,Retic,Eutric,NA,Stagnic,Loamic,Ruptic,Eutric,Polder-Leie interfluvium,NA,NA,-0.6372966465,0.7859305139,0.6132735062,30,NA,NA,5,2,14,NA,NA,3812,2,144018
p8679843_0_10,P8679843,CMON_P8679843,0-10,2023-01-17,INBO,181385,184505,24.88,12686,2,Natuur,1,Natuur,gras_ Amerikaanse eik,V3 (Artificial grasslands and herb dominated habitats),Natuurgrasland,1,1,LT,0.01,NA,3.13,NA,0.231,4.3,1.13,35.29,3.53,2.6,0.26,13.55,21.5,24.3,8.62,6.81,84.57,Normaal,Zonnig / helder,Hevige neerslag afgelopen week of regenstorm in afgelopen 24 uur,wScfc,wScfc,Scf,Matig droge lemig zandbodem met weinig duidelijke ijzer en/of humus B horizont,S,c,f,Zandstreek,Rustic Podzols (Loamic_ Abruptic),Podzols,PZ-rs,Rustic,NA,NA,NA,Loamic,Abruptic,Dystric,Hagelands heuvelland,3.337682112,1.015125408,NA,0.4152571417,-0.3342295894,79,NA,NA,17,20,41,NA,NA,9697,1386424,1407372
p6f9f3ac_0_10,P6f9f3ac,CMON_P6f9f3ac,0-10,2022-11-24,ILVO,39315,194615,3.22,357,3,grasland,0,Blijvend grasland,gras,R2 (Mesic grasslands),Blijvend grasland,1,1,NA,0.11,NA,6.4,NA,0.678,6.6,1,62.87,6.29,6.78,0.68,9.27,51.7,51.7,44.56,48.48,6.96,Normaal,Bewolkt,Neerslag maar zonder hevige buien afgelopen 24 uur,m.F1,(v)Uep,Uep,Overdekte poelgronden en overdekte oude kleiplaatgronden (Middellandpolders),U,e,p,Middellandpolders,Calcaric Fluvic Gleyic Cambisols (Clayic_ Fluvic_ Thaptohistic),Cambisols,CM-gl.fv.ca,Gleyic,Fluvic,Calcaric,Endogleyic,Clayic,Fluvic_ Thaptohistic,Calcaric,Kustvlakte_ Middelland,-0.5067497645,-0.4006325693,NA,0.9506742349,4.431356274,17,65,41,3,7,22,11799,1613,781,760349,780145
p89ecc44_0_10,P89ecc44,CMON_P89ecc44,0-10,2022-03-03,INBO,116675,182975,27.25,2017,5,Residentieel,0,Ruimtebeslag bermen,gras,V3 (Artificial grasslands and herb dominated habitats),Residentieel grasland,1,1,NA,0.2,NA,1.77,NA,0.093,7.6,1.41,22.19,2.22,1.31,0.13,16.88,24.7,34.9,26.45,53.54,20.01,Normaal,Zonnig / helder,Geen neerslag in afgelopen week,Ldcz,Ldcz,Ldc,Matig natte zandleembodem met sterk gevlekte_ verbrokkelde textuur B horizont,L,d,c,Zandleemstreek,Eutric Gleyic Retisols (Loamic_ Ruptic),Retisols,RT-gl.eu,Gleyic,Eutric,NA,Endogleyic,Loamic,Ruptic,Eutric,Schelde-Dender interfluvium,-0.04541793937,0.6290095961,0.6770094939,-0.7379489051,-0.6141678862,11,NA,NA,3,0,0,NA,NA,1012,0,0
p89ecc44_10_30,P89ecc44,CMON_P89ecc44,45960,2022-03-03,INBO,116675,182975,27.25,2017,5,Residentieel,0,Ruimtebeslag bermen,gras,V3 (Artificial grasslands and herb dominated habitats),Residentieel grasland,1,1,NA,0.17,NA,1.39,NA,0.064,7.5,1.36,33.3,1.66,1.75,0.09,19.06,33.1,45.1,26.16,57.95,15.89,Normaal,Zonnig / helder,Geen neerslag in afgelopen week,Ldcz,Ldcz,Ldc,Matig natte zandleembodem met sterk gevlekte_ verbrokkelde textuur B horizont,L,d,c,Zandleemstreek,Eutric Gleyic Retisols (Loamic_ Ruptic),Retisols,RT-gl.eu,Gleyic,Eutric,NA,Endogleyic,Loamic,Ruptic,Eutric,Schelde-Dender interfluvium,-0.04541793937,0.6290095961,0.6770094939,-0.7379489051,-0.6141678862,25,NA,NA,2,2,4,NA,NA,13080,63767,65440
p2451314_0_10,P2451314,CMON_P2451314,0-10,2022-03-17,INBO,168835,227955,26.05,17443,6,Afgedekt,1,Ruimtebeslag bermen,gras,V3 (Artificial grasslands and herb dominated habitats),Residentieel grasland,1,1,NA,0.18,NA,2.14,NA,0.12,7.6,1.19,23.34,2.33,1.43,0.14,16.33,16.2,19.3,9.23,36.98,53.79,Normaal,Gedeeltelijk bewolkt,Hevige neerslag afgelopen week of regenstorm in afgelopen 24 uur,Zcm,Zcm,Zcm,Matig droge zandbodem met dikke antropogene humus A horizont,Z,c,m,Kempen,Plaggic Anthrosols (Arenic),Anthrosols,AT-pa,Plaggic,NA,NA,NA,Arenic,NA,Dystric,Kempische cuesta,NA,NA,NA,0.1681415602,-0.2477217657,28,NA,NA,5,7,41,NA,NA,5340,44326,124447
p3095161_10_30,P3095161,CMON_P3095161,45960,2022-11-22,ILVO,153045,222525,6.98,1891,3,grasland,1,Blijvend grasland,gras,R2 (Mesic grasslands),Blijvend grasland,1,1,LT,0.01,NA,0.69,NA,0.047,6.2,1.67,23.02,1.15,1.57,0.08,14.66,12.2,20.3,4.49,7.93,87.58,Normaal,Bewolkt,Neerslag maar zonder hevige buien afgelopen 24 uur,sZdm,sZdm,Zdm,Matig natte zandbodem met dikke antropogene humus A horizont,Z,d,m,Kempen,Plaggic Anthrosols (Arenic_ Ruptic),Anthrosols,AT-pa,Plaggic,NA,NA,Endogleyic,Arenic,Ruptic,Dystric,Depressie van de Netes,0.6465797983,0.1463648311,NA,-0.4908333237,-0.8022394675,7,NA,NA,3,4,6,NA,NA,2181,86238,86242
p9f96da1_0_10,P9f96da1,CMON_P9f96da1,0-10,2022-09-29,ILVO,116405,173385,48.16,1441,3,grasland,0,Blijvend grasland,gras,R2 (Mesic grasslands),Blijvend grasland,1,1,LT,0.01,NA,3.34,NA,0.349,4.9,1.04,34.79,3.48,3.64,0.36,9.56,38.4,40,16.33,73.18,10.49,Normaal,Zonnig / helder,Geen neerslag in de afgelopen 24 uur,Aep,Aep,Aep,Natte leembodem zonder profiel,A,e,p,Zandleemstreek,Eutric Fluvic Gleyic Cambisols (Siltic_ Fluvic),Cambisols,CM-gl.fv.eu,Gleyic,Fluvic,Eutric,Endogleyic,Siltic,Fluvic,Eutric,Schelde-Dender interfluvium,1.569243449,-0.2719272986,NA,0.7859305139,-0.4511044663,13,NA,NA,4,11,27,NA,NA,501,2451056,2581245
pc31c79e_0_10,Pc31c79e,CMON_Pc31c79e,0-10,2023-02-23,ILVO,215895,157665,127.14,3566,4,Akkerland,0,Akker,geploegd,V1 (Arable land and market gardens),Akker,1,1,NA,0.02,NA,1.63,NA,0.151,7,1.36,21.86,2.19,2.05,0.21,10.66,27.1,36.9,22.72,68.58,8.7,NA,NA,NA,Aba1,Aba1,Aba,Droge leembodem met textuur B horizont,A,b,a,Leemstreek,Nudiargic Luvisols (Siltic),Luvisols,LV-ng,Nudiargic,NA,NA,NA,Siltic,NA,Eutric,Plateau van Haspengouw,-0.583638402,-0.2075746633,NA,-0.5320192539,-0.7180283117,26,NA,NA,4,18,54,NA,NA,29766,679618,5177846
p60d9924_0_10,P60d9924,CMON_P60d9924,0-10,2022-11-21,ILVO,62115,201155,19.58,868,3,grasland,1,Blijvend grasland,gras,R2 (Mesic grasslands),Blijvend grasland,1,1,LT,0.01,NA,4.77,NA,0.45,5.7,1.07,51.15,5.12,4.83,0.48,10.59,40.7,43.5,15.22,20.27,64.51,Normaal,Bewolkt,Neerslag maar zonder hevige buien afgelopen 24 uur,EFp,EFp,EFp,Sterk tot zeer sterk gleyige kleibodem zonder profiel,E,e-f,p,Zandstreek,Gleyic Terric Cambisols (Loamic),Cambisols,CM-tr.gl,Terric,Gleyic,NA,Endogleyic,Loamic,NA,Eutric,West-Vlaams cuestaland,-0.1223065769,0.08201219574,NA,0.6623727232,3.084488152,42,48,69,4,17,45,5394,6531,4378,294966,472388
p8bc6e84_0_10,P8bc6e84,CMON_P8bc6e84,0-10,2023-04-05,ILVO,113315,182155,27.36,993,4,Akkerland,0,Akker,geploegd,V1 (Arable land and market gardens),Akker,1,1,LT,0.01,NA,1.28,NA,0.131,5.6,1.52,19.44,1.94,1.99,0.2,9.77,26.2,39.8,12.64,57.74,29.62,NA,NA,NA,Adc,Adc,Adc,Matig natte leembodem met sterk gevlekte_ verbrokkelde textuur B horizont,A,d,c,Zandleemstreek,Eutric Gleyic Retisols (Siltic),Retisols,RT-gl.eu,Gleyic,Eutric,NA,Endogleyic,Siltic,NA,Eutric,Schelde-Dender interfluvium,-0.8143043146,-1.011982605,NA,-1.190994138,-0.5871182422,25,NA,NA,2,7,11,NA,NA,4386,5731,326656
p8e2bb61_0_10,P8e2bb61,CMON_P8e2bb61,0-10,2023-01-25,ILVO,104485,181095,51.43,481,4,Akkerland,0,Akker,geploegd,V1 (Arable land and market gardens),Akker,1,1,LT,0.01,NA,1.31,NA,0.125,6.3,1.51,19.77,1.98,1.89,0.19,10.46,24.3,36.7,14.3,45.72,39.98,NA,NA,NA,Lba,Lba,Lba,Droge zandleembodem met textuur B horizont,L,b,a,Zandleemstreek,Haplic Luvisols (Loamic),Luvisols,LV-ha,Haplic,NA,NA,NA,Loamic,NA,Eutric,Schelde-Dender interfluvium,-0.5067497645,-1.172864193,-0.9001578746,-1.149808208,-0.5531785946,17,117,120,3,8,17,125988,63524,7753,874573,1649982
p8e2bb61_10_30,P8e2bb61,CMON_P8e2bb61,45960,2023-01-25,ILVO,104485,181095,51.43,481,4,Akkerland,0,Akker,geploegd,V1 (Arable land and market gardens),Akker,1,1,LT,0.01,NA,1.27,NA,0.121,6.4,1.5,38.11,1.91,3.63,0.18,10.5,21.3,31.9,12.26,43.78,43.96,NA,NA,NA,Lba,Lba,Lba,Droge zandleembodem met textuur B horizont,L,b,a,Zandleemstreek,Haplic Luvisols (Loamic),Luvisols,LV-ha,Haplic,NA,NA,NA,Loamic,NA,Eutric,Schelde-Dender interfluvium,-0.5067497645,-1.172864193,-0.9001578746,-1.149808208,-0.5531785946,26,NA,NA,2,12,25,NA,NA,5306,1220708,1324639
p8f3254a_0_10,P8f3254a,CMON_P8f3254a,0-10,2022-12-21,ILVO,201775,180645,24.35,302,3,grasland,0,Blijvend grasland,gras,R2 (Mesic grasslands),Blijvend grasland,1,1,LT,0.01,NA,5.36,NA,0.525,5.2,1.03,54.96,5.5,5.38,0.54,10.22,49.3,50.7,17.85,63.94,18.21,Normaal,Bewolkt,Neerslag maar zonder hevige buien afgelopen 24 uur,Afa,Afa,Afa,Zeer natte leembodem met textuur B horizont,A,f,a,Zandleemstreek,Luvic Gleyic Phaeozems (Siltic),Phaeozems,PH-gl.lv,Gleyic,Luvic,NA,Amphigleyic,Siltic,NA,Eutric,Hagelands heuvelland,1.646132086,-0.432808887,-1.031588489,0.8271164441,0.4129530295,4,7,74,6,9,32,30,14618,159,146209,936216
p8f3254a_10_30,P8f3254a,CMON_P8f3254a,45960,2022-12-21,ILVO,201775,180645,24.35,302,3,grasland,0,Blijvend grasland,gras,R2 (Mesic grasslands),Blijvend grasland,1,1,LT,0.01,NA,1.4,NA,0.137,5.2,1.46,40.78,2.04,3.99,0.2,10.22,23.8,34.8,18.66,64.97,16.37,Normaal,Bewolkt,Neerslag maar zonder hevige buien afgelopen 24 uur,Afa,Afa,Afa,Zeer natte leembodem met textuur B horizont,A,f,a,Zandleemstreek,Luvic Gleyic Phaeozems (Siltic),Phaeozems,PH-gl.lv,Gleyic,Luvic,NA,Amphigleyic,Siltic,NA,Eutric,Hagelands heuvelland,1.646132086,-0.432808887,-1.031588489,0.8271164441,0.4129530295,14,NA,NA,2,6,14,NA,NA,372,41184,157662
p8f4ea6a_0_10,P8f4ea6a,CMON_P8f4ea6a,0-10,2022-03-11,ILVO,177375,180595,14.77,1422,4,Akkerland,0,Akker,ingezaaid gras,V1 (Arable land and market gardens),Tijdelijk grasland,1,1,LT,0.01,NA,2.94,NA,0.299,5.3,1.25,36.81,3.68,3.74,0.37,9.84,35.8,44.8,23.55,53.74,22.71,Normaal,Zonnig / helder,Geen neerslag in de afgelopen 24 uur,Lec,Lec,Lec,Natte zandleembodem met sterk gevlekte_ verbrokkelde textuur B horizont,L,e,c,Zandstreek,Eutric Gleyic Retisols (Loamic),Retisols,RT-gl.eu,Gleyic,Eutric,NA,Endogleyic,Loamic,NA,Eutric,Oostelijke Vlaamse laagvlakte,-0.2760838519,0.4681280078,-0.9001578746,-0.07897402124,0.2123773675,40,29,39,3,17,41,2302,2272,6995,811698,817573
p8f4ea6a_10_30,P8f4ea6a,CMON_P8f4ea6a,45960,2022-03-11,ILVO,177375,180595,14.77,1422,4,Akkerland,0,Akker,ingezaaid gras,V1 (Arable land and market gardens),Tijdelijk grasland,1,1,LT,0.01,NA,2.02,NA,0.22,5.3,1.26,51.07,2.55,5.56,0.28,9.19,36,45.3,22.88,55.12,22,Normaal,Zonnig / helder,Geen neerslag in de afgelopen 24 uur,Lec,Lec,Lec,Natte zandleembodem met sterk gevlekte_ verbrokkelde textuur B horizont,L,e,c,Zandstreek,Eutric Gleyic Retisols (Loamic),Retisols,RT-gl.eu,Gleyic,Eutric,NA,Endogleyic,Loamic,NA,Eutric,Oostelijke Vlaamse laagvlakte,-0.2760838519,0.4681280078,-0.9001578746,-0.07897402124,0.2123773675,4,NA,NA,2,14,26,NA,NA,581,146657,216065
p8fc4b3d_0_10,P8fc4b3d,CMON_P8fc4b3d,0-10,2022-11-07,ILVO,38285,180385,9.89,2661,3,grasland,0,Blijvend grasland,gras,R2 (Mesic grasslands),Blijvend grasland,1,1,LT,0.01,NA,3.51,NA,0.382,5.3,1.13,39.66,3.97,4.32,0.43,9.18,41.4,46.8,22.02,56.83,21.15,Normaal,Bewolkt,Hevige neerslag afgelopen week of regenstorm in afgelopen 24 uur,uLhc,uLhc,Lhc,Natte zandleembodem met sterk gevlekte_ verbrokkelde textuur B horizont,L,h,c,Zandleemstreek,Eutric Retic Planosols (Loamic_ Ruptic),Planosols,PL-rt.eu,Retic,Eutric,NA,Stagnic,Loamic,Ruptic,Eutric,Polder-Leie interfluvium,-0.6605270395,0.8220675021,-0.3744354184,0.4152571417,-0.06526426143,17,NA,NA,3,17,44,NA,NA,305,1600022,2205267
p8fc4b3d_10_30,P8fc4b3d,CMON_P8fc4b3d,45960,2022-11-07,ILVO,38285,180385,9.89,2661,3,grasland,0,Blijvend grasland,gras,R2 (Mesic grasslands),Blijvend grasland,1,1,LT,0.01,NA,1.3,NA,0.164,5.6,1.44,37.34,1.87,4.71,0.24,7.93,24,34.5,23.62,56.62,19.76,Normaal,Bewolkt,Hevige neerslag afgelopen week of regenstorm in afgelopen 24 uur,uLhc,uLhc,Lhc,Natte zandleembodem met sterk gevlekte_ verbrokkelde textuur B horizont,L,h,c,Zandleemstreek,Eutric Retic Planosols (Loamic_ Ruptic),Planosols,PL-rt.eu,Retic,Eutric,NA,Stagnic,Loamic,Ruptic,Eutric,Polder-Leie interfluvium,-0.6605270395,0.8220675021,-0.3744354184,0.4152571417,-0.06526426143,15,NA,NA,3,8,15,NA,NA,725,484195,615231
p5de602c_10_30,P5de602c,CMON_P5de602c,45960,2022-11-18,INBO,145635,202465,1.39,18851,2,Natuur,0,Natuur,Riet_ gras_ brandnetel,R3 (Seasonally wet and wet grasslands),Natuurgrasland,1,1,LT,0.01,NA,2.5,NA,0.208,5.6,1.412,70.6,3.53,5.87,0.29,12.02,28.7,40.5,16.77,33.5,49.73,Waterverzadigd,Buien (wisselvallig),Hevige neerslag afgelopen week of regenstorm in afgelopen 24 uur,sPep,sPep,Pep,Natte licht zandleembodem zonder profiel,P,e,p,Zandstreek,Eutric Fluvic Gleyic Cambisols (Loamic_ Fluvic_ Ruptic),Cambisols,CM-gl.fv.eu,Gleyic,Fluvic,Eutric,Endogleyic,Loamic,Fluvic_ Ruptic,Eutric,Westelijke Boomse cuesta,-0.3529724895,-0.915453652,NA,2.08740591,0.7331340514,41,NA,NA,11,20,33,NA,NA,14294,875058,931149
p5ffd6cb_0_10,P5ffd6cb,CMON_P5ffd6cb,0-10,2023-03-30,ILVO,46345,201535,2.61,4124,4,Akkerland,0,Akker,geploegd,V1 (Arable land and market gardens),Akker,1,1,NA,0.94,NA,2.99,NA,0.228,7.2,1.22,25.05,2.51,2.79,0.28,8.98,36.8,44.9,42.85,48.69,8.46,NA,NA,NA,OU2,OU2,OBV,Uitgeveende gronden,NA,NA,NA,Kunstmatige gronden,Calcaric Fluvic Gleyic Cambisols (Clayic_ Fluvic_ Relocatic_ Thaptohistic),Cambisols,CM-gl.fv.ca,Gleyic,Fluvic,Calcaric,Endogleyic,Clayic,Fluvic_ Relocatic_ Thaptohistic,Calcaric,Kustvlakte_ Oudland,0.9541343484,0.7255385491,NA,0.04458376949,-0.3074351308,5,NA,NA,1,1,2,NA,NA,116,4,6
p6171af1_0_10,P6171af1,CMON_P6171af1,0-10,2022-11-22,ILVO,133765,200895,17.11,2996,4,Akkerland,0,Akker,gras,V1 (Arable land and market gardens),Tijdelijk grasland,1,1,LT,0.01,NA,1.19,NA,0.113,5.6,1.51,18.03,1.8,1.71,0.17,10.54,22.5,33.9,10.96,36.85,52.19,Normaal,Bewolkt,Neerslag maar zonder hevige buien afgelopen 24 uur,Pcc,Pcc,Pcc,Matig droge licht zandleembodem met sterk gevlekte_ verbrokkelde textuur B horizont,P,c,c,Zandstreek,Dystric Retisols (Loamic),Retisols,RT-dy,Dystric,NA,NA,NA,Loamic,NA,Dystric,Westelijke Boomse cuesta,-0.583638402,-1.49462737,NA,-1.149808208,-0.6144230715,4,31,161,3,5,18,2967,106274,427,294,16856
pa4dfeca_10_30,Pa4dfeca,CMON_Pa4dfeca,45960,2022-04-15,ILVO,108335,171045,87.83,2977,4,Akkerland,0,Akker,Wintergraan en maïsstoppels,V1 (Arable land and market gardens),Akker,1,1,LT,0.01,NA,1.06,NA,0.115,6,1.41,29.92,1.5,3.25,0.16,9.21,23,32.4,20.8,68.31,10.89,Normaal,Zonnig / helder,Geen neerslag in de afgelopen 24 uur,Aba1,Aba1,Aba,Droge leembodem met textuur B horizont,A,b,a,Zandleemstreek,Nudiargic Luvisols (Siltic),Luvisols,LV-ng,Nudiargic,NA,NA,NA,Siltic,NA,Eutric,Schelde-Dender interfluvium,-0.6605270395,0.1141885134,NA,-0.9850644866,-0.8394965244,16,NA,NA,3,8,16,NA,NA,5058,612770,728259
p72bc162_0_10,P72bc162,CMON_P72bc162,0-10,2023-06-09,INBO,226015,193245,79.21,48230,2,Natuur,0,Natuur,Pijpenstrootje,R2 (Mesic grasslands),Heide,1,1,LT,0.01,NA,4.57,NA,0.167,3.1,0.76,34.94,3.49,1.28,0.13,27.37,16.5,12.6,2.62,6.55,90.83,Uitgedroogd,Zonnig / helder,Geen neerslag in afgelopen maand,OB,OB,OB,Bebouwde zones,NA,NA,NA,Kunstmatige gronden,Technosols/Not Surveyed,Technosols/Not Surveyed,TC,NA,NA,NA,NA,NA,NA,NA,Maasterrassen,0.4159138858,1.594299126,NA,1.939136561,0.3578330002,11,NA,NA,4,8,9,NA,NA,264,521949,521950
p247f818_10_30,P247f818,CMON_P247f818,45960,2023-02-17,ILVO,170795,227875,22.45,1059,4,Akkerland,0,Akker,geploegd,V1 (Arable land and market gardens),Akker,1,1,LT,0.01,NA,1.29,NA,0.107,5.5,1.46,37.64,1.88,3.12,0.16,12.06,26.9,39.3,6.57,18.86,74.57,NA,NA,NA,w-Seg3,w-Seg3,Seg,Natte lemig zandbodem met duidelijke ijzer en/of humus B horizont,S,e,g,Kempen,Gleyic Plaggic Podzols (Loamic_ Abruptic),Podzols,PZ-pa.gl,Plaggic,Gleyic,NA,Endogleyic,Loamic,Abruptic,Dystric,Kempische cuesta,-0.8911929521,-0.04669307494,NA,-0.9026926261,-0.518473391,25,NA,NA,1,5,9,NA,NA,691,35971,147025
p91e31cf_0_10,P91e31cf,CMON_P91e31cf,0-10,2022-12-21,INBO,225585,179455,38.37,16742,2,Natuur,0,Natuur,grassen,V3 (Artificial grasslands and herb dominated habitats),Residentieel grasland,1,1,LT,0.01,NA,2.31,NA,0.162,4.5,1.216,28.09,2.81,1.97,0.2,14.26,16.4,20,3.79,5.77,90.44,Normaal,Bewolkt,Hevige neerslag afgelopen week of regenstorm in afgelopen 24 uur,Zdg,Zdg,Zdg,Matig natte zandbodem met duidelijke ijzer en/of humus B horizont,Z,d,g,Kempen,Gleyic Podzols (Arenic),Podzols,PZ-gl,Gleyic,NA,NA,Endogleyic,Arenic,NA,Dystric,Vlak van Zonhoven,1.723020724,0.7577148668,0.939870722,0.06105814159,-0.4582496553,34,NA,NA,3,6,28,NA,NA,8257,122818,129524
p91e31cf_10_30,P91e31cf,CMON_P91e31cf,45960,2022-12-21,INBO,225585,179455,38.37,16742,2,Natuur,0,Natuur,grassen,V3 (Artificial grasslands and herb dominated habitats),Residentieel grasland,1,1,LT,0.01,NA,1.25,NA,0.08,4.5,1.34,33.51,1.68,2.14,0.11,15.63,13.9,18.6,3.79,8.86,87.35,Normaal,Bewolkt,Hevige neerslag afgelopen week of regenstorm in afgelopen 24 uur,Zdg,Zdg,Zdg,Matig natte zandbodem met duidelijke ijzer en/of humus B horizont,Z,d,g,Kempen,Gleyic Podzols (Arenic),Podzols,PZ-gl,Gleyic,NA,NA,Endogleyic,Arenic,NA,Dystric,Vlak van Zonhoven,1.723020724,0.7577148668,0.939870722,0.06105814159,-0.4582496553,21,NA,NA,2,1,7,NA,NA,1288,1659,434465
p9f96da1_10_30,P9f96da1,CMON_P9f96da1,45960,2022-09-29,ILVO,116405,173385,48.16,1441,3,grasland,0,Blijvend grasland,gras,R2 (Mesic grasslands),Blijvend grasland,1,1,LT,0.01,NA,0.98,NA,0.117,4.9,1.38,27.09,1.35,3.23,0.16,8.39,24.6,34,15.35,75.17,9.48,Normaal,Zonnig / helder,Geen neerslag in de afgelopen 24 uur,Aep,Aep,Aep,Natte leembodem zonder profiel,A,e,p,Zandleemstreek,Eutric Fluvic Gleyic Cambisols (Siltic_ Fluvic),Cambisols,CM-gl.fv.eu,Gleyic,Fluvic,Eutric,Endogleyic,Siltic,Fluvic,Eutric,Schelde-Dender interfluvium,1.569243449,-0.2719272986,NA,0.7859305139,-0.4511044663,16,NA,NA,7,6,17,NA,NA,2634,1101079,1204534
p8bc6e84_10_30,P8bc6e84,CMON_P8bc6e84,45960,2023-04-05,ILVO,113315,182155,27.36,993,4,Akkerland,0,Akker,geploegd,V1 (Arable land and market gardens),Akker,1,1,LT,0.01,NA,1.19,NA,0.128,5.5,1.56,37.11,1.86,3.99,0.2,9.3,21.8,34.1,11.82,58.55,29.63,NA,NA,NA,Adc,Adc,Adc,Matig natte leembodem met sterk gevlekte_ verbrokkelde textuur B horizont,A,d,c,Zandleemstreek,Eutric Gleyic Retisols (Siltic),Retisols,RT-gl.eu,Gleyic,Eutric,NA,Endogleyic,Siltic,NA,Eutric,Schelde-Dender interfluvium,-0.8143043146,-1.011982605,NA,-1.190994138,-0.5871182422,12,NA,NA,0,2,6,NA,NA,217,480749,482042
p938cf38_0_10,P938cf38,CMON_P938cf38,0-10,2023-03-22,ILVO,138795,178715,58.84,3361,4,Akkerland,0,Akker,geploegd,V1 (Arable land and market gardens),Akker,1,1,LT,0.01,NA,1.49,NA,0.148,5.9,1.43,21.28,2.13,2.11,0.21,10.09,25.1,35.9,17.51,71.09,11.4,NA,NA,NA,Aba1,Aba1,Aba,Droge leembodem met textuur B horizont,A,b,a,Zandleemstreek,Nudiargic Luvisols (Siltic),Luvisols,LV-ng,Nudiargic,NA,NA,NA,Siltic,NA,Eutric,Dender-Zenne interfluvium,-0.9680815896,-0.01451675727,-0.9001578746,-0.8203207656,-0.4980585653,8,NA,NA,0,12,24,NA,NA,5926,67204,311119
p938cf38_10_30,P938cf38,CMON_P938cf38,45960,2023-03-22,ILVO,138795,178715,58.84,3361,4,Akkerland,0,Akker,geploegd,V1 (Arable land and market gardens),Akker,1,1,LT,0.01,NA,1.35,NA,0.14,6,1.44,38.76,1.94,4.02,0.2,9.64,24.8,35.7,18.18,69.74,12.08,NA,NA,NA,Aba1,Aba1,Aba,Droge leembodem met textuur B horizont,A,b,a,Zandleemstreek,Nudiargic Luvisols (Siltic),Luvisols,LV-ng,Nudiargic,NA,NA,NA,Siltic,NA,Eutric,Dender-Zenne interfluvium,-0.9680815896,-0.01451675727,-0.9001578746,-0.8203207656,-0.4980585653,31,NA,NA,3,7,17,NA,NA,67042,2812654,3018962
p5965fee_10_30,P5965fee,CMON_P5965fee,45960,2022-11-24,ILVO,98215,204455,6.87,548,3,grasland,0,Blijvend grasland,gras,R2 (Mesic grasslands),Blijvend grasland,1,1,LT,0.01,NA,2.06,NA,0.204,5.1,1.35,55.6,2.78,5.51,0.28,10.09,21.5,29,12.85,35.2,51.95,Normaal,Zonnig / helder,Neerslag maar zonder hevige buien afgelopen 24 uur,Lep,Lep,Lep,Natte zandleembodem zonder profiel,L,e,p,Zandstreek,Eutric Fluvic Gleyic Cambisols (Loamic_ Fluvic),Cambisols,CM-gl.fv.eu,Gleyic,Fluvic,Eutric,Endogleyic,Loamic,Fluvic,Eutric,Centrale Vlaamse laagvlakte,-0.2760838519,-0.6902194283,NA,-0.037788091,0.5926034953,14,NA,NA,4,0,3,NA,NA,1021,0,33284
p93d6267_0_10,P93d6267,CMON_P93d6267,0-10,2023-02-02,ILVO,57585,178585,31.6,1893,4,Akkerland,0,Akker,geploegd,V1 (Arable land and market gardens),Akker,1,1,LT,0.01,NA,0.547,NA,0.059,5.8,1.43,7.82,0.78,0.84,0.08,9.31,27.1,38.8,13.77,26.26,59.97,NA,NA,NA,Phc,Phc,Phc,Natte licht zandleembodem met sterk gevlekte_ verbrokkelde textuur B horizont,P,h,c,Zandleemstreek,Eutric Retic Stagnosols (Loamic),Stagnosols,ST-rt.eu,Retic,Eutric,NA,Stagnic,Loamic,NA,Eutric,Polder-Leie interfluvium,-1.044970227,0.9507727728,0.0198564237,-0.8203207656,-1.175065221,11,NA,NA,7,4,9,NA,NA,1595,5,1503
p93d6267_10_30,P93d6267,CMON_P93d6267,45960,2023-02-02,ILVO,57585,178585,31.6,1893,4,Akkerland,0,Akker,geploegd,V1 (Arable land and market gardens),Akker,1,1,LT,0.01,NA,0.9,NA,0.09,6.5,1.43,25.69,1.28,2.57,0.13,10,25.4,36.3,14.32,25.9,59.78,NA,NA,NA,Phc,Phc,Phc,Natte licht zandleembodem met sterk gevlekte_ verbrokkelde textuur B horizont,P,h,c,Zandleemstreek,Eutric Retic Stagnosols (Loamic),Stagnosols,ST-rt.eu,Retic,Eutric,NA,Stagnic,Loamic,NA,Eutric,Polder-Leie interfluvium,-1.044970227,0.9507727728,0.0198564237,-0.8203207656,-1.175065221,4,NA,NA,0,13,26,NA,NA,230,229578,623996
p94cf3fb_10_30,P94cf3fb,CMON_P94cf3fb,45960,2022-02-15,ILVO,74825,178155,18.89,1457,4,Akkerland,0,Akker,braak met opgeroerde mest,V1 (Arable land and market gardens),Akker,1,1,LT,0.01,NA,1.07,NA,0.112,7,1.58,33.71,1.69,3.53,0.18,9.55,19.2,30.3,12.35,33.42,54.23,Normaal,Bewolkt,Neerslag maar zonder hevige buien afgelopen 24 uur,Sbcz,Sbcz,Sbc,Droge lemig zandbodem met sterk gevlekte_ verbrokkelde textuur B horizont,S,b,c,Zandstreek,Eutric Retisols (Loamic),Retisols,RT-eu,Eutric,NA,NA,NA,Loamic,NA,Eutric,Zuidelijke Vlaamse laagvlakte,NA,NA,NA,-0.7379489051,-0.6475971632,13,NA,NA,0,4,6,NA,NA,2331,1735,11304
p2451314_10_30,P2451314,CMON_P2451314,45960,2022-03-17,INBO,168835,227955,26.05,17443,6,Afgedekt,1,Ruimtebeslag bermen,gras,V3 (Artificial grasslands and herb dominated habitats),Residentieel grasland,1,1,NA,0.16,NA,1.58,NA,0.079,7.8,1.64,46.51,2.33,2.59,0.13,17.97,12.7,20.8,9.11,31.96,58.93,Normaal,Gedeeltelijk bewolkt,Hevige neerslag afgelopen week of regenstorm in afgelopen 24 uur,Zcm,Zcm,Zcm,Matig droge zandbodem met dikke antropogene humus A horizont,Z,c,m,Kempen,Plaggic Anthrosols (Arenic),Anthrosols,AT-pa,Plaggic,NA,NA,NA,Arenic,NA,Dystric,Kempische cuesta,NA,NA,NA,0.1681415602,-0.2477217657,30,NA,NA,6,3,21,NA,NA,1637,1399,37036
p94471b9_0_10,P94471b9,CMON_P94471b9,0-10,2022-08-23,INBO,183605,178395,42.89,1582,2,Natuur,0,Natuur,Smalle weegbree_ paardenbloem_ rode klaver_ ridderzuring_ grassen,R3 (Seasonally wet and wet grasslands),Natuurgrasland,1,1,LT,0.01,NA,1.54,NA,0.14,5.1,1.45,22.28,2.23,2.03,0.2,11,7.9,11.4,17.46,54.34,28.2,Uitgedroogd,Zonnig / helder,Geen neerslag in afgelopen week,sLca,sLca,Lca,Matig droge zandleembodem met textuur B horizont,L,c,a,Zandleemstreek,Haplic Luvisols (Loamic_ Ruptic),Luvisols,LV-ha,Haplic,NA,NA,NA,Loamic,Ruptic,Eutric,Hagelands heuvelland,0.2621366107,-1.687685276,0.939870722,-0.9026926261,-0.8731809867,31,26,119,11,6,21,851,66174,12741,216668,373528
p94471b9_10_30,P94471b9,CMON_P94471b9,45960,2022-08-23,INBO,183605,178395,42.89,1582,2,Natuur,0,Natuur,Smalle weegbree_ paardenbloem_ rode klaver_ ridderzuring_ grassen,R3 (Seasonally wet and wet grasslands),Natuurgrasland,1,1,LT,0.01,NA,0.89,NA,0.091,5.3,1.3,23.06,1.15,2.36,0.12,9.78,7.5,9.7,18.19,52.95,28.87,Uitgedroogd,Zonnig / helder,Geen neerslag in afgelopen week,sLca,sLca,Lca,Matig droge zandleembodem met textuur B horizont,L,c,a,Zandleemstreek,Haplic Luvisols (Loamic_ Ruptic),Luvisols,LV-ha,Haplic,NA,NA,NA,Loamic,Ruptic,Eutric,Hagelands heuvelland,0.2621366107,-1.687685276,0.939870722,-0.9026926261,-0.8731809867,10,NA,NA,2,7,18,NA,NA,760,1228616,1252291
pb6d4f64_10_30,Pb6d4f64,CMON_Pb6d4f64,45960,2022-03-15,INBO,83395,163095,19.13,3633,6,Afgedekt,0,Ruimtebeslag bermen,gras_ brandnetel_ fluitenkruid_ klaver,V3 (Artificial grasslands and herb dominated habitats),Residentieel grasland,1,1,NA,0.61,NA,7.16,NA,0.223,7.7,1.14,149.6,7.48,5.09,0.25,29.37,19.8,22.6,10.12,47.82,42.06,Normaal,Buien (wisselvallig),Hevige neerslag afgelopen week of regenstorm in afgelopen 24 uur,Ldc,Ldc,Ldc,Matig natte zandleembodem met sterk gevlekte_ verbrokkelde textuur B horizont,L,d,c,Zandleemstreek,Eutric Gleyic Retisols (Loamic),Retisols,RT-gl.eu,Gleyic,Eutric,NA,Endogleyic,Loamic,NA,Eutric,Zuidelijke Vlaamse laagvlakte,0.03147069815,-0.4971615223,NA,1.238975747,3.05131406,18,NA,NA,2,11,34,NA,NA,2809,165478,474630
p21900de_10_30,P21900de,CMON_P21900de,45960,2022-02-28,ILVO,185735,229175,24.84,3283,4,Akkerland,0,Akker,gras ingezaaid met maïsstoppels,V1 (Arable land and market gardens),Tijdelijk grasland,1,1,LT,0.01,NA,1.23,NA,0.09,4.3,1.43,35.27,1.76,2.58,0.13,13.67,20.6,29.5,10.06,30.7,59.24,Normaal,Zonnig / helder,Geen neerslag in de afgelopen 24 uur,Sdg,Sdg,Sdg,Matig natte lemig zandbodem met duidelijke ijzer en/of humus B horizont,S,d,g,Kempen,Gleyic Podzols (Loamic),Podzols,PZ-gl,Gleyic,NA,NA,Endogleyic,Loamic,NA,Dystric,Kempische cuesta,-0.2760838519,0.1785411487,NA,-0.5732051842,-0.6493834605,26,NA,NA,4,11,18,NA,NA,1799,441564,819608
p566fd61_10_30,P566fd61,CMON_P566fd61,45960,2022-09-30,ILVO,75285,205765,7.36,1636,3,grasland,0,Blijvend grasland,gras,R2 (Mesic grasslands),Blijvend grasland,1,1,LT,0.01,NA,1.61,NA,0.128,4.8,1.42,45.84,2.29,3.64,0.18,12.59,20.3,28.8,10.14,38.01,51.85,Normaal,Zonnig / helder,Geen neerslag in de afgelopen 24 uur,Sep,Sep,Sep,Natte lemig zandbodem zonder profiel,S,e,p,Zandstreek,Eutric Gleyic Cambisols (Loamic),Cambisols,CM-gl.eu,Gleyic,Eutric,NA,Endogleyic,Loamic,NA,Eutric,West-Vlaams cuestaland,-1.121858865,1.40124122,NA,0.3740712114,0.5744853375,17,NA,NA,4,2,10,NA,NA,3313,55109,246557
p22c1e7a_10_30,P22c1e7a,CMON_P22c1e7a,45960,2022-11-25,INBO,158735,228645,27.22,19299,2,Natuur,0,Natuur,Pijpenstrootje_ dophei,R3 (Seasonally wet and wet grasslands),Heide,1,1,LT,0.01,NA,1.41,NA,0.047,3.9,1.49,41.92,2.1,1.4,0.07,30,20.8,31,3.2,5.84,90.96,Normaal,Bewolkt,Geen neerslag in de afgelopen 24 uur,Zeg,Zeg,Zeg,Natte zandbodem met duidelijke ijzer en/of humus B horizont,Z,e,g,Kempen,Technosols/Not Surveyed,Technosols/Not Surveyed,TC,NA,NA,NA,NA,NA,NA,NA,Kempische cuesta,1.261688898,1.755180715,NA,0.3740712114,0.1843069822,4,NA,NA,1,6,8,NA,NA,63,3548,17740
p95b3e82_0_10,P95b3e82,CMON_P95b3e82,0-10,2023-02-20,ILVO,202335,177765,30.96,4078,4,Akkerland,0,Akker,geploegd,V1 (Arable land and market gardens),Akker,1,1,LT,0.01,NA,1.26,NA,0.126,5.5,1.43,17.97,1.8,1.8,0.18,9.98,25.4,36.3,13.27,62.04,24.69,NA,NA,NA,Ldp(c),Ldp(c),Ldp,Matig natte zandleembodem zonder profiel,L,d,p,Zandleemstreek,Gleyic Luvisols (Loamic_ Colluvic),Luvisols,LV-gl,Gleyic,NA,NA,Endogleyic,Loamic,Colluvic,Eutric,Hagelands heuvelland,-0.7374156771,-1.945095817,1.465593178,-0.8203207656,-0.6192715926,13,NA,NA,2,3,4,NA,NA,2418,383072,383879
p95b3e82_10_30,P95b3e82,CMON_P95b3e82,45960,2023-02-20,ILVO,202335,177765,30.96,4078,4,Akkerland,0,Akker,geploegd,V1 (Arable land and market gardens),Akker,1,1,LT,0.01,NA,1.31,NA,0.127,5.6,1.42,37.32,1.87,3.62,0.18,10.31,25,35.5,13.38,62.43,24.19,NA,NA,NA,Ldp(c),Ldp(c),Ldp,Matig natte zandleembodem zonder profiel,L,d,p,Zandleemstreek,Gleyic Luvisols (Loamic_ Colluvic),Luvisols,LV-gl,Gleyic,NA,NA,Endogleyic,Loamic,Colluvic,Eutric,Hagelands heuvelland,-0.7374156771,-1.945095817,1.465593178,-0.8203207656,-0.6192715926,24,NA,NA,1,2,7,NA,NA,1539,199033,223440
pa5a8b0f_10_30,Pa5a8b0f,CMON_Pa5a8b0f,45960,2023-01-17,ILVO,40945,170695,23.89,229,4,Akkerland,0,Akker,geploegd,V1 (Arable land and market gardens),Akker,1,1,LT,0.01,NA,1.15,NA,0.122,7,1.52,34.9,1.75,3.7,0.19,9.43,23.8,36.1,14.15,42.34,43.51,NA,NA,NA,Lhp(o),Lhp(o),Lhp,Natte zandleembodem zonder profiel,L,h,p,Zandleemstreek,Eutric Fluvic Oxygleyic Gleysols (Loamic_ Fluvic),Gleysols,GL-oy.fv.eu,Oxygleyic,Fluvic,Eutric,Stagnic,Loamic,Fluvic,Eutric,Polder-Leie interfluvium,-0.583638402,-1.172864193,NA,-1.108622277,-0.6506593871,9,NA,NA,1,1,10,NA,NA,612,2189,54915
p6ae1af7_10_30,P6ae1af7,CMON_P6ae1af7,45960,2023-04-18,INBO,77345,196715,20.25,18097,2,Natuur,0,Natuur,grassen_ pitrus,R3 (Seasonally wet and wet grasslands),Natuurgrasland,1,1,LT,0.01,NA,1.38,NA,0.11,5,1.3,35.96,1.8,2.87,0.14,12.54,27.4,35.6,5.11,10.37,84.52,Normaal,Zonnig / helder,Geen neerslag in de afgelopen 24 uur,Zdgd,Zdgd,Zdg,Matig natte zandbodem met duidelijke ijzer en/of humus B horizont,Z,d,g,Zandstreek,Gleyic Podzols (Arenic_ Ruptic),Podzols,PZ-gl,Gleyic,NA,NA,Endogleyic,Arenic,Ruptic,Dystric,West-Vlaams cuestaland,1.569243449,0.04983587807,NA,0.291699351,-0.1800976557,13,NA,NA,1,4,9,NA,NA,1368,66462,67824
pbac4603_10_30,Pbac4603,CMON_Pbac4603,45960,2022-02-23,ILVO,129945,161355,63.34,1377,4,Akkerland,0,Akker,gele mosterd,V1 (Arable land and market gardens),Akker,1,1,LT,0.01,NA,1.29,NA,0.137,6.4,1.41,36.45,1.82,3.87,0.19,9.42,27.1,38.3,21.15,67.38,11.47,Normaal,Zonnig / helder,Geen neerslag in de afgelopen 24 uur,Aba1,Aba1,Aba,Droge leembodem met textuur B horizont,A,b,a,Leemstreek,Nudiargic Luvisols (Siltic),Luvisols,LV-ng,Nudiargic,NA,NA,NA,Siltic,NA,Eutric,Dender-Zenne interfluvium,-0.7374156771,-0.7867483814,NA,-0.2849036725,-0.6067675119,26,NA,NA,2,4,14,NA,NA,3460,195862,2710419
p945d8ce_10_30,P945d8ce,CMON_P945d8ce,45960,2022-03-22,INBO,155335,178355,25.17,19982,8,Niet-geklasseerd,0,Ruimtebeslag bermen,gras_ fruitbomen,T4 (Lines of trees_ small anthropogenic forests_ recently felled forest_ early-stage forest and coppice),Residentieel grasland,1,1,NA,0.02,NA,0.95,NA,0.067,7,1.8,33.55,1.68,2.42,0.12,13.88,11.1,20,12.41,29.2,58.39,Normaal,Zonnig / helder,Geen neerslag in de afgelopen 24 uur,Pdc(o),Pdc(o),Pdc,Matig natte licht zandleembodem met sterk gevlekte_ verbrokkelde textuur B horizont,P,d,c,Zandleemstreek,Eutric Gleyic Retisols (Loamic),Retisols,RT-gl.eu,Gleyic,Eutric,NA,Endogleyic,Loamic,NA,Eutric,Brabants plateau,NA,NA,NA,-1.47929565,-0.4105300003,33,NA,NA,5,2,12,NA,NA,24058,263647,514485
p9785b36_0_10,P9785b36,CMON_P9785b36,0-10,2022-03-22,ILVO,93975,176955,38.57,1329,4,Akkerland,0,Akker,geploegd in het najaar,V1 (Arable land and market gardens),Akker,1,1,LT,0.01,NA,1.18,NA,0.132,6.1,1.45,17.11,1.71,1.91,0.19,8.96,25.1,36.3,26.78,47.91,25.31,Normaal,Zonnig / helder,Geen neerslag in de afgelopen 24 uur,wLba,wLba,Lba,Droge zandleembodem met textuur B horizont,L,b,a,Zandleemstreek,Haplic Luvisols (Loamic_ Ruptic),Luvisols,LV-ha,Haplic,NA,NA,NA,Loamic,Ruptic,Eutric,Leie-Schelde interfluvium,NA,NA,-0.5058660324,-0.9026926261,-0.8708843188,11,NA,NA,2,2,8,NA,NA,1380,913,180746
p9785b36_10_30,P9785b36,CMON_P9785b36,45960,2022-03-22,ILVO,93975,176955,38.57,1329,4,Akkerland,0,Akker,geploegd in het najaar,V1 (Arable land and market gardens),Akker,1,1,LT,0.01,NA,1.02,NA,0.12,6,1.39,28.32,1.42,3.33,0.17,8.5,29,40.4,26.02,45.28,28.7,Normaal,Zonnig / helder,Geen neerslag in de afgelopen 24 uur,wLba,wLba,Lba,Droge zandleembodem met textuur B horizont,L,b,a,Zandleemstreek,Haplic Luvisols (Loamic_ Ruptic),Luvisols,LV-ha,Haplic,NA,NA,NA,Loamic,Ruptic,Eutric,Leie-Schelde interfluvium,NA,NA,-0.5058660324,-0.9026926261,-0.8708843188,7,NA,NA,0,0,0,NA,NA,637,0,0
p97d100f_0_10,P97d100f,CMON_P97d100f,0-10,2022-01-28,ILVO,98945,176825,15.84,305,4,Akkerland,0,Akker,gele mosterd,V1 (Arable land and market gardens),Akker,1,1,LT,0.01,NA,1.26,NA,0.119,6.1,1.44,18.09,1.81,1.71,0.17,10.58,25.5,36.7,14.55,62.8,22.65,Normaal,Mist,Neerslag maar zonder hevige buien afgelopen 24 uur,Lca,Lca,Lca,Matig droge zandleembodem met textuur B horizont,L,c,a,Zandstreek,Haplic Luvisols (Loamic),Luvisols,LV-ha,Haplic,NA,NA,NA,Loamic,NA,Eutric,Zuidelijke Vlaamse laagvlakte,-0.6605270395,0.3072464194,3.305621775,-0.8615066959,-0.7968805758,1,64,115,0,10,20,36967,52357,5,176802,299881
p97d100f_10_30,P97d100f,CMON_P97d100f,45960,2022-01-28,ILVO,98945,176825,15.84,305,4,Akkerland,0,Akker,gele mosterd,V1 (Arable land and market gardens),Akker,1,1,LT,0.01,NA,1.09,NA,0.107,6.1,1.39,30.24,1.51,2.97,0.15,10.18,24.4,33.9,15.48,62.37,22.15,Normaal,Mist,Neerslag maar zonder hevige buien afgelopen 24 uur,Lca,Lca,Lca,Matig droge zandleembodem met textuur B horizont,L,c,a,Zandstreek,Haplic Luvisols (Loamic),Luvisols,LV-ha,Haplic,NA,NA,NA,Loamic,NA,Eutric,Zuidelijke Vlaamse laagvlakte,-0.6605270395,0.3072464194,3.305621775,-0.8615066959,-0.7968805758,14,NA,NA,2,3,13,NA,NA,334,997832,1437033
pb0d03be_10_30,Pb0d03be,CMON_Pb0d03be,45960,2022-02-08,ILVO,222135,165765,74.68,1518,4,Akkerland,0,Akker,Wintergraan,V1 (Arable land and market gardens),Akker,1,1,LT,0.01,NA,1.03,NA,0.114,6.3,1.42,29.23,1.46,3.24,0.16,9.02,27.2,38.6,26.81,67.26,5.93,Waterverzadigd,Bewolkt,Geen neerslag in de afgelopen 24 uur,Aba1,Aba1,Aba,Droge leembodem met textuur B horizont,A,b,a,Leemstreek,Nudiargic Luvisols (Siltic),Luvisols,LV-ng,Nudiargic,NA,NA,NA,Siltic,NA,Eutric,Plateau van Haspengouw,-0.429861127,-0.625866793,NA,-0.8615066959,-0.8425587482,17,NA,NA,1,6,16,NA,NA,1158,586587,1109825
p5ffd6cb_10_30,P5ffd6cb,CMON_P5ffd6cb,45960,2023-03-30,ILVO,46345,201535,2.61,4124,4,Akkerland,0,Akker,geploegd,V1 (Arable land and market gardens),Akker,1,1,NA,1.15,NA,2.9,NA,0.202,7.8,1.21,42.46,2.12,4.9,0.25,8.67,40.9,49.5,40.77,53.15,6.08,NA,NA,NA,OU2,OU2,OBV,Uitgeveende gronden,NA,NA,NA,Kunstmatige gronden,Calcaric Fluvic Gleyic Cambisols (Clayic_ Fluvic_ Relocatic_ Thaptohistic),Cambisols,CM-gl.fv.ca,Gleyic,Fluvic,Calcaric,Endogleyic,Clayic,Fluvic_ Relocatic_ Thaptohistic,Calcaric,Kustvlakte_ Oudland,0.9541343484,0.7255385491,NA,0.04458376949,-0.3074351308,3,NA,NA,3,5,15,NA,NA,45,54162,3508442
p425d356_10_30,P425d356,CMON_P425d356,45960,2023-02-13,ILVO,183415,214655,15.1,275,4,Akkerland,0,Akker,geploegd,V1 (Arable land and market gardens),Akker,1,1,LT,0.01,NA,0.85,NA,0.079,4.9,1.4,23.74,1.19,2.21,0.11,10.74,25.2,35.3,11.02,13.26,75.72,NA,NA,NA,Zep,Zep,Zep,Natte zandbodem zonder profiel,Z,e,p,Kempen,Dystric Fluvic Gleyic Arenosols (Fluvic),Arenosols,AR-gl.fv.dy,Gleyic,Fluvic,Dystric,Endogleyic,Arenic,Fluvic,Dystric,Depressie van de Netes,-0.8911929521,1.079478044,NA,-0.3260896027,-1.139849647,9,NA,NA,6,16,32,NA,NA,2140,1617250,1688955
p830c7f8_10_30,P830c7f8,CMON_P830c7f8,45960,2022-03-09,ILVO,27595,186015,15.71,293,4,Akkerland,0,Akker,wintergraan,V1 (Arable land and market gardens),Akker,1,1,LT,0.01,NA,1.08,NA,0.123,6.5,1.48,32.07,1.6,3.65,0.18,8.79,24.7,36.5,13.93,68.85,17.22,Normaal,Zonnig / helder,Geen neerslag in de afgelopen 24 uur,Lca,Lca,Lca,Matig droge zandleembodem met textuur B horizont,L,c,a,Zandleemstreek,Haplic Luvisols (Loamic),Luvisols,LV-ha,Haplic,NA,NA,NA,Loamic,NA,Eutric,Polder-Leie interfluvium,-0.6605270395,-1.49462737,NA,-0.8203207656,-0.7499264768,10,NA,NA,2,3,7,NA,NA,1425,2101758,2201933
p666bf52_10_30,P666bf52,CMON_P666bf52,45960,2023-05-31,INBO,214415,198695,54.98,42387,2,Natuur,0,Natuur,grassen,S4 (Temperate shrub heathland),Heide,1,1,LT,0.01,NA,1.5,NA,0.044,3.6,1.42,42.73,2.14,1.25,0.06,34.09,7.5,10.7,5.14,8.15,86.71,Normaal,Zonnig / helder,Geen neerslag in afgelopen week,ZAg,ZAg,ZAg,Zeer droge tot matig natte zandbodem met duidelijke ijzer en/of humus B horizont,Z,a-d,g,Kempen,Albic Podzols (Arenic),Podzols,PZ-ab,Albic,NA,NA,NA,Arenic,NA,Dystric,Maasterrassen,1.107911623,1.690828079,NA,0.04458376949,-0.2405765767,12,NA,NA,3,7,8,NA,NA,641,1515321,1578020
p8e05037_10_30,P8e05037,CMON_P8e05037,45960,2023-02-17,INBO,177585,181165,15.09,25998,2,Natuur,0,Natuur,grassen_ kruidachtigen,R2 (Mesic grasslands),Natuurgrasland,1,1,LT,0.01,NA,1.15,NA,0.097,4.5,1.46,33.47,1.67,2.82,0.14,11.86,23.3,33.9,12.7,55.39,31.91,Normaal,Bewolkt,Hevige neerslag afgelopen week of regenstorm in afgelopen 24 uur,Ldc,Ldc,Ldc,Matig natte zandleembodem met sterk gevlekte_ verbrokkelde textuur B horizont,L,d,c,Zandstreek,Eutric Gleyic Retisols (Loamic),Retisols,RT-gl.eu,Gleyic,Eutric,NA,Endogleyic,Loamic,NA,Eutric,Oostelijke Vlaamse laagvlakte,1.646132086,0.5003043254,NA,-0.202531812,-0.4595255819,19,NA,NA,4,2,9,NA,NA,1215,230151,650202
p9b72a5f_0_10,P9b72a5f,CMON_P9b72a5f,0-10,2023-04-11,ILVO,39505,175215,18.12,3301,4,Akkerland,0,Akker,geploegd,V1 (Arable land and market gardens),Akker,1,1,LT,0.01,NA,0.94,NA,0.108,5.8,1.54,14.48,1.45,1.66,0.17,8.72,22.4,34.5,11.4,50.63,37.97,NA,NA,NA,Lba,Lba,Lba,Droge zandleembodem met textuur B horizont,L,b,a,Zandleemstreek,Haplic Luvisols (Loamic),Luvisols,LV-ha,Haplic,NA,NA,NA,Loamic,NA,Eutric,Polder-Leie interfluvium,0.5696911608,1.27253595,-0.1115741903,-1.273365998,-0.2959517913,15,NA,NA,2,9,16,NA,NA,1015,337539,554009
p9b72a5f_10_30_1,P9b72a5f,CMON_P9b72a5f,45960,2023-04-11,ILVO,39505,175215,18.12,3301,4,Akkerland,0,Akker,geploegd,V1 (Arable land and market gardens),Akker,1,1,LT,0.01,NA,0.91,NA,0.103,6.1,1.47,26.74,1.34,3.03,0.15,8.83,22.3,32.8,11.33,50.93,37.74,NA,NA,NA,Lba,Lba,Lba,Droge zandleembodem met textuur B horizont,L,b,a,Zandleemstreek,Haplic Luvisols (Loamic),Luvisols,LV-ha,Haplic,NA,NA,NA,Loamic,NA,Eutric,Polder-Leie interfluvium,0.5696911608,1.27253595,-0.1115741903,-1.273365998,-0.2959517913,NA,NA,NA,NA,4,16,NA,NA,NA,66838,330527
p9b72a5f_10_30_2,P9b72a5f,CMON_P9b72a5f,45960,2023-04-11,ILVO,39505,175215,18.12,3301,4,Akkerland,0,Akker,geploegd,V1 (Arable land and market gardens),Akker,1,1,LT,0.01,NA,0.91,NA,0.103,6.1,1.47,26.74,1.34,3.03,0.15,8.83,22.3,32.8,11.33,50.93,37.74,NA,NA,NA,Lba,Lba,Lba,Droge zandleembodem met textuur B horizont,L,b,a,Zandleemstreek,Haplic Luvisols (Loamic),Luvisols,LV-ha,Haplic,NA,NA,NA,Loamic,NA,Eutric,Polder-Leie interfluvium,0.5696911608,1.27253595,-0.1115741903,-1.273365998,-0.2959517913,0,NA,NA,2,NA,NA,NA,NA,0,NA,NA
p9bb3d0a_0_10,P9bb3d0a,CMON_P9bb3d0a,0-10,2022-12-21,ILVO,103055,175105,13.97,1953,3,grasland,0,Blijvend grasland,gras,R2 (Mesic grasslands),Blijvend grasland,1,1,LT,0.01,NA,5.9,NA,0.578,5.4,0.91,53.9,5.39,5.28,0.53,10.21,62.4,56.8,28.34,58.85,12.81,Normaal,Bewolkt,Neerslag maar zonder hevige buien afgelopen 24 uur,uLep,uLep,Lep,Natte zandleembodem zonder profiel,L,e,p,Zandleemstreek,Eutric Fluvic Gleyic Cambisols (Loamic_ Abruptic_ Fluvic),Cambisols,CM-gl.fv.eu,Gleyic,Fluvic,Eutric,Endogleyic,Loamic,Abruptic_ Fluvic,Eutric,Zuidelijke Vlaamse laagvlakte,0.7234684358,0.3072464194,-0.5058660324,1.321347607,0.8944877296,41,NA,NA,4,9,32,NA,NA,5843,393426,1178615
p9bb3d0a_10_30,P9bb3d0a,CMON_P9bb3d0a,45960,2022-12-21,ILVO,103055,175105,13.97,1953,3,grasland,0,Blijvend grasland,gras,R2 (Mesic grasslands),Blijvend grasland,1,1,LT,0.01,NA,2.3,NA,0.259,5.2,1.32,60.71,3.04,6.84,0.34,8.88,34.1,45,29.63,58.67,11.7,Normaal,Bewolkt,Neerslag maar zonder hevige buien afgelopen 24 uur,uLep,uLep,Lep,Natte zandleembodem zonder profiel,L,e,p,Zandleemstreek,Eutric Fluvic Gleyic Cambisols (Loamic_ Abruptic_ Fluvic),Cambisols,CM-gl.fv.eu,Gleyic,Fluvic,Eutric,Endogleyic,Loamic,Abruptic_ Fluvic,Eutric,Zuidelijke Vlaamse laagvlakte,0.7234684358,0.3072464194,-0.5058660324,1.321347607,0.8944877296,32,NA,NA,6,4,25,NA,NA,2706,181655,1784980
p63709a4_10_30,P63709a4,CMON_P63709a4,45960,2023-05-31,INBO,215555,200015,61.96,50579,2,Natuur,0,Natuur,Pijpenstrootje_ struikhei,S4 (Temperate shrub heathland),Heide,1,1,LT,0.01,NA,3.02,NA,0.095,3.7,1.5,90.65,4.53,2.85,0.14,31.79,12,18.1,3.56,7.32,89.12,Normaal,Zonnig / helder,Geen neerslag in afgelopen week,Zbg,Zbg,Zbg,Droge zandbodem met duidelijke ijzer en/of humus B horizont,Z,b,g,Kempen,Technosols/Not Surveyed,Technosols/Not Surveyed,TC,NA,NA,NA,NA,NA,NA,NA,Maasterrassen,0.5696911608,1.433417538,NA,1.572581782,2.141833577,20,NA,NA,1,6,8,NA,NA,5516,131822,142239
p5e6e380_10_30,P5e6e380,CMON_P5e6e380,45960,2022-03-23,ILVO,39595,202225,2.93,1052,4,Akkerland,0,Akker,Wintertarwe,V1 (Arable land and market gardens),Akker,1,1,NA,1.77,NA,3.41,NA,0.196,7.5,1.26,41.23,2.06,4.93,0.25,8.36,30.7,38.6,34.69,39.2,26.11,Normaal,Zonnig / helder,Geen neerslag in de afgelopen 24 uur,OG2,Uep,Uep,Uitgebrikte gronden,U,e,p,Kunstmatige gronden,Calcaric Fluvic Gleyic Cambisols (Loamic_ Fluvic_ Ruptic),Cambisols,CM-gl.fv.ca,Gleyic,Fluvic,Calcaric,Endogleyic,Loamic,Fluvic_ Ruptic,Calcaric,Kustvlakte_ Oudland,-1.27563614,0.7255385491,NA,0.12695563,-0.4049159233,8,NA,NA,2,3,12,NA,NA,2270,40472,45696
p8cfed8c_10_30,P8cfed8c,CMON_P8cfed8c,45960,2023-01-09,ILVO,98835,181615,8.4,2545,4,Akkerland,1,Akker,geploegd,V1 (Arable land and market gardens),Akker,1,1,LT,0.01,NA,1.83,NA,0.183,5.8,1.47,53.67,2.68,5.37,0.27,9.99,21.8,32,8.73,49.9,41.37,NA,NA,NA,Lep,Lep,Lep,Natte zandleembodem zonder profiel,L,e,p,Zandstreek,Eutric Fluvic Gleyic Cambisols (Loamic_ Fluvic),Cambisols,CM-gl.fv.eu,Gleyic,Fluvic,Eutric,Endogleyic,Loamic,Fluvic,Eutric,Zuidelijke Vlaamse laagvlakte,-0.1223065769,-1.9129195,NA,-1.190994138,0.05543839524,13,NA,NA,2,8,19,NA,NA,205,960403,1260468
p93fab1f_10_30,P93fab1f,CMON_P93fab1f,45960,2022-12-06,ILVO,133185,178525,49.63,1313,3,grasland,0,Blijvend grasland,gras,R2 (Mesic grasslands),Blijvend grasland,1,1,LT,0.01,NA,0.87,NA,0.094,4.8,1.56,27.16,1.36,2.93,0.15,9.27,21.2,33.1,18.52,44.62,36.86,Normaal,Gedeeltelijk bewolkt,Geen neerslag in de afgelopen 24 uur,Aca1,Aca1,Aca,Matig droge leembodem met textuur B horizont,A,c,a,Zandleemstreek,Nudiargic Luvisols (Siltic),Luvisols,LV-ng,Nudiargic,NA,NA,NA,Siltic,NA,Eutric,Dender-Zenne interfluvium,0.8772457109,0.8220675021,NA,-0.4496473934,-0.2783440042,11,NA,NA,8,8,22,NA,NA,192,587325,1232668
p9e21e94_0_10,P9e21e94,CMON_P9e21e94,0-10,2023-02-22,ILVO,237955,174035,84.82,3622,4,Akkerland,0,Akker,geploegd,V1 (Arable land and market gardens),Akker,1,1,LT,0.01,NA,1.77,NA,0.154,5.2,1.26,22.26,2.23,1.94,0.19,11.47,27.6,34.8,18.14,69.68,12.18,NA,NA,NA,Abp(c),Abp(c),Abp,Droge leembodem zonder profiel,A,b,p,Zandleemstreek,Haplic Luvisols (Siltic_ Colluvic),Luvisols,LV-ha,Haplic,NA,NA,NA,Siltic,Colluvic,Eutric,Plateau van Haspengouw,-0.5067497645,-1.591156323,-1.031588489,-0.1201599515,-0.4666707709,10,NA,NA,0,3,10,NA,NA,1267,59982,167325
p9e21e94_10_30,P9e21e94,CMON_P9e21e94,45960,2023-02-22,ILVO,237955,174035,84.82,3622,4,Akkerland,0,Akker,geploegd,V1 (Arable land and market gardens),Akker,1,1,LT,0.01,NA,1.73,NA,0.148,5.3,1.13,39.01,1.95,3.34,0.17,11.68,26.6,30.1,14.73,75.46,9.81,NA,NA,NA,Abp(c),Abp(c),Abp,Droge leembodem zonder profiel,A,b,p,Zandleemstreek,Haplic Luvisols (Siltic_ Colluvic),Luvisols,LV-ha,Haplic,NA,NA,NA,Siltic,Colluvic,Eutric,Plateau van Haspengouw,-0.5067497645,-1.591156323,-1.031588489,-0.1201599515,-0.4666707709,31,NA,NA,0,5,13,NA,NA,8183,39329,181304
p9e5aa38_0_10,P9e5aa38,CMON_P9e5aa38,0-10,2022-11-25,ILVO,192715,173935,45.84,1134,3,grasland,0,Blijvend grasland,gras,R2 (Mesic grasslands),Blijvend grasland,1,1,LT,0.01,NA,2.73,NA,0.261,5,1.31,35.74,3.57,3.42,0.34,10.45,29.4,38.5,18.34,63.2,18.46,Normaal,Zonnig / helder,Neerslag maar zonder hevige buien afgelopen 24 uur,Lda0,Lda0,Lda,Matig natte zandleembodem met textuur B horizont,L,d,a,Zandleemstreek,Gleyic Luvisols (Loamic),Luvisols,LV-gl,Gleyic,NA,NA,Endogleyic,Loamic,NA,Eutric,Hagelands heuvelland,0.2621366107,-0.818924699,-1.031588489,-0.3260896027,-0.1114528045,29,NA,NA,2,16,42,NA,NA,777,2390609,3611592
p9e5aa38_10_30,P9e5aa38,CMON_P9e5aa38,45960,2022-11-25,ILVO,192715,173935,45.84,1134,3,grasland,0,Blijvend grasland,gras,R2 (Mesic grasslands),Blijvend grasland,1,1,LT,0.01,NA,1.38,NA,0.142,4.9,1.43,39.45,1.97,4.06,0.2,9.72,23.1,33,19.23,63.44,17.33,Normaal,Zonnig / helder,Neerslag maar zonder hevige buien afgelopen 24 uur,Lda0,Lda0,Lda,Matig natte zandleembodem met textuur B horizont,L,d,a,Zandleemstreek,Gleyic Luvisols (Loamic),Luvisols,LV-gl,Gleyic,NA,NA,Endogleyic,Loamic,NA,Eutric,Hagelands heuvelland,0.2621366107,-0.818924699,-1.031588489,-0.3260896027,-0.1114528045,17,NA,NA,2,9,23,NA,NA,947,397893,1497182
p66a0591_10_30,P66a0591,CMON_P66a0591,45960,2023-01-31,ILVO,228405,198605,72.74,2635,4,Akkerland,0,Tijdelijk grasland,gras,V1 (Arable land and market gardens),Tijdelijk grasland,1,1,LT,0.01,NA,0.99,NA,0.083,5.7,1.42,28.2,1.41,2.36,0.12,11.95,14.3,20.4,6.07,14.15,79.78,NA,NA,NA,Scf3t,Scf3t,Scf,Matig droge lemig zandbodem met weinig duidelijke ijzer en/of humus B horizont,S,c,f,Kempen,Plaggic Cambisols (Loamic),Cambisols,CM-pa,Plaggic,NA,NA,NA,Loamic,NA,Dystric,Maasterrassen,-0.583638402,-0.01451675727,NA,-0.5320192539,-0.8836435848,9,NA,NA,0,7,16,NA,NA,65,181729,248084
p79c237d_10_30,P79c237d,CMON_P79c237d,45960,2022-04-21,INBO,207805,190135,24.93,1454,2,Natuur,0,Natuur,gras_ pitrus_ boswilg_ braam_ lijsterbes_ pinksterbloem,R3 (Seasonally wet and wet grasslands),Natuurgrasland,1,1,LT,0.01,NA,8.55,NA,0.446,4.4,0.86,146.72,7.34,7.65,0.38,19.17,83.3,71.6,27.3,18.41,54.29,Waterverzadigd,Zonnig / helder,Geen neerslag in afgelopen week,Vm,Vm,V,Veenbodem,V,NA,NA,Kempen,Dystric Rheic Sapric Histosols,Histosols,HS-sa.rh.dy,Sapric,Rheic,Dystric,Reductigleyic,$,NA,Dystric,Heuvelland van Lummen,0.9541343484,0.4359516901,NA,3.092342608,3.019926266,14,NA,NA,9,6,8,NA,NA,247,54203,54814
p9f4da6a_0_10,P9f4da6a,CMON_P9f4da6a,0-10,2023-01-23,ILVO,197535,173515,51.83,2158,4,Akkerland,0,Akker,geploegd,V1 (Arable land and market gardens),Akker,1,1,LT,0.01,NA,1.71,NA,0.171,6.6,1.25,21.43,2.14,2.14,0.21,10.01,31.6,39.5,13.97,59.47,26.56,NA,NA,NA,Lhc,Lhc,Lhc,Natte zandleembodem met sterk gevlekte_ verbrokkelde textuur B horizont,L,h,c,Zandleemstreek,Eutric Retic Stagnosols (Loamic),Stagnosols,ST-rt.eu,Retic,Eutric,NA,Stagnic,Loamic,NA,Eutric,Hagelands heuvelland,-0.7374156771,0.04983587807,-0.9001578746,-0.07897402124,-0.2696677033,66,NA,NA,1,4,7,NA,NA,35978,1747351,1747357
p9f4da6a_10_30,P9f4da6a,CMON_P9f4da6a,45960,2023-01-23,ILVO,197535,173515,51.83,2158,4,Akkerland,0,Akker,geploegd,V1 (Arable land and market gardens),Akker,1,1,LT,0.01,NA,1.66,NA,0.175,6.6,1.43,47.56,2.38,5.01,0.25,9.49,24.7,35.3,15.35,58.21,26.44,NA,NA,NA,Lhc,Lhc,Lhc,Natte zandleembodem met sterk gevlekte_ verbrokkelde textuur B horizont,L,h,c,Zandleemstreek,Eutric Retic Stagnosols (Loamic),Stagnosols,ST-rt.eu,Retic,Eutric,NA,Stagnic,Loamic,NA,Eutric,Hagelands heuvelland,-0.7374156771,0.04983587807,-0.9001578746,-0.07897402124,-0.2696677033,21,NA,NA,3,5,8,NA,NA,1080,852914,859275
p3c02082_10_30,P3c02082,CMON_P3c02082,45960,2022-03-08,ILVO,97535,217465,3.36,3108,4,Akkerland,1,Akker,grasland,V1 (Arable land and market gardens),Tijdelijk grasland,1,1,LT,0.01,NA,1.48,NA,0.147,6.2,1.61,47.76,2.39,4.74,0.24,10.08,20.4,32.9,34.91,45.15,19.94,Normaal,Zonnig / helder,Geen neerslag in de afgelopen 24 uur,OB,OB,OB,Bebouwde zones,NA,NA,NA,Kunstmatige gronden,Technosols/Not Surveyed,Technosols/Not Surveyed,TC,NA,NA,NA,NA,NA,NA,NA,Urban / Not mapped,-0.6605270395,-0.336279934,NA,-0.7379489051,0.07917063007,4,NA,NA,2,5,14,NA,NA,15,42264,1016406
pc725ea6_10_30,Pc725ea6,CMON_Pc725ea6,45960,2023-03-23,INBO,144055,155875,91.66,33374,2,Natuur,0,Natuur,gras_ kruidachtigen,R3 (Seasonally wet and wet grasslands),Natuurgrasland,1,1,LT,0.01,NA,0.81,NA,0.077,4.1,1.4,22.74,1.14,2.16,0.11,10.52,25.4,35.6,18.99,69.05,11.96,Waterverzadigd,Buien (wisselvallig),Hevige neerslag afgelopen week of regenstorm in afgelopen 24 uur,Aba0(b),Aba0(b),Aba,Droge leembodem met textuur B horizont,A,b,a,Zandleemstreek,Eutric Neocambic Retisols (Siltic),Retisols,RT-nc.eu,Neocambic,Eutric,NA,NA,Siltic,NA,Eutric,Brabants plateau,0.8772457109,-0.07886939261,NA,0.7035586534,-0.8943613683,25,NA,NA,3,4,14,NA,NA,3100,196877,750385
pa0a6212_0_10,Pa0a6212,CMON_Pa0a6212,0-10,2023-03-28,ILVO,94575,172915,22.42,3377,4,Akkerland,0,Tijdelijk grasland,gras,V1 (Arable land and market gardens),Tijdelijk grasland,1,1,NA,0.02,NA,1.41,NA,0.141,6.5,1.38,19.21,1.92,1.95,0.2,9.85,29.1,40.2,25.7,63.14,11.16,NA,NA,NA,Ldb,Ldb,Ldb,Matig natte zandleembodem met structuur B horizont,L,d,b,Zandleemstreek,Eutric Gleyic Cambisols (Loamic),Cambisols,CM-gl.eu,Gleyic,Eutric,NA,Endogleyic,Loamic,NA,Eutric,Leie-Schelde interfluvium,-0.429861127,-2.33121163,-0.5058660324,-0.6143911144,-0.5432263671,14,NA,NA,4,12,24,NA,NA,3625,949112,1098266
pa0a6212_10_30,Pa0a6212,CMON_Pa0a6212,45960,2023-03-28,ILVO,94575,172915,22.42,3377,4,Akkerland,0,Tijdelijk grasland,gras,V1 (Arable land and market gardens),Tijdelijk grasland,1,1,NA,0.02,NA,1.39,NA,0.14,6.7,1.43,39.06,1.95,3.99,0.2,9.79,31.4,45,26.57,62.44,10.99,NA,NA,NA,Ldb,Ldb,Ldb,Matig natte zandleembodem met structuur B horizont,L,d,b,Zandleemstreek,Eutric Gleyic Cambisols (Loamic),Cambisols,CM-gl.eu,Gleyic,Eutric,NA,Endogleyic,Loamic,NA,Eutric,Leie-Schelde interfluvium,-0.429861127,-2.33121163,-0.5058660324,-0.6143911144,-0.5432263671,3,NA,NA,1,5,11,NA,NA,47,96311,120033
p72bc162_10_30,P72bc162,CMON_P72bc162,45960,2023-06-09,INBO,226015,193245,79.21,48230,2,Natuur,0,Natuur,Pijpenstrootje,R2 (Mesic grasslands),Heide,1,1,LT,0.01,NA,2.19,NA,0.077,3.4,1.34,58.64,2.93,2.06,0.1,28.44,5.8,7.8,2.53,5.88,91.58,Uitgedroogd,Zonnig / helder,Geen neerslag in afgelopen maand,OB,OB,OB,Bebouwde zones,NA,NA,NA,Kunstmatige gronden,Technosols/Not Surveyed,Technosols/Not Surveyed,TC,NA,NA,NA,NA,NA,NA,NA,Maasterrassen,0.4159138858,1.594299126,NA,1.939136561,0.3578330002,13,NA,NA,2,7,7,NA,NA,3094,652783,652783
paddd2e0_10_30,Paddd2e0,CMON_Paddd2e0,45960,2023-03-28,ILVO,89515,167065,19.31,3889,4,Akkerland,0,Akker,geploegd,V1 (Arable land and market gardens),Akker,1,1,LT,0.01,NA,1.05,NA,0.107,5.9,1.45,30.36,1.52,3.09,0.15,9.83,26.2,38,15.6,64.12,20.28,NA,NA,NA,Lca,Lca,Lca,Matig droge zandleembodem met textuur B horizont,L,c,a,Zandleemstreek,Haplic Luvisols (Loamic),Luvisols,LV-ha,Haplic,NA,NA,NA,Loamic,NA,Eutric,Leie-Schelde interfluvium,-0.8143043146,-0.52933784,NA,-0.7379489051,-0.8673117243,6,NA,NA,3,6,16,NA,NA,145,24883,59321
p967a8bc_10_30,P967a8bc,CMON_P967a8bc,45960,2023-02-02,ILVO,47795,177415,16.43,2277,4,Akkerland,0,Tijdelijk grasland,gras,V1 (Arable land and market gardens),Tijdelijk grasland,1,1,LT,0.01,NA,1.44,NA,0.161,6.2,1.33,38.16,1.91,4.27,0.21,8.94,25.4,33.8,12.64,44.85,42.51,NA,NA,NA,Pdc,Pdc,Pdc,Matig natte licht zandleembodem met sterk gevlekte_ verbrokkelde textuur B horizont,P,d,c,Zandleemstreek,Eutric Gleyic Retisols (Loamic),Retisols,RT-gl.eu,Gleyic,Eutric,NA,Endogleyic,Loamic,NA,Eutric,Polder-Leie interfluvium,-0.5067497645,-0.239750981,NA,-0.6555770447,-0.4932100442,5,NA,NA,0,2,8,NA,NA,236,37227,225016
p86c8c43_10_30,P86c8c43,CMON_P86c8c43,45960,2023-04-03,ILVO,111145,184365,38.62,4065,4,Akkerland,0,Tijdelijk grasland,gras,V1 (Arable land and market gardens),Tijdelijk grasland,1,1,LT,0.01,NA,1.04,NA,0.105,5.5,1.5,31.22,1.56,3.15,0.16,9.91,23.6,35.4,7.73,57.17,35.1,NA,NA,NA,Lcc,Lcc,Lcc,Matig droge zandleembodem met sterk gevlekte_ verbrokkelde textuur B horizont,L,c,c,Zandleemstreek,Eutric Retisols (Loamic),Retisols,RT-eu,Eutric,NA,NA,NA,Loamic,NA,Eutric,Schelde-Dender interfluvium,-0.1991952144,0.2428937841,NA,-0.7791348354,-0.6424934568,19,NA,NA,1,3,11,NA,NA,693,3311,26467
p91e52c8_10_30,P91e52c8,CMON_P91e52c8,45960,2022-03-22,ILVO,73115,179445,16.14,433,4,Akkerland,0,Akker,gele mosterd,V1 (Arable land and market gardens),Akker,1,1,LT,0.01,NA,1.24,NA,0.113,5.7,1.49,36.83,1.84,3.36,0.17,10.96,15.1,22.4,15.08,36.05,48.87,Normaal,Zonnig / helder,Geen neerslag in de afgelopen 24 uur,Pcc,Pcc,Pcc,Matig droge licht zandleembodem met sterk gevlekte_ verbrokkelde textuur B horizont,P,c,c,Zandstreek,Eutric Retisols (Loamic),Retisols,RT-eu,Eutric,NA,NA,NA,Loamic,NA,Eutric,Polder-Leie interfluvium,-0.8143043146,-0.722395746,NA,-0.6143911144,-0.5526682239,28,NA,NA,2,5,6,NA,NA,6864,1545711,1545712
pa3643b4_0_10,Pa3643b4,CMON_Pa3643b4,0-10,2022-11-18,ILVO,190195,171705,37.24,2414,3,grasland,0,Blijvend grasland,gras,R2 (Mesic grasslands),Blijvend grasland,1,1,LT,0.01,NA,5.6,NA,0.581,5.3,1.02,57.19,5.72,5.93,0.59,9.64,52,53,31.1,58.74,10.16,Normaal,Bewolkt,Neerslag maar zonder hevige buien afgelopen 24 uur,Afp,Afp,Afp,Zeer natte leembodem zonder profiel,A,f,p,Zandleemstreek,Fluvic Gleyic Phaeozems (Siltic_ Fluvic),Phaeozems,PH-gl.fv,Gleyic,Fluvic,NA,Amphigleyic,Siltic,Fluvic,Eutric,Hagelands heuvelland,-0.1223065769,-0.336279934,0.0198564237,0.8683023744,1.467378775,15,NA,NA,7,6,28,NA,NA,1589,38781,263735
pa3643b4_10_30,Pa3643b4,CMON_Pa3643b4,45960,2022-11-18,ILVO,190195,171705,37.24,2414,3,grasland,0,Blijvend grasland,gras,R2 (Mesic grasslands),Blijvend grasland,1,1,LT,0.01,NA,3.04,NA,0.342,5.3,1.31,79.87,3.99,8.99,0.45,8.88,32.5,42.6,30.29,60.05,9.66,Normaal,Bewolkt,Neerslag maar zonder hevige buien afgelopen 24 uur,Afp,Afp,Afp,Zeer natte leembodem zonder profiel,A,f,p,Zandleemstreek,Fluvic Gleyic Phaeozems (Siltic_ Fluvic),Phaeozems,PH-gl.fv,Gleyic,Fluvic,NA,Amphigleyic,Siltic,Fluvic,Eutric,Hagelands heuvelland,-0.1223065769,-0.336279934,0.0198564237,0.8683023744,1.467378775,8,NA,NA,2,3,5,NA,NA,189,36367,50891
pa3e44f2_0_10,Pa3e44f2,CMON_Pa3e44f2,0-10,2023-02-07,ILVO,224895,171485,75.48,2854,4,Akkerland,0,Tijdelijk grasland,gras,V1 (Arable land and market gardens),Tijdelijk grasland,1,1,LT,0.01,NA,1.27,NA,0.129,6.5,1.48,18.8,1.88,1.91,0.19,9.84,25.1,37.2,17.37,72.63,10,NA,NA,NA,Aba1,Aba1,Aba,Droge leembodem met textuur B horizont,A,b,a,Leemstreek,Nudiargic Luvisols (Siltic),Luvisols,LV-ng,Nudiargic,NA,NA,NA,Siltic,NA,Eutric,Plateau van Haspengouw,-0.8143043146,0.0176595604,-0.7687272605,-1.026250417,-0.7259390567,18,NA,NA,3,4,9,NA,NA,2604,295777,401845
pa3e44f2_10_30,Pa3e44f2,CMON_Pa3e44f2,45960,2023-02-07,ILVO,224895,171485,75.48,2854,4,Akkerland,0,Tijdelijk grasland,gras,V1 (Arable land and market gardens),Tijdelijk grasland,1,1,LT,0.01,NA,1.09,NA,0.115,6.7,1.48,32.31,1.62,3.41,0.17,9.48,24.4,36.1,21.3,65.42,13.28,NA,NA,NA,Aba1,Aba1,Aba,Droge leembodem met textuur B horizont,A,b,a,Leemstreek,Nudiargic Luvisols (Siltic),Luvisols,LV-ng,Nudiargic,NA,NA,NA,Siltic,NA,Eutric,Plateau van Haspengouw,-0.8143043146,0.0176595604,-0.7687272605,-1.026250417,-0.7259390567,19,NA,NA,3,5,13,NA,NA,20799,142410,147549
pa3f0e55_0_10,Pa3f0e55,CMON_Pa3f0e55,0-10,2022-03-04,ILVO,29805,171455,43.01,421,4,Akkerland,0,Akker,gras/klaver 1ste jaar,V1 (Arable land and market gardens),Tijdelijk grasland,1,1,LT,0.01,NA,0.89,NA,0.095,6,1.5,13.32,1.33,1.42,0.14,9.38,24.5,36.8,19.58,53.46,26.96,Normaal,Zonnig / helder,Geen neerslag in de afgelopen 24 uur,wLdc,wLdc,Ldc,Matig natte zandleembodem met sterk gevlekte_ verbrokkelde textuur B horizont,L,d,c,Zandleemstreek,Eutric Gleyic Retisols (Loamic_ Ruptic),Retisols,RT-gl.eu,Gleyic,Eutric,NA,Endogleyic,Loamic,Ruptic,Eutric,Polder-Leie interfluvium,-0.7374156771,0.9185964552,1.597023792,-1.108622277,-1.135001126,3,62,176,0,8,17,40505,231650,25,1588015,1988140
pa3f0e55_10_30,Pa3f0e55,CMON_Pa3f0e55,45960,2022-03-04,ILVO,29805,171455,43.01,421,4,Akkerland,0,Akker,gras/klaver 1ste jaar,V1 (Arable land and market gardens),Tijdelijk grasland,1,1,LT,0.01,NA,0.67,NA,0.074,5.9,1.62,21.76,1.09,2.4,0.12,9.07,20.7,33.6,20.36,45.75,33.89,Normaal,Zonnig / helder,Geen neerslag in de afgelopen 24 uur,wLdc,wLdc,Ldc,Matig natte zandleembodem met sterk gevlekte_ verbrokkelde textuur B horizont,L,d,c,Zandleemstreek,Eutric Gleyic Retisols (Loamic_ Ruptic),Retisols,RT-gl.eu,Gleyic,Eutric,NA,Endogleyic,Loamic,Ruptic,Eutric,Polder-Leie interfluvium,-0.7374156771,0.9185964552,1.597023792,-1.108622277,-1.135001126,6,NA,NA,0,7,9,NA,NA,312,1014948,1016491
p7be4a7b_10_30,P7be4a7b,CMON_P7be4a7b,45960,2023-02-06,ILVO,86265,189185,20.14,1009,4,Akkerland,0,Akker,geploegd,V1 (Arable land and market gardens),Akker,1,1,LT,0.01,NA,1,NA,0.105,6.1,1.45,28.98,1.45,3.04,0.15,9.53,23.1,33.5,14.04,43.24,42.72,NA,NA,NA,w-Pdc,w-Pdc,Pdc,Matig natte licht zandleembodem met sterk gevlekte_ verbrokkelde textuur B horizont,P,d,c,Zandstreek,Eutric Gleyic Retisols (Loamic_ Ruptic),Retisols,RT-gl.eu,Gleyic,Eutric,NA,Endogleyic,Loamic,Ruptic,Eutric,Polder-Leie interfluvium,-1.121858865,1.111654361,NA,-1.232180068,-0.9124795261,20,NA,NA,2,7,18,NA,NA,550,2321036,2597552
p8fce805_10_30,P8fce805,CMON_P8fce805,45960,2022-12-19,ILVO,202765,180375,25.8,1198,3,grasland,0,Blijvend grasland,gras,R2 (Mesic grasslands),Blijvend grasland,1,1,LT,0.01,NA,2.1,NA,0.165,5.2,1.4,58.89,2.94,4.63,0.23,12.72,21.5,30.1,15.7,58.99,25.31,Normaal,Buien (wisselvallig),Neerslag maar zonder hevige buien afgelopen 24 uur,sLda,sLda,Lda,Matig natte zandleembodem met textuur B horizont,L,d,a,Zandleemstreek,Gleyic Luvisols (Loamic_ Ruptic),Luvisols,LV-gl,Gleyic,NA,NA,Endogleyic,Loamic,Ruptic,Eutric,Hagelands heuvelland,NA,NA,NA,0.3740712114,0.4310711873,10,NA,NA,2,12,28,NA,NA,409,1270734,1696358
pc4fa56c_10_30,Pc4fa56c,CMON_Pc4fa56c,45960,2022-04-29,ILVO,128115,156835,51.26,193,3,grasland,0,Blijvend grasland,gras,R2 (Mesic grasslands),Blijvend grasland,1,0,LT,0.01,NA,1.13,NA,0.128,4.8,1.35,30.53,1.53,3.46,0.17,8.82,15.1,20.3,20.9,71.08,8.02,Normaal,Gedeeltelijk bewolkt,Geen neerslag in afgelopen week,Aba1,Aba1,Aba,Droge leembodem met textuur B horizont,A,b,a,Leemstreek,Nudiargic Luvisols (Siltic),Luvisols,LV-ng,Nudiargic,NA,NA,NA,Siltic,NA,Eutric,Dender-Zenne interfluvium,0.8772457109,-0.625866793,NA,0.2093274905,-0.3875633214,16,NA,NA,3,4,13,NA,NA,513,349411,1065756
p5999ab3_10_30,P5999ab3,CMON_P5999ab3,45960,2022-11-08,ILVO,82825,204365,14.24,292,3,grasland,0,Blijvend grasland,gras,R2 (Mesic grasslands),Blijvend grasland,1,1,LT,0.01,NA,1.52,NA,0.138,4.2,1.48,44.84,2.24,4.07,0.2,11.02,12.7,18.8,5.64,11.14,83.22,Normaal,Bewolkt,Geen neerslag in de afgelopen 24 uur,Zch,Zch,Zch,Matig droge zandbodem met verbrokkelde ijzer en/of humus B horizont,Z,c,h,Zandstreek,Terric Anthrosols (Arenic_ Spodi-relocatic),Anthrosols,AT-tr,Terric,NA,NA,NA,Arenic,Spodi-relocatic,Eutric,West-Vlaams cuestaland,-0.2760838519,-0.04669307494,NA,-0.6143911144,0.05926617505,18,NA,NA,5,6,11,NA,NA,325,57126,74866
pa50d943_0_10,Pa50d943,CMON_Pa50d943,0-10,2022-02-02,ILVO,83305,170965,25.97,2097,4,Akkerland,0,Akker,tijdelijk grasland,V1 (Arable land and market gardens),Tijdelijk grasland,1,1,LT,0.01,NA,1.02,NA,0.097,5.3,1.52,15.47,1.55,1.47,0.15,10.52,19.4,29.4,7.15,29.99,62.86,Normaal,Bewolkt,Neerslag maar zonder hevige buien afgelopen 24 uur,Pcc,Pcc,Pcc,Matig droge licht zandleembodem met sterk gevlekte_ verbrokkelde textuur B horizont,P,c,c,Zandstreek,Eutric Retisols (Loamic),Retisols,RT-eu,Eutric,NA,NA,NA,Loamic,NA,Eutric,Leie-Schelde interfluvium,-0.1223065769,0.1785411487,-0.6372966465,-1.190994138,-0.9405499113,34,24,57,2,5,21,905,4599,7680,50888,830282
pa50d943_10_30,Pa50d943,CMON_Pa50d943,45960,2022-02-02,ILVO,83305,170965,25.97,2097,4,Akkerland,0,Akker,tijdelijk grasland,V1 (Arable land and market gardens),Tijdelijk grasland,1,1,LT,0.01,NA,0.9,NA,0.09,5.4,1.51,27.23,1.36,2.72,0.14,10.01,19.3,29.2,9.13,31.35,59.52,Normaal,Bewolkt,Neerslag maar zonder hevige buien afgelopen 24 uur,Pcc,Pcc,Pcc,Matig droge licht zandleembodem met sterk gevlekte_ verbrokkelde textuur B horizont,P,c,c,Zandstreek,Eutric Retisols (Loamic),Retisols,RT-eu,Eutric,NA,NA,NA,Loamic,NA,Eutric,Leie-Schelde interfluvium,-0.1223065769,0.1785411487,-0.6372966465,-1.190994138,-0.9405499113,2,NA,NA,0,1,2,NA,NA,9,5501,9391
p9f499c0_10_30,P9f499c0,CMON_P9f499c0,45960,2022-02-17,ILVO,31995,173515,36.89,1445,4,Akkerland,0,Akker,Maïsstoppel,V1 (Arable land and market gardens),Akker,1,1,LT,0.01,NA,0.9,NA,0.106,6.1,1.43,25.66,1.28,3.02,0.15,8.5,23.2,33.2,18.06,34.8,47.14,Normaal,Zonnig / helder,Neerslag maar zonder hevige buien afgelopen 24 uur,wLDx,wLDx,LDx,Matig droge tot matig natte zandleembodem met onbepaald profiel,L,c-d,x,Zandleemstreek,Eutric Stagnosols (Loamic_ Ruptic),Stagnosols,ST-eu,Eutric,NA,NA,Stagnic,Loamic,Ruptic,Eutric,Polder-Leie interfluvium,-0.7374156771,0.1141885134,NA,-1.108622277,-0.9811243773,14,NA,NA,1,3,5,NA,NA,541,219440,221532
p7f93bba_10_30,P7f93bba,CMON_P7f93bba,45960,2023-02-09,ILVO,103295,187555,9.06,1505,4,Akkerland,0,Tijdelijk grasland,gras,V1 (Arable land and market gardens),Tijdelijk grasland,1,1,LT,0.01,NA,1.88,NA,0.153,5.1,1.33,49.92,2.5,4.06,0.2,12.3,25.7,34.2,7.15,12.18,80.67,NA,NA,NA,Zbm,Zbm,Zbm,Droge zandbodem met dikke antropogene humus A horizont,Z,b,m,Zandstreek,Terric Anthrosols (Arenic),Anthrosols,AT-tr,Terric,NA,NA,NA,Arenic,NA,Eutric,Zuidelijke Vlaamse laagvlakte,-1.044970227,1.015125408,NA,-0.2849036725,-0.08695501369,22,NA,NA,2,9,22,NA,NA,9840,2890070,3348577
pa5e315b_0_10,Pa5e315b,CMON_Pa5e315b,0-10,2023-03-13,ILVO,63945,170595,20.85,3441,4,Akkerland,0,Akker,geploegd,V1 (Arable land and market gardens),Akker,1,1,LT,0.01,NA,1.04,NA,0.098,6.1,1.47,15.31,1.53,1.44,0.14,10.63,21,30.9,12.76,31.87,55.37,NA,NA,NA,Pcc,Pcc,Pcc,Matig droge licht zandleembodem met sterk gevlekte_ verbrokkelde textuur B horizont,P,c,c,Zandleemstreek,Eutric Retisols (Loamic),Retisols,RT-eu,Eutric,NA,NA,NA,Loamic,NA,Eutric,Zuidelijke Vlaamse laagvlakte,-1.044970227,0.9185964552,-1.031588489,-0.9850644866,-0.8943613683,17,NA,NA,3,8,20,NA,NA,1278,350698,492769
pa5e315b_10_30,Pa5e315b,CMON_Pa5e315b,45960,2023-03-13,ILVO,63945,170595,20.85,3441,4,Akkerland,0,Akker,geploegd,V1 (Arable land and market gardens),Akker,1,1,LT,0.01,NA,0.9,NA,0.083,6,1.62,29.2,1.46,2.69,0.13,10.86,18.9,30.6,10.74,31.45,57.81,NA,NA,NA,Pcc,Pcc,Pcc,Matig droge licht zandleembodem met sterk gevlekte_ verbrokkelde textuur B horizont,P,c,c,Zandleemstreek,Eutric Retisols (Loamic),Retisols,RT-eu,Eutric,NA,NA,NA,Loamic,NA,Eutric,Zuidelijke Vlaamse laagvlakte,-1.044970227,0.9185964552,-1.031588489,-0.9850644866,-0.8943613683,5,NA,NA,1,2,8,NA,NA,374,182888,700973
pa614384_0_10,Pa614384,CMON_Pa614384,0-10,2022-11-04,ILVO,181475,170515,81.75,1390,3,grasland,0,Blijvend grasland,gras,R2 (Mesic grasslands),Blijvend grasland,1,1,NA,0.02,NA,1.65,NA,0.144,6.5,1.48,24.06,2.41,2.13,0.21,11.3,17.4,25.8,13.6,54.83,31.57,Normaal,Bewolkt,Neerslag maar zonder hevige buien afgelopen 24 uur,Lca0,Lca0,Lca,Matig droge zandleembodem met textuur B horizont,L,c,a,Zandleemstreek,Haplic Luvisols (Loamic),Luvisols,LV-ha,Haplic,NA,NA,NA,Loamic,NA,Eutric,Hagelands heuvelland,-0.6605270395,0.1785411487,1.85988502,-1.026250417,-0.5087763488,11,NA,NA,1,13,17,NA,NA,411,183595,414299
pa614384_10_30,Pa614384,CMON_Pa614384,45960,2022-11-04,ILVO,181475,170515,81.75,1390,3,grasland,0,Blijvend grasland,gras,R2 (Mesic grasslands),Blijvend grasland,1,1,NA,0.02,NA,1.17,NA,0.11,6.9,1.55,35.56,1.78,3.4,0.17,10.46,16.1,25,9.98,61.49,28.53,Normaal,Bewolkt,Neerslag maar zonder hevige buien afgelopen 24 uur,Lca0,Lca0,Lca,Matig droge zandleembodem met textuur B horizont,L,c,a,Zandleemstreek,Haplic Luvisols (Loamic),Luvisols,LV-ha,Haplic,NA,NA,NA,Loamic,NA,Eutric,Hagelands heuvelland,-0.6605270395,0.1785411487,1.85988502,-1.026250417,-0.5087763488,3,NA,NA,0,3,6,NA,NA,29,173417,175625
pa6552c8_0_10,Pa6552c8,CMON_Pa6552c8,0-10,2022-03-01,ILVO,236315,170405,84.34,550,4,Akkerland,0,Akker,gele mosterd,V1 (Arable land and market gardens),Akker,1,1,LT,0.01,NA,2.18,NA,0.183,6.4,1.45,31.67,3.17,2.66,0.27,11.91,26.1,37.8,22.32,69.69,7.99,Normaal,Zonnig / helder,Geen neerslag in de afgelopen 24 uur,Aba0(b),Aba0(b),Aba,Droge leembodem met textuur B horizont,A,b,a,Leemstreek,Eutric Neocambic Retisols (Siltic),Retisols,RT-nc.eu,Neocambic,Eutric,NA,NA,Siltic,NA,Eutric,Plateau van Haspengouw,-0.3529724895,-0.9798062874,2.385607476,-0.9026926261,0.262904061,19,49,139,3,11,25,21924,181507,24853,199550,267371
pa6552c8_10_30,Pa6552c8,CMON_Pa6552c8,45960,2022-03-01,ILVO,236315,170405,84.34,550,4,Akkerland,0,Akker,gele mosterd,V1 (Arable land and market gardens),Akker,1,1,LT,0.01,NA,2,NA,0.159,6.3,1.45,58.19,2.91,4.63,0.23,12.57,25.7,37.2,23.08,68.41,8.51,Normaal,Zonnig / helder,Geen neerslag in de afgelopen 24 uur,Aba0(b),Aba0(b),Aba,Droge leembodem met textuur B horizont,A,b,a,Leemstreek,Eutric Neocambic Retisols (Siltic),Retisols,RT-nc.eu,Neocambic,Eutric,NA,NA,Siltic,NA,Eutric,Plateau van Haspengouw,-0.3529724895,-0.9798062874,2.385607476,-0.9026926261,0.262904061,42,NA,NA,7,8,16,NA,NA,40793,1502668,1789860
p90a60f8_10_30,P90a60f8,CMON_P90a60f8,45960,2022-02-22,ILVO,30635,179995,8.03,37,4,Akkerland,0,Akker,Groenbemester,V1 (Arable land and market gardens),Akker,1,1,NA,0.02,NA,1.32,NA,0.151,6.6,1.5,38.95,1.95,4.52,0.23,8.62,23.3,35,23.35,54.74,21.91,Normaal,Buien (wisselvallig),Zeer natte periode of smelten van sneeuw,Lca,Lca,Lca,Matig droge zandleembodem met textuur B horizont,L,c,a,Zandleemstreek,Haplic Luvisols (Loamic),Luvisols,LV-ha,Haplic,NA,NA,NA,Loamic,NA,Eutric,Polder-Leie interfluvium,-0.583638402,-0.9476299697,NA,-1.026250417,-0.4858096699,4,NA,NA,2,3,11,NA,NA,273,156644,613918
pa4dfbbe_10_30,Pa4dfbbe,CMON_Pa4dfbbe,45960,2022-11-17,ILVO,100535,171045,59.85,929,3,grasland,0,Blijvend grasland,gras,R2 (Mesic grasslands),Blijvend grasland,1,1,LT,0.01,NA,1.03,NA,0.118,5.5,1.47,30.27,1.51,3.47,0.17,8.72,24.8,36.4,23.14,66.9,9.96,Normaal,Bewolkt,Neerslag maar zonder hevige buien afgelopen 24 uur,Aca1,Aca1,Aca,Matig droge leembodem met textuur B horizont,A,c,a,Zandleemstreek,Nudiargic Luvisols (Siltic),Luvisols,LV-ng,Nudiargic,NA,NA,NA,Siltic,NA,Eutric,Schelde-Dender interfluvium,-0.2760838519,0.1463648311,NA,-0.07897402124,-0.2150580447,28,NA,NA,4,5,14,NA,NA,10685,19863,508759
pa729b0f_0_10,Pa729b0f,CMON_Pa729b0f,0-10,2022-04-12,ILVO,176465,170035,66.72,2638,4,Akkerland,0,Akker,Wintergraan,V1 (Arable land and market gardens),Akker,1,0,NA,0.25,NA,4.09,NA,0.247,7.2,1.03,39.39,3.94,2.53,0.25,15.57,32.8,33.7,19.32,51.27,29.41,Normaal,Zonnig / helder,Geen neerslag in de afgelopen 24 uur,Lba0,Lba0,Lba,Droge zandleembodem met textuur B horizont,L,b,a,Zandstreek,Haplic Luvisols (Loamic),Luvisols,LV-ha,Haplic,NA,NA,NA,Loamic,NA,Eutric,Brabants plateau,0.2621366107,-3.746969607,-0.6372966465,0.8271164441,0.02609208337,44,NA,NA,2,17,23,NA,NA,14468,759749,971270
pa729b0f_10_30,Pa729b0f,CMON_Pa729b0f,45960,2022-04-12,ILVO,176465,170035,66.72,2638,4,Akkerland,0,Akker,Wintergraan,V1 (Arable land and market gardens),Akker,1,0,NA,0.18,NA,1.43,NA,0.103,7.5,1.65,41.19,2.06,3.39,0.17,12.15,18.7,30.9,20,55.17,24.83,Normaal,Zonnig / helder,Geen neerslag in de afgelopen 24 uur,Lba0,Lba0,Lba,Droge zandleembodem met textuur B horizont,L,b,a,Zandstreek,Haplic Luvisols (Loamic),Luvisols,LV-ha,Haplic,NA,NA,NA,Loamic,NA,Eutric,Brabants plateau,0.2621366107,-3.746969607,-0.6372966465,0.8271164441,0.02609208337,21,NA,NA,2,6,11,NA,NA,12984,55931,477310
pa96fb44_0_10,Pa96fb44,CMON_Pa96fb44,0-10,2022-09-27,ILVO,90835,169025,21.06,2353,3,grasland,0,Blijvend grasland,gras,R1 (Dry grasslands),Blijvend grasland,1,1,LT,0.01,NA,2.21,NA,0.22,4.6,1.22,27.01,2.7,2.69,0.27,10.04,28.3,34.5,23.55,56.29,20.16,Normaal,Buien (wisselvallig),Neerslag maar zonder hevige buien afgelopen 24 uur,Ldp,Ldp,Ldp,Matig natte zandleembodem zonder profiel,L,d,p,Zandleemstreek,Eutric Gleyic Cambisols (Loamic_ Colluvic),Cambisols,CM-gl.eu,Gleyic,Eutric,NA,Endogleyic,Loamic,Colluvic,Eutric,Leie-Schelde interfluvium,-0.8911929521,1.690828079,-0.9001578746,0.04458376949,-0.2987588299,11,NA,NA,2,5,18,NA,NA,212,30170,80891
pa96fb44_10_30,Pa96fb44,CMON_Pa96fb44,45960,2022-09-27,ILVO,90835,169025,21.06,2353,3,grasland,0,Blijvend grasland,gras,R1 (Dry grasslands),Blijvend grasland,1,1,LT,0.01,NA,1.53,NA,0.148,5.2,1.33,40.84,2.04,3.95,0.2,10.34,25.9,34.4,23.65,60.97,15.38,Normaal,Buien (wisselvallig),Neerslag maar zonder hevige buien afgelopen 24 uur,Ldp,Ldp,Ldp,Matig natte zandleembodem zonder profiel,L,d,p,Zandleemstreek,Eutric Gleyic Cambisols (Loamic_ Colluvic),Cambisols,CM-gl.eu,Gleyic,Eutric,NA,Endogleyic,Loamic,Colluvic,Eutric,Leie-Schelde interfluvium,-0.8911929521,1.690828079,-0.9001578746,0.04458376949,-0.2987588299,31,NA,NA,4,4,13,NA,NA,6129,118196,460886
paabb27c_0_10,Paabb27c,CMON_Paabb27c,0-10,2023-02-20,ILVO,164915,168455,94.94,3406,4,Akkerland,0,Akker,geploegd,V1 (Arable land and market gardens),Akker,1,1,LT,0.01,NA,1.18,NA,0.115,5.6,1.45,17.12,1.71,1.67,0.17,10.25,27.5,39.9,16.44,72.46,11.1,NA,NA,NA,Aba1(b),Aba1(b),Aba,Droge leembodem met textuur B horizont,A,b,a,Zandleemstreek,Eutric Nudiargic Retisols (Siltic),Retisols,RT-ng.eu,Nudiargic,Eutric,NA,NA,Siltic,NA,Eutric,Brabants plateau,0.4159138858,0.5324806431,-0.1115741903,-0.9026926261,-0.275026595,13,NA,NA,2,11,21,NA,NA,1824,27180,48419
paabb27c_10_30_1,Paabb27c,CMON_Paabb27c,45960,2023-02-20,ILVO,164915,168455,94.94,3406,4,Akkerland,0,Akker,geploegd,V1 (Arable land and market gardens),Akker,1,1,LT,0.01,NA,0.95,NA,0.099,5.7,1.36,25.83,1.29,2.69,0.13,9.6,27.3,37.1,22.58,69.3,8.12,NA,NA,NA,Aba1(b),Aba1(b),Aba,Droge leembodem met textuur B horizont,A,b,a,Zandleemstreek,Eutric Nudiargic Retisols (Siltic),Retisols,RT-ng.eu,Nudiargic,Eutric,NA,NA,Siltic,NA,Eutric,Brabants plateau,0.4159138858,0.5324806431,-0.1115741903,-0.9026926261,-0.275026595,11,NA,NA,6,NA,NA,NA,NA,305,NA,NA
paabb27c_10_30_2,Paabb27c,CMON_Paabb27c,45960,2023-02-20,ILVO,164915,168455,94.94,3406,4,Akkerland,0,Akker,geploegd,V1 (Arable land and market gardens),Akker,1,1,LT,0.01,NA,0.95,NA,0.099,5.7,1.36,25.83,1.29,2.69,0.13,9.6,27.3,37.1,22.58,69.3,8.12,NA,NA,NA,Aba1(b),Aba1(b),Aba,Droge leembodem met textuur B horizont,A,b,a,Zandleemstreek,Eutric Nudiargic Retisols (Siltic),Retisols,RT-ng.eu,Nudiargic,Eutric,NA,NA,Siltic,NA,Eutric,Brabants plateau,0.4159138858,0.5324806431,-0.1115741903,-0.9026926261,-0.275026595,NA,NA,NA,NA,11,23,NA,NA,NA,147868,492589
pa2c05e5_10_30,Pa2c05e5,CMON_Pa2c05e5,45960,2022-03-16,INBO,111005,171985,81.61,19873,8,Niet-geklasseerd,1,Ruimtebeslag bermen,gras en sierstruiken,V3 (Artificial grasslands and herb dominated habitats),Residentieel grasland,1,1,NA,0.28,NA,1.08,NA,0.065,7.4,1.56,24.96,1.25,2.03,0.1,12.31,20.7,32.3,24.97,64.55,10.48,Normaal,Bewolkt,Hevige neerslag afgelopen week of regenstorm in afgelopen 24 uur,Abp(c),Abp(c),Abp,Droge leembodem zonder profiel,A,b,p,Zandleemstreek,Haplic Luvisols (Siltic_ Colluvic),Luvisols,LV-ha,Haplic,NA,NA,NA,Siltic,Colluvic,Eutric,Schelde-Dender interfluvium,1.261688898,-0.239750981,NA,0.12695563,-0.591711578,18,NA,NA,1,7,15,NA,NA,2187,255509,368054
pab167a1_10_30,Pab167a1,CMON_Pab167a1,45960,2022-11-09,ILVO,115365,168295,57.34,2465,3,grasland,0,Blijvend grasland,gras,R2 (Mesic grasslands),Blijvend grasland,1,1,LT,0.01,NA,1.17,NA,0.134,4.5,1.38,32.25,1.61,3.69,0.18,8.74,22.8,31.4,17.07,71.76,11.17,Normaal,Bewolkt,Geen neerslag in de afgelopen 24 uur,Aba1,Aba1,Aba,Droge leembodem met textuur B horizont,A,b,a,Zandleemstreek,Nudiargic Luvisols (Siltic),Luvisols,LV-ng,Nudiargic,NA,NA,NA,Siltic,NA,Eutric,Schelde-Dender interfluvium,-0.04541793937,0.1463648311,NA,0.3740712114,-0.3184080995,12,NA,NA,5,12,28,NA,NA,932,94956,108201
pac5a378_0_10,Pac5a378,CMON_Pac5a378,0-10,2022-05-12,INBO,110475,167735,68.1,8865,2,Natuur,0,Natuur,Pitrus_gras_boterbloem,R1 (Dry grasslands),Natuurgrasland,1,1,NA,0.06,NA,4.29,NA,0.233,6.8,1.2,50.55,5.05,2.78,0.28,18.15,32.3,38.8,20.52,65.79,13.69,Normaal,Zonnig / helder,Geen neerslag in afgelopen maand,Adp,Adp,Adp,Matig natte leembodem zonder profiel,A,d,p,Zandleemstreek,Eutric Gleyic Cambisols (Siltic_ Colluvic),Cambisols,CM-gl.eu,Gleyic,Eutric,NA,Endogleyic,Siltic,Colluvic,Eutric,Schelde-Dender interfluvium,1.876797999,-0.4649852047,3.305621775,0.12695563,1.034329285,10,49,68,5,16,35,56067,15170,498,214878,407543
pac5a378_10_30,Pac5a378,CMON_Pac5a378,45960,2022-05-12,INBO,110475,167735,68.1,8865,2,Natuur,0,Natuur,Pitrus_gras_boterbloem,R1 (Dry grasslands),Natuurgrasland,1,1,LT,0.01,NA,2.86,NA,0.225,5.9,1.22,69.54,3.48,5.47,0.27,12.71,29.5,36,18.94,68,13.06,Normaal,Zonnig / helder,Geen neerslag in afgelopen maand,Adp,Adp,Adp,Matig natte leembodem zonder profiel,A,d,p,Zandleemstreek,Eutric Gleyic Cambisols (Siltic_ Colluvic),Cambisols,CM-gl.eu,Gleyic,Eutric,NA,Endogleyic,Siltic,Colluvic,Eutric,Schelde-Dender interfluvium,1.876797999,-0.4649852047,3.305621775,0.12695563,1.034329285,0,NA,NA,0,16,25,NA,NA,0,737957,782522
p4454195_10_30,P4454195,CMON_P4454195,45960,2022-02-09,ILVO,173245,213785,11.72,1763,4,Akkerland,0,Akker,braak met maïsstoppels,V1 (Arable land and market gardens),Akker,1,0,LT,0.01,NA,3.3,NA,0.208,5.9,1.21,79.89,3.99,5.04,0.25,15.85,33.3,40.3,7.72,11.97,80.31,Normaal,Bewolkt,Geen neerslag in de afgelopen 24 uur,Zdg,Zdg,Zdg,Matig natte zandbodem met duidelijke ijzer en/of humus B horizont,Z,d,g,Kempen,Gleyic Podzols (Arenic),Podzols,PZ-gl,Gleyic,NA,NA,Endogleyic,Arenic,NA,Dystric,Depressie van de Netes,-0.429861127,0.1785411487,NA,-0.4084614632,1.126706371,166,NA,NA,5,1,7,NA,NA,220834,1823,348353
pad276a6_10_30,Pad276a6,CMON_Pad276a6,45960,2023-01-24,ILVO,224615,167385,89.73,2086,4,Akkerland,1,Laagstamboomgaard,gras,V2 (Cultivated areas of gardens and parks),Akker,1,1,LT,0.01,NA,1.38,NA,0.111,6.2,1.47,40.47,2.02,3.26,0.16,12.41,24.4,35.9,23.1,67.06,9.84,NA,NA,NA,Aba1,Aba1,Aba,Droge leembodem met textuur B horizont,A,b,a,Leemstreek,Nudiargic Luvisols (Siltic),Luvisols,LV-ng,Nudiargic,NA,NA,NA,Siltic,NA,Eutric,Plateau van Haspengouw,-1.044970227,0.4681280078,NA,-0.7791348354,0.1087721273,21,NA,NA,1,10,14,NA,NA,3007,1651253,1773994
p9a4f4cf_10_30,P9a4f4cf,CMON_P9a4f4cf,45960,2022-11-07,ILVO,186785,175725,62.98,366,3,grasland,0,Blijvend grasland,gras,R2 (Mesic grasslands),Blijvend grasland,1,1,LT,0.01,NA,0.9,NA,0.098,5.2,1.52,27.42,1.37,2.99,0.15,9.17,21.8,33.1,17.19,72.03,10.78,Normaal,Bewolkt,Neerslag maar zonder hevige buien afgelopen 24 uur,Lda1,Lda1,Lda,Matig natte zandleembodem met textuur B horizont,L,d,a,Zandleemstreek,Nudiargic Gleyic Luvisols (Loamic),Luvisols,LV-gl.ng,Gleyic,Nudiargic,NA,Endogleyic,Loamic,NA,Eutric,Hagelands heuvelland,0.9541343484,-0.722395746,NA,-0.202531812,-0.456463358,23,NA,NA,3,8,14,NA,NA,2834,4774,18189
p6ae8513_10_30,P6ae8513,CMON_P6ae8513,45960,2022-11-22,ILVO,112105,196705,6.25,225,3,grasland,0,Blijvend grasland,gras,R2 (Mesic grasslands),Blijvend grasland,1,1,LT,0.01,NA,1.41,NA,0.136,6.4,1.51,42.62,2.13,4.11,0.21,10.37,21.1,31.8,9.42,22.02,68.56,Normaal,Bewolkt,Neerslag maar zonder hevige buien afgelopen 24 uur,Zdh,Zdh,Zdh,Matig natte zandbodem met verbrokkelde ijzer en/of humus B horizont,Z,d,h,Zandstreek,Terric Anthrosols (Arenic_ Spodi-relocatic),Anthrosols,AT-tr,Terric,NA,NA,Endogleyic,Arenic,Spodi-relocatic,Eutric,Centrale Vlaamse laagvlakte,-0.583638402,0.7898911845,NA,-0.3260896027,-0.1272742944,13,NA,NA,10,11,25,NA,NA,407,450173,2218292
pae34829_0_10,Pae34829,CMON_Pae34829,0-10,2022-01-19,ILVO,113365,166915,49.4,673,4,Akkerland,0,Akker,tarwestoppel,V1 (Arable land and market gardens),Akker,1,0,LT,0.01,NA,0.96,NA,0.097,5.7,1.51,14.51,1.45,1.47,0.15,9.87,25.5,38.4,15.19,74.29,10.52,Normaal,Bewolkt,Geen neerslag in de afgelopen 24 uur,Aca1,Aca1,Aca,Matig droge leembodem met textuur B horizont,A,c,a,Zandleemstreek,Nudiargic Luvisols (Siltic),Luvisols,LV-ng,Nudiargic,NA,NA,NA,Siltic,NA,Eutric,Schelde-Dender interfluvium,-0.9680815896,0.3072464194,0.5455788799,-1.149808208,-1.015574396,25,NA,NA,4,4,9,NA,NA,3035,300863,434674
pae34829_10_30,Pae34829,CMON_Pae34829,45960,2022-01-19,ILVO,113365,166915,49.4,673,4,Akkerland,0,Akker,tarwestoppel,V1 (Arable land and market gardens),Akker,1,0,LT,0.01,NA,0.94,NA,0.098,6,1.34,25.25,1.26,2.63,0.13,9.6,27.7,37.2,14.44,74.65,10.91,Normaal,Bewolkt,Geen neerslag in de afgelopen 24 uur,Aca1,Aca1,Aca,Matig droge leembodem met textuur B horizont,A,c,a,Zandleemstreek,Nudiargic Luvisols (Siltic),Luvisols,LV-ng,Nudiargic,NA,NA,NA,Siltic,NA,Eutric,Schelde-Dender interfluvium,-0.9680815896,0.3072464194,0.5455788799,-1.149808208,-1.015574396,10,NA,NA,1,5,14,NA,NA,1144,126942,283743
paf392b0_0_10,Paf392b0,CMON_Paf392b0,0-10,2022-12-06,ILVO,130315,166465,65.36,865,3,grasland,0,Blijvend grasland,gras,R2 (Mesic grasslands),Blijvend grasland,1,1,LT,0.01,NA,2.8,NA,0.252,5,1.4,39.09,3.91,3.52,0.35,11.11,27.7,38.8,16.69,47.2,36.11,Normaal,Gedeeltelijk bewolkt,Geen neerslag in de afgelopen 24 uur,Acp,Acp,Acp,Matig droge leembodem zonder profiel,A,c,p,Zandleemstreek,Eutric Cambisols (Siltic_ Colluvic),Cambisols,CM-eu,Eutric,NA,NA,NA,Siltic,Colluvic,Eutric,Dender-Zenne interfluvium,0.4928025233,-0.07886939261,-1.294449717,-0.6967629749,-0.1823943236,0,41,171,2,15,33,39187,47453,0,113640,139475
paf392b0_10_30,Paf392b0,CMON_Paf392b0,45960,2022-12-06,ILVO,130315,166465,65.36,865,3,grasland,0,Blijvend grasland,gras,R2 (Mesic grasslands),Blijvend grasland,1,1,LT,0.01,NA,1.16,NA,0.112,4.8,1.44,33.32,1.67,3.22,0.16,10.35,22.1,31.8,18.52,51.55,29.93,Normaal,Gedeeltelijk bewolkt,Geen neerslag in de afgelopen 24 uur,Acp,Acp,Acp,Matig droge leembodem zonder profiel,A,c,p,Zandleemstreek,Eutric Cambisols (Siltic_ Colluvic),Cambisols,CM-eu,Eutric,NA,NA,NA,Siltic,Colluvic,Eutric,Dender-Zenne interfluvium,0.4928025233,-0.07886939261,-1.294449717,-0.6967629749,-0.1823943236,11,NA,NA,3,6,20,NA,NA,1042,156227,1845801
paf5820c_0_10,Paf5820c,CMON_Paf5820c,0-10,2022-02-07,ILVO,214035,166415,69.32,494,4,Akkerland,0,Akker,Fruitbomen,V1 (Arable land and market gardens),Akker,1,1,LT,0.01,NA,2.13,NA,0.191,5.6,1.33,28.42,2.84,2.55,0.26,11.15,31.2,41.5,21.28,69.5,9.22,Normaal,Zonnig / helder,Neerslag maar zonder hevige buien afgelopen 24 uur,Aba1,Aba1,Aba,Droge leembodem met textuur B horizont,A,b,a,Leemstreek,Nudiargic Luvisols (Siltic),Luvisols,LV-ng,Nudiargic,NA,NA,NA,Siltic,NA,Eutric,Plateau van Haspengouw,-0.1223065769,-0.04669307494,1.991315634,-0.4084614632,-0.4694778094,32,31,184,3,14,31,1974,142457,2670,2426671,2546935
paf5820c_10_30,Paf5820c,CMON_Paf5820c,45960,2022-02-07,ILVO,214035,166415,69.32,494,4,Akkerland,0,Akker,Fruitbomen,V1 (Arable land and market gardens),Akker,1,1,LT,0.01,NA,1.13,NA,0.106,5.6,1.45,32.74,1.64,3.07,0.15,10.66,25.6,37.2,22.29,68.78,8.93,Normaal,Zonnig / helder,Neerslag maar zonder hevige buien afgelopen 24 uur,Aba1,Aba1,Aba,Droge leembodem met textuur B horizont,A,b,a,Leemstreek,Nudiargic Luvisols (Siltic),Luvisols,LV-ng,Nudiargic,NA,NA,NA,Siltic,NA,Eutric,Plateau van Haspengouw,-0.1223065769,-0.04669307494,1.991315634,-0.4084614632,-0.4694778094,5,NA,NA,1,10,16,NA,NA,278,1326113,1539961
pb00d1f2_0_10,Pb00d1f2,CMON_Pb00d1f2,0-10,2022-03-04,ILVO,47375,166095,43.25,741,4,Akkerland,0,Akker,groenbemester,V1 (Arable land and market gardens),Akker,1,1,LT,0.01,NA,1.08,NA,0.117,6.1,1.53,16.57,1.66,1.79,0.18,9.26,23,35.3,17.47,47.79,34.74,Normaal,Zonnig / helder,Geen neerslag in de afgelopen 24 uur,Ahp,Ahp,Ahp,Natte leembodem zonder profiel,A,h,p,Zandleemstreek,Eutric Fluvic Oxygleyic Gleysols (Siltic_ Fluvic),Gleysols,GL-oy.fv.eu,Oxygleyic,Fluvic,Eutric,Stagnic,Siltic,Fluvic,Eutric,Polder-Leie interfluvium,-0.8143043146,-0.07886939261,-0.5058660324,-1.232180068,-0.7907561281,26,68,63,2,10,28,104238,16460,20425,1649669,3225644
pb00d1f2_10_30,Pb00d1f2,CMON_Pb00d1f2,45960,2022-03-04,ILVO,47375,166095,43.25,741,4,Akkerland,0,Akker,groenbemester,V1 (Arable land and market gardens),Akker,1,1,LT,0.01,NA,1.07,NA,0.114,5.8,1.5,32,1.6,3.41,0.17,9.38,23.8,35.7,11.71,65.93,22.36,Normaal,Zonnig / helder,Geen neerslag in de afgelopen 24 uur,Ahp,Ahp,Ahp,Natte leembodem zonder profiel,A,h,p,Zandleemstreek,Eutric Fluvic Oxygleyic Gleysols (Siltic_ Fluvic),Gleysols,GL-oy.fv.eu,Oxygleyic,Fluvic,Eutric,Stagnic,Siltic,Fluvic,Eutric,Polder-Leie interfluvium,-0.8143043146,-0.07886939261,-0.5058660324,-1.232180068,-0.7907561281,17,NA,NA,4,1,11,NA,NA,7136,552,10329
pb010da9_0_10,Pb010da9,CMON_Pb010da9,0-10,2022-03-15,ILVO,200245,166095,40.67,622,4,Akkerland,0,Akker,80% wintergraan/ 20% maïs,V1 (Arable land and market gardens),Akker,1,1,LT,0.01,NA,1.66,NA,0.144,6.1,1.47,24.36,2.44,2.11,0.21,11.55,22.8,33.5,20.13,72.74,7.13,Normaal,Buien (wisselvallig),Neerslag maar zonder hevige buien afgelopen 24 uur,Ada1,Ada1,Ada,Matig natte leembodem met textuur B horizont,A,d,a,Leemstreek,Nudiargic Stagnic Luvisols (Siltic),Luvisols,LV-st.ng,Stagnic,Nudiargic,NA,Stagnic,Siltic,NA,Eutric,Plateau van Haspengouw,1.031022986,1.240359632,-0.9001578746,-0.9850644866,-0.2760473363,8,29,79,1,6,10,11007,20330,381,264373,346144
pb010da9_10_30,Pb010da9,CMON_Pb010da9,45960,2022-03-15,ILVO,200245,166095,40.67,622,4,Akkerland,0,Akker,80% wintergraan/ 20% maïs,V1 (Arable land and market gardens),Akker,1,1,LT,0.01,NA,1.4,NA,0.129,6.2,1.58,44.38,2.22,4.09,0.2,10.85,20.9,33.1,22.65,69.02,8.33,Normaal,Buien (wisselvallig),Neerslag maar zonder hevige buien afgelopen 24 uur,Ada1,Ada1,Ada,Matig natte leembodem met textuur B horizont,A,d,a,Leemstreek,Nudiargic Stagnic Luvisols (Siltic),Luvisols,LV-st.ng,Stagnic,Nudiargic,NA,Stagnic,Siltic,NA,Eutric,Plateau van Haspengouw,1.031022986,1.240359632,-0.9001578746,-0.9850644866,-0.2760473363,3,NA,NA,3,13,42,NA,NA,45,51854,1514022
p0cd2e15_10_30,P0cd2e15,CMON_P0cd2e15,45960,2023-02-21,ILVO,177805,238355,13.23,3363,4,Akkerland,0,Tijdelijk grasland,gras,V1 (Arable land and market gardens),Tijdelijk grasland,1,1,LT,0.01,NA,1.55,NA,0.123,6,1.44,44.69,2.23,3.55,0.18,12.59,19.9,28.7,2.36,7.11,90.53,Normaal,Bewolkt,Geen neerslag in de afgelopen 24 uur,Zdgb,Zdgb,Zdg,Matig natte zandbodem met duidelijke ijzer en/of humus B horizont,Z,d,g,Kempen,Gleyic Podzols (Arenic),Podzols,PZ-gl,Gleyic,NA,NA,Endogleyic,Arenic,NA,Dystric,Kempische cuesta,-0.5067497645,-0.52933784,NA,-0.5320192539,-0.3018210537,28,NA,NA,1,7,15,NA,NA,5040,26696,30155
p2ab37e6_10_30,P2ab37e6,CMON_P2ab37e6,45960,2022-11-28,ILVO,72775,225125,3.54,484,3,grasland,0,Blijvend grasland,gras,R2 (Mesic grasslands),Blijvend grasland,1,1,LT,0.01,NA,2.33,NA,0.27,6.5,1.34,62.34,3.12,7.22,0.36,8.63,32,42.9,28.13,50.57,21.3,Waterverzadigd,Gedeeltelijk bewolkt,Hevige neerslag afgelopen week of regenstorm in afgelopen 24 uur,z.Bb2,l-Edp,Edp,Schorgronden (Nieuwlandpolders Zwin),E,d,p,Zwin,Calcaric Fluvic Gleyic Cambisols (Loamic/Clayic_ Fluvic_ Ruptic),Cambisols,CM-gl.fv.ca,Gleyic,Fluvic,Calcaric,Endogleyic,Loamic/Clayic,Fluvic_ Ruptic,Calcaric,Kustvlakte_ Nieuwland vh Zwin,-0.1991952144,0.1141885134,NA,0.8271164441,1.112926364,8,NA,NA,5,11,23,NA,NA,167,1998919,2814008
p48d8ee8_10_30,P48d8ee8,CMON_P48d8ee8,45960,2023-02-10,ILVO,181115,211785,13.6,739,4,Akkerland,1,Akker,geploegd,V1 (Arable land and market gardens),Akker,1,1,LT,0.01,NA,1.7,NA,0.131,4.3,1.42,48.27,2.41,3.72,0.19,12.98,16.4,23.3,4.86,7.76,87.38,NA,NA,NA,l-Sdm,l-Sdm,Sdm,Matig natte lemig zandbodem met dikke antropogene humus A horizont,S,d,m,Kempen,Plaggic Anthrosols (Loamic_ Ruptic),Anthrosols,AT-pa,Plaggic,NA,NA,Endogleyic,Loamic,Ruptic,Dystric,Depressie van de Netes,-0.1223065769,-0.722395746,NA,-0.7791348354,-0.1295709622,20,NA,NA,1,9,21,NA,NA,1128,127362,137319
p9cbcad0_10_30,P9cbcad0,CMON_P9cbcad0,45960,2022-02-11,ILVO,55275,174645,32.98,485,4,Akkerland,0,Akker,spruiten (rest),V1 (Arable land and market gardens),Akker,1,1,LT,0.01,NA,0.69,NA,0.079,6.2,1.7,23.47,1.17,2.69,0.13,8.72,19.3,32.8,17.11,36.81,46.08,Normaal,Zonnig / helder,Neerslag maar zonder hevige buien afgelopen 24 uur,w-LhP,w-LhP,LhP,Natte zandleembodem zonder profiel of met onbepaald profiel,L,h,p+x,Zandleemstreek,Eutric Terric Stagnosols (Loamic_ Ruptic),Stagnosols,ST-tr,Terric,Eutric,NA,Stagnic,Loamic,Ruptic,Eutric,Polder-Leie interfluvium,-0.6605270395,-0.3684562516,NA,-1.47929565,-1.04262404,18,NA,NA,2,3,15,NA,NA,12188,5784,667140
pb1eacb8_0_10,Pb1eacb8,CMON_Pb1eacb8,0-10,2022-03-10,ILVO,188715,165275,65.72,2926,4,Akkerland,0,Akker,Wintergraan,V1 (Arable land and market gardens),Akker,1,1,NA,0.09,NA,1.71,NA,0.126,7.3,1.5,24.25,2.43,1.89,0.19,12.83,22.4,33.6,23.64,64.23,12.13,Normaal,Zonnig / helder,Geen neerslag in de afgelopen 24 uur,Aba1,Aba1,Aba,Droge leembodem met textuur B horizont,A,b,a,Leemstreek,Nudiargic Luvisols (Siltic),Luvisols,LV-ng,Nudiargic,NA,NA,NA,Siltic,NA,Eutric,Plateau van Haspengouw,-1.198747502,1.723004397,1.20273195,-1.108622277,-0.2400662061,10,NA,NA,0,9,13,NA,NA,5196,248448,356858
pb1eacb8_10_30,Pb1eacb8,CMON_Pb1eacb8,45960,2022-03-10,ILVO,188715,165275,65.72,2926,4,Akkerland,0,Akker,Wintergraan,V1 (Arable land and market gardens),Akker,1,1,NA,0.1,NA,1.68,NA,0.122,7.4,1.45,45.9,2.3,3.54,0.18,12.97,22.8,33,21.35,66.1,12.55,Normaal,Zonnig / helder,Geen neerslag in de afgelopen 24 uur,Aba1,Aba1,Aba,Droge leembodem met textuur B horizont,A,b,a,Leemstreek,Nudiargic Luvisols (Siltic),Luvisols,LV-ng,Nudiargic,NA,NA,NA,Siltic,NA,Eutric,Plateau van Haspengouw,-1.198747502,1.723004397,1.20273195,-1.108622277,-0.2400662061,7,NA,NA,10,5,10,NA,NA,1082,10915,678271
pb2d0d86_0_10,Pb2d0d86,CMON_Pb2d0d86,0-10,2023-02-06,ILVO,136375,164875,52.84,1889,4,Akkerland,0,Akker,geploegd,V1 (Arable land and market gardens),Akker,1,1,LT,0.01,NA,1.03,NA,0.11,6.3,1.34,13.83,1.38,1.48,0.15,9.34,26.7,35.8,15.92,73.48,10.6,NA,NA,NA,Aba1,Aba1,Aba,Droge leembodem met textuur B horizont,A,b,a,Zandleemstreek,Nudiargic Luvisols (Siltic),Luvisols,LV-ng,Nudiargic,NA,NA,NA,Siltic,NA,Eutric,Dender-Zenne interfluvium,-0.7374156771,0.4681280078,-0.6372966465,-0.4496473934,-1.02297477,43,NA,NA,1,10,18,NA,NA,11757,908330,1703082
pb2d0d86_10_30,Pb2d0d86,CMON_Pb2d0d86,45960,2023-02-06,ILVO,136375,164875,52.84,1889,4,Akkerland,0,Akker,geploegd,V1 (Arable land and market gardens),Akker,1,1,LT,0.01,NA,0.92,NA,0.103,6.1,1.39,25.64,1.28,2.87,0.14,8.93,26.1,36.3,15.35,74.52,10.13,NA,NA,NA,Aba1,Aba1,Aba,Droge leembodem met textuur B horizont,A,b,a,Zandleemstreek,Nudiargic Luvisols (Siltic),Luvisols,LV-ng,Nudiargic,NA,NA,NA,Siltic,NA,Eutric,Dender-Zenne interfluvium,-0.7374156771,0.4681280078,-0.6372966465,-0.4496473934,-1.02297477,20,NA,NA,1,7,14,NA,NA,478,2476007,2491175
p89b4582_10_30,P89b4582,CMON_P89b4582,45960,2023-03-16,ILVO,174415,183075,11.31,3470,4,Akkerland,0,Akker,geploegd,V1 (Arable land and market gardens),Akker,1,1,LT,0.01,NA,1.19,NA,0.103,7,1.35,32.11,1.61,2.78,0.14,11.55,28.6,38.6,8.07,17.65,74.28,NA,NA,NA,wSdm,wSdm,Sdm,Matig natte lemig zandbodem met dikke antropogene humus A horizont,S,d,m,Zandstreek,Terric Anthrosols (Loamic_ Abruptic),Anthrosols,AT-tr,Terric,NA,NA,Endogleyic,Loamic,Abruptic,Eutric,Oostelijke Vlaamse laagvlakte,-0.429861127,-2.04162477,NA,-0.8203207656,-0.7330842456,35,NA,NA,5,4,16,NA,NA,12208,25690,565164
p1aec071_10_30,P1aec071,CMON_P1aec071,45960,2022-03-01,ILVO,195365,232115,29.73,467,5,Residentieel,0,Akker,wintergraan,V1 (Arable land and market gardens),Akker,1,1,LT,0.01,NA,1.56,NA,0.098,5.5,1.38,43.14,2.16,2.71,0.14,15.92,17.6,24.2,8.46,24.23,67.31,Normaal,Bewolkt,Geen neerslag in de afgelopen 24 uur,l-Sdm,l-Sdm,Sdm,Matig natte lemig zandbodem met dikke antropogene humus A horizont,S,d,m,Kempen,Plaggic Anthrosols (Loamic_ Ruptic),Anthrosols,AT-pa,Plaggic,NA,NA,Endogleyic,Loamic,Ruptic,Dystric,Kempische cuesta,-0.1991952144,-1.140687876,NA,-0.8203207656,-0.3209599528,26,NA,NA,2,4,13,NA,NA,3284,868411,900212
p247f818_0_10,P247f818,CMON_P247f818,0-10,2023-02-17,ILVO,170795,227875,22.45,1059,4,Akkerland,0,Akker,geploegd,V1 (Arable land and market gardens),Akker,1,1,LT,0.01,NA,1.49,NA,0.12,5.4,1.45,21.6,2.16,1.74,0.17,12.41,27.9,40.4,7.64,20.29,72.07,NA,NA,NA,w-Seg3,w-Seg3,Seg,Natte lemig zandbodem met duidelijke ijzer en/of humus B horizont,S,e,g,Kempen,Gleyic Plaggic Podzols (Loamic_ Abruptic),Podzols,PZ-pa.gl,Plaggic,Gleyic,NA,Endogleyic,Loamic,Abruptic,Dystric,Kempische cuesta,-0.8911929521,-0.04669307494,NA,-0.9026926261,-0.518473391,30,NA,NA,4,14,30,NA,NA,2500,1799412,2548606
p4454195_0_10,P4454195,CMON_P4454195,0-10,2022-02-09,ILVO,173245,213785,11.72,1763,4,Akkerland,0,Akker,braak met maïsstoppels,V1 (Arable land and market gardens),Akker,1,0,LT,0.01,NA,3.3,NA,0.213,5.7,1.33,43.82,4.38,2.83,0.28,15.48,29.9,39.8,7.63,11.64,80.73,Normaal,Bewolkt,Geen neerslag in de afgelopen 24 uur,Zdg,Zdg,Zdg,Matig natte zandbodem met duidelijke ijzer en/of humus B horizont,Z,d,g,Kempen,Gleyic Podzols (Arenic),Podzols,PZ-gl,Gleyic,NA,NA,Endogleyic,Arenic,NA,Dystric,Depressie van de Netes,-0.429861127,0.1785411487,NA,-0.4084614632,1.126706371,17,NA,NA,1,6,18,NA,NA,555,48861,642458
pb47ae42_0_10,Pb47ae42,CMON_Pb47ae42,0-10,2022-09-20,ILVO,58095,164135,18.68,2021,3,grasland,0,Blijvend grasland,gras,R1 (Dry grasslands),Blijvend grasland,1,1,LT,0.01,NA,3.24,NA,0.301,6.3,1.29,41.84,4.18,3.89,0.39,10.76,21.9,28.3,14.22,35.45,50.33,Normaal,Gedeeltelijk bewolkt,Neerslag maar zonder hevige buien afgelopen 24 uur,Pba,Pba,Pba,Droge licht zandleembodem met textuur B horizont,P,b,a,Zandleemstreek,Haplic Luvisols (Loamic),Luvisols,LV-ha,Haplic,NA,NA,NA,Loamic,NA,Eutric,Zuidelijke Vlaamse laagvlakte,-0.2760838519,-1.237216829,-0.7687272605,-0.2437177422,0.4588863872,24,NA,NA,1,10,25,NA,NA,1267,238434,345080
pb47ae42_10_30,Pb47ae42,CMON_Pb47ae42,45960,2022-09-20,ILVO,58095,164135,18.68,2021,3,grasland,0,Blijvend grasland,gras,R1 (Dry grasslands),Blijvend grasland,1,1,NA,0.14,NA,2.18,NA,0.155,7,1.37,55.7,2.79,4.23,0.21,13.17,11.8,16.2,15.56,35.98,48.46,Normaal,Gedeeltelijk bewolkt,Neerslag maar zonder hevige buien afgelopen 24 uur,Pba,Pba,Pba,Droge licht zandleembodem met textuur B horizont,P,b,a,Zandleemstreek,Haplic Luvisols (Loamic),Luvisols,LV-ha,Haplic,NA,NA,NA,Loamic,NA,Eutric,Zuidelijke Vlaamse laagvlakte,-0.2760838519,-1.237216829,-0.7687272605,-0.2437177422,0.4588863872,25,NA,NA,2,6,22,NA,NA,2245,817748,1064471
pb546d7f_0_10,Pb546d7f,CMON_Pb546d7f,0-10,2022-10-27,ILVO,121185,163785,42.96,2401,3,grasland,1,Blijvend grasland,gras,R2 (Mesic grasslands),Blijvend grasland,1,1,LT,0.01,NA,2.34,NA,0.213,6.2,1.3,30.34,3.03,2.76,0.28,10.99,36.1,46.9,13.96,50.92,35.12,Normaal,Bewolkt,Geen neerslag in de afgelopen 24 uur,Ldp,Ldp,Ldp,Matig natte zandleembodem zonder profiel,L,d,p,Zandleemstreek,Eutric Gleyic Cambisols (Loamic_ Colluvic),Cambisols,CM-gl.eu,Gleyic,Eutric,NA,Endogleyic,Loamic,Colluvic,Eutric,Dender-Zenne interfluvium,0.5696911608,1.40124122,1.334162564,-0.2849036725,-0.852766161,8,NA,NA,1,10,16,NA,NA,204,182603,302175
pb546d7f_10_30,Pb546d7f,CMON_Pb546d7f,45960,2022-10-27,ILVO,121185,163785,42.96,2401,3,grasland,1,Blijvend grasland,gras,R2 (Mesic grasslands),Blijvend grasland,1,1,LT,0.01,NA,0.456,NA,0.05,6.5,1.73,15.8,0.79,1.73,0.09,9.13,19,32.9,14.83,44.91,40.26,Normaal,Bewolkt,Geen neerslag in de afgelopen 24 uur,Ldp,Ldp,Ldp,Matig natte zandleembodem zonder profiel,L,d,p,Zandleemstreek,Eutric Gleyic Cambisols (Loamic_ Colluvic),Cambisols,CM-gl.eu,Gleyic,Eutric,NA,Endogleyic,Loamic,Colluvic,Eutric,Dender-Zenne interfluvium,0.5696911608,1.40124122,1.334162564,-0.2849036725,-0.852766161,4,NA,NA,0,2,2,NA,NA,505,682732,682732
pb6be60c_0_10,Pb6be60c,CMON_Pb6be60c,0-10,2023-01-19,INBO,105875,163135,65.02,161,2,Natuur,0,Natuur,gras_ boskers,V3 (Artificial grasslands and herb dominated habitats),Natuurgrasland,1,1,LT,0.01,NA,4.68,NA,0.349,5.3,1.11,51.96,5.2,3.874,0.39,13.41,42,46.6,19.94,44.15,35.9,Normaal,Bewolkt,Geen neerslag in de afgelopen 24 uur,EDx,EDx,EDx,Zwak tot matig gleyige kleibodem met onbepaald profiel,E,c-d,x,Zandleemstreek,Eutric Stagnic Cambisols (Loamic),Cambisols,CM-st.eu,Stagnic,Eutric,NA,Stagnic,Loamic,NA,Eutric,Schelde-Dender interfluvium,0.2621366107,-0.4971615223,-0.7687272605,0.4976290022,0.7186650437,29,NA,NA,6,22,46,NA,NA,3265,528922,860931
pb6be60c_10_30,Pb6be60c,CMON_Pb6be60c,45960,2023-01-19,INBO,105875,163135,65.02,161,2,Natuur,0,Natuur,gras_ boskers,V3 (Artificial grasslands and herb dominated habitats),Natuurgrasland,1,1,LT,0.01,NA,2.21,NA,0.187,4.5,1.26,55.76,5.58,4.72,0.47,11.8,28.3,35.6,20.96,44.73,34.3,Normaal,Bewolkt,Geen neerslag in de afgelopen 24 uur,EDx,EDx,EDx,Zwak tot matig gleyige kleibodem met onbepaald profiel,E,c-d,x,Zandleemstreek,Eutric Stagnic Cambisols (Loamic),Cambisols,CM-st.eu,Stagnic,Eutric,NA,Stagnic,Loamic,NA,Eutric,Schelde-Dender interfluvium,0.2621366107,-0.4971615223,-0.7687272605,0.4976290022,0.7186650437,48,NA,NA,7,17,34,NA,NA,31240,213739,224271
p60d9924_10_30_1,P60d9924,CMON_P60d9924,45960,2022-11-21,ILVO,62115,201155,19.58,868,3,grasland,1,Blijvend grasland,gras,R2 (Mesic grasslands),Blijvend grasland,1,1,LT,0.01,NA,2.83,NA,0.261,6.2,1.32,74.64,3.73,6.88,0.34,10.85,25.4,33.6,17.07,23.91,59.02,Normaal,Bewolkt,Neerslag maar zonder hevige buien afgelopen 24 uur,EFp,EFp,EFp,Sterk tot zeer sterk gleyige kleibodem zonder profiel,E,e-f,p,Zandstreek,Gleyic Terric Cambisols (Loamic),Cambisols,CM-tr.gl,Terric,Gleyic,NA,Endogleyic,Loamic,NA,Eutric,West-Vlaams cuestaland,-0.1223065769,0.08201219574,NA,0.6623727232,3.084488152,NA,NA,NA,NA,6,23,NA,NA,NA,546006,806856
p60d9924_10_30_2,P60d9924,CMON_P60d9924,45960,2022-11-21,ILVO,62115,201155,19.58,868,3,grasland,1,Blijvend grasland,gras,R2 (Mesic grasslands),Blijvend grasland,1,1,LT,0.01,NA,2.83,NA,0.261,6.2,1.32,74.64,3.73,6.88,0.34,10.85,25.4,33.6,17.07,23.91,59.02,Normaal,Bewolkt,Neerslag maar zonder hevige buien afgelopen 24 uur,EFp,EFp,EFp,Sterk tot zeer sterk gleyige kleibodem zonder profiel,E,e-f,p,Zandstreek,Gleyic Terric Cambisols (Loamic),Cambisols,CM-tr.gl,Terric,Gleyic,NA,Endogleyic,Loamic,NA,Eutric,West-Vlaams cuestaland,-0.1223065769,0.08201219574,NA,0.6623727232,3.084488152,10,NA,NA,3,NA,NA,NA,NA,587,NA,NA
pb87f384_0_10,Pb87f384,CMON_Pb87f384,0-10,2023-05-10,INBO,250675,162365,121.13,23526,2,Natuur,0,Natuur,Ridderzuring_ scherpe boterbloem_ kruipende boterbloem_ grote vossenstaart_ brede weegbree,R2 (Mesic grasslands),Natuurgrasland,1,1,LT,0.01,NA,2.8,NA,0.264,4.7,1.14,32.03,3.2,3.02,0.3,10.6,41.6,47.4,24.49,68.61,6.9,Waterverzadigd,Regen,Hevige neerslag afgelopen week of regenstorm in afgelopen 24 uur,ADa1,ADa1,ADa,Matig droge tot matig natte leembodem met textuur B horizont,A,c-d,a,Weidestreek,Nudiargic Stagnic Luvisols (Siltic),Luvisols,LV-st.ng,Stagnic,Nudiargic,NA,Stagnic,Siltic,NA,Eutric,Krijtplateau,0.8003570734,-0.915453652,-0.5058660324,0.3740712114,-0.2020435933,49,NA,NA,3,9,20,NA,NA,5652,2672043,2949006
pb87f384_10_30,Pb87f384,CMON_Pb87f384,45960,2023-05-10,INBO,250675,162365,121.13,23526,2,Natuur,0,Natuur,Ridderzuring_ scherpe boterbloem_ kruipende boterbloem_ grote vossenstaart_ brede weegbree,R2 (Mesic grasslands),Natuurgrasland,1,1,LT,0.01,NA,1.42,NA,0.142,4.9,1.39,39.61,1.98,3.96,0.2,10,25.4,35.3,23.69,68.13,8.18,Waterverzadigd,Regen,Hevige neerslag afgelopen week of regenstorm in afgelopen 24 uur,ADa1,ADa1,ADa,Matig droge tot matig natte leembodem met textuur B horizont,A,c-d,a,Weidestreek,Nudiargic Stagnic Luvisols (Siltic),Luvisols,LV-st.ng,Stagnic,Nudiargic,NA,Stagnic,Siltic,NA,Eutric,Krijtplateau,0.8003570734,-0.915453652,-0.5058660324,0.3740712114,-0.2020435933,15,NA,NA,1,6,12,NA,NA,793,18349,130619
pb889cbf_0_10,Pb889cbf,CMON_Pb889cbf,0-10,2023-01-19,ILVO,210145,162345,90.37,2798,4,Akkerland,0,Akker,geploegd,V1 (Arable land and market gardens),Akker,1,1,LT,0.01,NA,1.35,NA,0.12,6.9,1.43,19.32,1.93,1.72,0.17,11.23,27.8,39.8,18.31,73.07,8.62,NA,NA,NA,Aba0,Aba0,Aba,Droge leembodem met textuur B horizont,A,b,a,Leemstreek,Haplic Luvisols (Siltic),Luvisols,LV-ha,Haplic,NA,NA,NA,Siltic,NA,Eutric,Plateau van Haspengouw,-0.3529724895,-1.301569464,0.4141482658,-0.8203207656,-0.5779315707,11,NA,NA,0,5,9,NA,NA,4651,156459,447027
pb889cbf_10_30,Pb889cbf,CMON_Pb889cbf,45960,2023-01-19,ILVO,210145,162345,90.37,2798,4,Akkerland,0,Akker,geploegd,V1 (Arable land and market gardens),Akker,1,1,LT,0.01,NA,1.27,NA,0.113,6.7,1.48,37.59,1.88,3.34,0.17,11.25,23.5,34.8,19.71,70.79,9.5,NA,NA,NA,Aba0,Aba0,Aba,Droge leembodem met textuur B horizont,A,b,a,Leemstreek,Haplic Luvisols (Siltic),Luvisols,LV-ha,Haplic,NA,NA,NA,Siltic,NA,Eutric,Plateau van Haspengouw,-0.3529724895,-1.301569464,0.4141482658,-0.8203207656,-0.5779315707,21,NA,NA,0,4,10,NA,NA,11703,35205,3378376
pb8914fa_0_10,Pb8914fa,CMON_Pb8914fa,0-10,2023-01-17,ILVO,44175,162325,47.53,1765,4,Akkerland,0,Akker,geploegd,V1 (Arable land and market gardens),Akker,1,1,LT,0.01,NA,1.16,NA,0.127,6.4,1.41,16.34,1.63,1.79,0.18,9.13,29.8,42.1,20.33,68.47,11.2,NA,NA,NA,Ada,Ada,Ada,Matig natte leembodem met textuur B horizont,A,d,a,Zandleemstreek,Gleyic Luvisols (Siltic),Luvisols,LV-gl,Gleyic,NA,NA,Endogleyic,Siltic,NA,Eutric,Polder-Leie interfluvium,1.569243449,-0.3684562516,0.6770094939,-0.7379489051,-0.9086517463,1,NA,NA,0,2,18,NA,NA,10,38092,2444517
pb8914fa_10_30,Pb8914fa,CMON_Pb8914fa,45960,2023-01-17,ILVO,44175,162325,47.53,1765,4,Akkerland,0,Akker,geploegd,V1 (Arable land and market gardens),Akker,1,1,LT,0.01,NA,0.91,NA,0.103,6.7,1.52,27.61,1.38,3.12,0.16,8.85,25.2,38.3,20.85,68.86,10.29,NA,NA,NA,Ada,Ada,Ada,Matig natte leembodem met textuur B horizont,A,d,a,Zandleemstreek,Gleyic Luvisols (Siltic),Luvisols,LV-gl,Gleyic,NA,NA,Endogleyic,Siltic,NA,Eutric,Polder-Leie interfluvium,1.569243449,-0.3684562516,0.6770094939,-0.7379489051,-0.9086517463,4,NA,NA,6,6,14,NA,NA,18,11492,82797
p63709a4_0_10_1,P63709a4,CMON_P63709a4,0-10,2023-05-31,INBO,215555,200015,61.96,50579,2,Natuur,0,Natuur,Pijpenstrootje_ struikhei,S4 (Temperate shrub heathland),Heide,1,1,LT,0.01,NA,4.29,NA,0.189,3.4,0.849,36.42,3.64,1.6,0.16,22.7,15.7,13.3,3.6,8.23,88.17,Normaal,Zonnig / helder,Geen neerslag in afgelopen week,Zbg,Zbg,Zbg,Droge zandbodem met duidelijke ijzer en/of humus B horizont,Z,b,g,Kempen,Technosols/Not Surveyed,Technosols/Not Surveyed,TC,NA,NA,NA,NA,NA,NA,NA,Maasterrassen,0.5696911608,1.433417538,NA,1.572581782,2.141833577,10,NA,NA,4,NA,NA,NA,NA,1072,NA,NA
p63709a4_0_10_2,P63709a4,CMON_P63709a4,0-10,2023-05-31,INBO,215555,200015,61.96,50579,2,Natuur,0,Natuur,Pijpenstrootje_ struikhei,S4 (Temperate shrub heathland),Heide,1,1,LT,0.01,NA,4.29,NA,0.189,3.4,0.849,36.42,3.64,1.6,0.16,22.7,15.7,13.3,3.6,8.23,88.17,Normaal,Zonnig / helder,Geen neerslag in afgelopen week,Zbg,Zbg,Zbg,Droge zandbodem met duidelijke ijzer en/of humus B horizont,Z,b,g,Kempen,Technosols/Not Surveyed,Technosols/Not Surveyed,TC,NA,NA,NA,NA,NA,NA,NA,Maasterrassen,0.5696911608,1.433417538,NA,1.572581782,2.141833577,NA,NA,NA,NA,2,3,NA,NA,NA,3,4
p6c5f1e9_10_30_1,P6c5f1e9,CMON_P6c5f1e9,45960,2023-02-06,ILVO,66805,196055,17.76,2225,4,Akkerland,0,Akker,geploegd,V1 (Arable land and market gardens),Akker,1,1,LT,0.01,NA,1.95,NA,0.156,5.2,1.35,52.76,2.64,4.22,0.21,12.5,26.9,36.3,8.27,15.61,76.12,NA,NA,NA,Zdh,Zdh,Zdh,Matig natte zandbodem met verbrokkelde ijzer en/of humus B horizont,Z,d,h,Zandstreek,Terric Anthrosols (Arenic_ Spodi-relocatic),Anthrosols,AT-tr,Terric,NA,NA,Endogleyic,Arenic,Spodi-relocatic,Eutric,West-Vlaams cuestaland,-0.583638402,-0.7545720637,NA,-0.4084614632,1.295639054,NA,NA,NA,NA,3,13,NA,NA,NA,542,122046
p6c5f1e9_10_30_2,P6c5f1e9,CMON_P6c5f1e9,45960,2023-02-06,ILVO,66805,196055,17.76,2225,4,Akkerland,0,Akker,geploegd,V1 (Arable land and market gardens),Akker,1,1,LT,0.01,NA,1.95,NA,0.156,5.2,1.35,52.76,2.64,4.22,0.21,12.5,26.9,36.3,8.27,15.61,76.12,NA,NA,NA,Zdh,Zdh,Zdh,Matig natte zandbodem met verbrokkelde ijzer en/of humus B horizont,Z,d,h,Zandstreek,Terric Anthrosols (Arenic_ Spodi-relocatic),Anthrosols,AT-tr,Terric,NA,NA,Endogleyic,Arenic,Spodi-relocatic,Eutric,West-Vlaams cuestaland,-0.583638402,-0.7545720637,NA,-0.4084614632,1.295639054,27,NA,NA,2,NA,NA,NA,NA,2092,NA,NA
p6f9f3ac_10_30_1,P6f9f3ac,CMON_P6f9f3ac,45960,2022-11-24,ILVO,39315,194615,3.22,357,3,grasland,0,Blijvend grasland,gras,R2 (Mesic grasslands),Blijvend grasland,1,1,NA,0.16,NA,4.46,NA,0.498,6.7,1.11,95.17,4.76,11.02,0.55,8.64,42,46.6,45.37,49.71,4.92,Normaal,Bewolkt,Neerslag maar zonder hevige buien afgelopen 24 uur,m.F1,(v)Uep,Uep,Overdekte poelgronden en overdekte oude kleiplaatgronden (Middellandpolders),U,e,p,Middellandpolders,Calcaric Fluvic Gleyic Cambisols (Clayic_ Fluvic_ Thaptohistic),Cambisols,CM-gl.fv.ca,Gleyic,Fluvic,Calcaric,Endogleyic,Clayic,Fluvic_ Thaptohistic,Calcaric,Kustvlakte_ Middelland,-0.5067497645,-0.4006325693,NA,0.9506742349,4.431356274,NA,NA,NA,NA,6,25,NA,NA,NA,958853,1314188
p6f9f3ac_10_30_2,P6f9f3ac,CMON_P6f9f3ac,45960,2022-11-24,ILVO,39315,194615,3.22,357,3,grasland,0,Blijvend grasland,gras,R2 (Mesic grasslands),Blijvend grasland,1,1,NA,0.16,NA,4.46,NA,0.498,6.7,1.11,95.17,4.76,11.02,0.55,8.64,42,46.6,45.37,49.71,4.92,Normaal,Bewolkt,Neerslag maar zonder hevige buien afgelopen 24 uur,m.F1,(v)Uep,Uep,Overdekte poelgronden en overdekte oude kleiplaatgronden (Middellandpolders),U,e,p,Middellandpolders,Calcaric Fluvic Gleyic Cambisols (Clayic_ Fluvic_ Thaptohistic),Cambisols,CM-gl.fv.ca,Gleyic,Fluvic,Calcaric,Endogleyic,Clayic,Fluvic_ Thaptohistic,Calcaric,Kustvlakte_ Middelland,-0.5067497645,-0.4006325693,NA,0.9506742349,4.431356274,18,NA,NA,7,NA,NA,NA,NA,444,NA,NA
p7be4a7b_0_10,P7be4a7b,CMON_P7be4a7b,0-10,2023-02-06,ILVO,86265,189185,20.14,1009,4,Akkerland,0,Akker,geploegd,V1 (Arable land and market gardens),Akker,1,1,LT,0.01,NA,0.97,NA,0.103,6,1.53,14.82,1.48,1.57,0.16,9.44,23.5,35.9,13.25,43.81,42.94,NA,NA,NA,w-Pdc,w-Pdc,Pdc,Matig natte licht zandleembodem met sterk gevlekte_ verbrokkelde textuur B horizont,P,d,c,Zandstreek,Eutric Gleyic Retisols (Loamic_ Ruptic),Retisols,RT-gl.eu,Gleyic,Eutric,NA,Endogleyic,Loamic,Ruptic,Eutric,Polder-Leie interfluvium,-1.121858865,1.111654361,NA,-1.232180068,-0.9124795261,39,NA,NA,5,10,23,NA,NA,11652,3233164,3696191
pbe810b0_0_10,Pbe810b0,CMON_Pbe810b0,0-10,2023-01-23,ILVO,229835,159705,131.31,38,4,Akkerland,0,Tijdelijk grasland,gras,V1 (Arable land and market gardens),Tijdelijk grasland,1,1,LT,0.01,NA,1.7,NA,0.148,7,1.43,24.28,2.43,2.11,0.21,11.51,26.1,37.4,25.65,66.08,8.27,NA,NA,NA,Aba1,Aba1,Aba,Droge leembodem met textuur B horizont,A,b,a,Leemstreek,Nudiargic Luvisols (Siltic),Luvisols,LV-ng,Nudiargic,NA,NA,NA,Siltic,NA,Eutric,Plateau van Haspengouw,-1.044970227,1.047301726,1.334162564,-0.8203207656,-0.289316973,14,103,73,2,4,15,120412,5845,2384,485511,2847689
pbe810b0_10_30,Pbe810b0,CMON_Pbe810b0,45960,2023-01-23,ILVO,229835,159705,131.31,38,4,Akkerland,0,Tijdelijk grasland,gras,V1 (Arable land and market gardens),Tijdelijk grasland,1,1,LT,0.01,NA,1.56,NA,0.134,7,1.41,43.94,2.2,3.77,0.19,11.66,25.7,36.3,25.39,66.71,7.9,NA,NA,NA,Aba1,Aba1,Aba,Droge leembodem met textuur B horizont,A,b,a,Leemstreek,Nudiargic Luvisols (Siltic),Luvisols,LV-ng,Nudiargic,NA,NA,NA,Siltic,NA,Eutric,Plateau van Haspengouw,-1.044970227,1.047301726,1.334162564,-0.8203207656,-0.289316973,20,NA,NA,1,12,28,NA,NA,2996,496627,1497811
pbf715ea_0_10,Pbf715ea,CMON_Pbf715ea,0-10,2022-10-27,ILVO,124655,159285,27.47,353,3,grasland,1,Blijvend grasland,gras,R2 (Mesic grasslands),Blijvend grasland,1,1,LT,0.01,NA,5.11,NA,0.505,5.2,0.93,47.58,4.76,4.7,0.47,10.12,50.4,46.8,28.19,62.55,9.26,Normaal,Bewolkt,Geen neerslag in de afgelopen 24 uur,uAep,uAep,Aep,Natte leembodem zonder profiel,A,e,p,Leemstreek,Fluvic Gleyic Phaeozems (Siltic_ Fluvic_ Abruptic),Phaeozems,PH-gl.fv,Gleyic,Fluvic,NA,Endogleyic,Siltic,Fluvic_ Abruptic,Eutric,Dender-Zenne interfluvium,0.4159138858,0.5324806431,0.6770094939,1.238975747,0.6428750034,8,161,167,3,24,57,84437,77734,465,1979347,2473315
pbf715ea_10_30,Pbf715ea,CMON_Pbf715ea,45960,2022-10-27,ILVO,124655,159285,27.47,353,3,grasland,1,Blijvend grasland,gras,R2 (Mesic grasslands),Blijvend grasland,1,1,LT,0.01,NA,2.37,NA,0.227,5.3,1.21,57.17,2.86,5.48,0.27,10.43,31.3,37.9,27.75,63.19,9.06,Normaal,Bewolkt,Geen neerslag in de afgelopen 24 uur,uAep,uAep,Aep,Natte leembodem zonder profiel,A,e,p,Leemstreek,Fluvic Gleyic Phaeozems (Siltic_ Fluvic_ Abruptic),Phaeozems,PH-gl.fv,Gleyic,Fluvic,NA,Endogleyic,Siltic,Fluvic_ Abruptic,Eutric,Dender-Zenne interfluvium,0.4159138858,0.5324806431,0.6770094939,1.238975747,0.6428750034,16,NA,NA,5,15,32,NA,NA,587,481864,592435
pbfde2ac_0_10,Pbfde2ac,CMON_Pbfde2ac,0-10,2022-12-01,ILVO,80275,159095,16.11,1585,3,grasland,1,Blijvend grasland,gras,R2 (Mesic grasslands),Blijvend grasland,1,1,LT,0.01,NA,4.37,NA,0.364,5.8,1.33,58.09,5.81,4.84,0.48,12,30.5,40.6,20.69,56.95,22.36,Normaal,Bewolkt,Geen neerslag in de afgelopen 24 uur,Adp,Adp,Adp,Matig natte leembodem zonder profiel,A,d,p,Leemstreek,Eutric Gleyic Cambisols (Siltic_ Colluvic),Cambisols,CM-gl.eu,Gleyic,Eutric,NA,Endogleyic,Siltic,Colluvic,Eutric,Leie-Schelde interfluvium,0.2621366107,-1.011982605,2.254176862,-0.4084614632,1.10935377,18,NA,NA,2,2,3,NA,NA,839,263919,263920
pbfde2ac_10_30,Pbfde2ac,CMON_Pbfde2ac,45960,2022-12-01,ILVO,80275,159095,16.11,1585,3,grasland,1,Blijvend grasland,gras,R2 (Mesic grasslands),Blijvend grasland,1,1,LT,0.01,NA,2.33,NA,0.179,6.5,1.39,64.94,3.25,4.99,0.25,13.01,24.2,33.6,19.64,63.33,17.03,Normaal,Bewolkt,Geen neerslag in de afgelopen 24 uur,Adp,Adp,Adp,Matig natte leembodem zonder profiel,A,d,p,Leemstreek,Eutric Gleyic Cambisols (Siltic_ Colluvic),Cambisols,CM-gl.eu,Gleyic,Eutric,NA,Endogleyic,Siltic,Colluvic,Eutric,Leie-Schelde interfluvium,0.2621366107,-1.011982605,2.254176862,-0.4084614632,1.10935377,23,NA,NA,3,3,9,NA,NA,4539,844606,1166679
p93c8d19_10_30,P93c8d19,CMON_P93c8d19,45960,2023-08-23,ILVO,222165,178615,47.11,2990,3,grasland,0,Blijvend grasland,gras,R2 (Mesic grasslands),Blijvend grasland,1,0,LT,0.01,NA,1.07,NA,0.085,6.06,1.5,32.15,1.61,2.55,0.13,12.61,19.2,28.8,5.18,14.99,79.83,NA,NA,NA,Ldcz,Ldcz,Ldc,Matig natte zandleembodem met sterk gevlekte_ verbrokkelde textuur B horizont,L,d,c,Zandleemstreek,Eutric Gleyic Retisols (Loamic),Retisols,RT-gl.eu,Gleyic,Eutric,NA,NA,Loamic,NA,Eutric,Plateau van Haspengouw,-0.5067497645,-0.52933784,NA,NA,-1.209770425,14,NA,NA,1,3,15,NA,NA,3336,169148,1175936
p9a4f4cf_0_10,P9a4f4cf,CMON_P9a4f4cf,0-10,2022-11-07,ILVO,186785,175725,62.98,366,3,grasland,0,Blijvend grasland,gras,R2 (Mesic grasslands),Blijvend grasland,1,1,LT,0.01,NA,2.68,NA,0.265,4.9,1.28,34.25,3.43,3.39,0.34,10.1,34.5,44.2,18.42,65.23,16.35,Normaal,Bewolkt,Neerslag maar zonder hevige buien afgelopen 24 uur,Lda1,Lda1,Lda,Matig natte zandleembodem met textuur B horizont,L,d,a,Zandleemstreek,Nudiargic Gleyic Luvisols (Loamic),Luvisols,LV-gl.ng,Gleyic,Nudiargic,NA,Endogleyic,Loamic,NA,Eutric,Hagelands heuvelland,0.9541343484,-0.722395746,NA,-0.202531812,-0.456463358,25,102,117,2,14,25,77130,60607,1198,634704,929697
pc2a90da_0_10,Pc2a90da,CMON_Pc2a90da,0-10,2022-02-03,ILVO,225775,157865,124.09,1062,4,Akkerland,0,Akker,groenbemester,V1 (Arable land and market gardens),Akker,1,0,LT,0.01,NA,1.52,NA,0.144,6.4,1.43,21.75,2.18,2.06,0.21,10.56,26.4,37.8,29.91,63.68,6.41,Normaal,Zonnig / helder,Geen neerslag in de afgelopen 24 uur,Aba1,Aba1,Aba,Droge leembodem met textuur B horizont,A,b,a,Leemstreek,Nudiargic Luvisols (Siltic),Luvisols,LV-ng,Nudiargic,NA,NA,NA,Siltic,NA,Eutric,Plateau van Haspengouw,-0.1223065769,-1.526803688,-0.2430048044,-0.8203207656,-0.659335688,28,NA,NA,3,8,13,NA,NA,15086,51574,59899
pc2a90da_10_30,Pc2a90da,CMON_Pc2a90da,45960,2022-02-03,ILVO,225775,157865,124.09,1062,4,Akkerland,0,Akker,groenbemester,V1 (Arable land and market gardens),Akker,1,0,LT,0.01,NA,1.16,NA,0.114,6.7,1.38,31.97,1.6,3.14,0.16,10.18,25,34.5,24.77,69.22,6.01,Normaal,Zonnig / helder,Geen neerslag in de afgelopen 24 uur,Aba1,Aba1,Aba,Droge leembodem met textuur B horizont,A,b,a,Leemstreek,Nudiargic Luvisols (Siltic),Luvisols,LV-ng,Nudiargic,NA,NA,NA,Siltic,NA,Eutric,Plateau van Haspengouw,-0.1223065769,-1.526803688,-0.2430048044,-0.8203207656,-0.659335688,74,NA,NA,10,6,14,NA,NA,53937,1030161,1132183
p9bd8713_0_10,P9bd8713,CMON_P9bd8713,0-10,2023-02-20,ILVO,182025,175045,84.88,3438,4,Akkerland,0,Akker,geploegd,V1 (Arable land and market gardens),Akker,1,1,LT,0.01,NA,1.04,NA,0.098,6.3,1.58,16.43,1.64,1.55,0.16,10.6,23.3,36.7,18.48,55.74,25.78,NA,NA,NA,Lca0,Lca0,Lca,Matig droge zandleembodem met textuur B horizont,L,c,a,Zandleemstreek,Haplic Luvisols (Loamic),Luvisols,LV-ha,Haplic,NA,NA,NA,Loamic,NA,Eutric,Hagelands heuvelland,-0.8911929521,-0.432808887,NA,-1.438109719,-1.087026285,19,NA,NA,0,1,3,NA,NA,1102,188424,281556
pa2fb9d5_0_10,Pa2fb9d5,CMON_Pa2fb9d5,0-10,2022-11-30,INBO,168925,171885,61.92,14670,2,Natuur,0,Natuur,gras,V3 (Artificial grasslands and herb dominated habitats),Residentieel grasland,1,NA,LT,0.01,NA,2.71,NA,0.228,5.4,1.068,28.94,2.89,2.44,0.24,11.89,34.8,37.2,21.57,67.67,10.76,Normaal,Bewolkt,Geen neerslag in de afgelopen 24 uur,Abp,Abp,Abp,Droge leembodem zonder profiel,A,b,p,Zandleemstreek,Eutric Cambisols (Siltic_ Colluvic),Cambisols,CM-eu,Eutric,NA,NA,NA,Siltic,Colluvic,Eutric,Brabants plateau,NA,NA,NA,0.6706099092,-1.291684913,21,NA,NA,4,16,43,NA,NA,3862,281649,1091523
pb2dd158_10_30,Pb2dd158,CMON_Pb2dd158,45960,2022-02-11,ILVO,163915,164855,94.16,846,4,Akkerland,0,Akker,Wintergraan,V1 (Arable land and market gardens),Akker,1,1,LT,0.01,NA,0.97,NA,0.107,6,1.45,28.15,1.41,3.11,0.16,9.05,26.8,38.9,19.63,69.81,10.56,Normaal,Zonnig / helder,Geen neerslag in de afgelopen 24 uur,Aba(c),Aba(c),Aba,Droge leembodem met textuur B horizont,A,b,a,Zandleemstreek,Haplic Luvisols (Siltic),Luvisols,LV-ha,Haplic,NA,NA,NA,Siltic,NA,Eutric,Brabants plateau,-0.6605270395,-0.8511010167,NA,-0.7791348354,-0.9563714012,28,NA,NA,3,3,13,NA,NA,26936,344302,670460
pba5715d_10_30_1,Pba5715d,CMON_Pba5715d,45960,2023-03-23,INBO,154125,161545,87.08,45262,2,Natuur,0,Natuur,gras_ kruidachtigen,R2 (Mesic grasslands),Natuurgrasland,1,1,NA,0.62,NA,5.01,NA,0.098,7.8,1.56,136.81,6.84,3.05,0.15,44.79,20.8,32.5,12.85,35.92,51.23,Waterverzadigd,Bewolkt,Hevige neerslag afgelopen week of regenstorm in afgelopen 24 uur,OT,OT,OT,Sterk vergraven gronden,NA,NA,NA,Kunstmatige gronden,Technosols/Not Surveyed,Technosols/Not Surveyed,TC,NA,NA,NA,NA,NA,NA,NA,Brabants plateau,-0.7374156771,0.9507727728,NA,1.444905398,6.205149438,7,NA,NA,0,NA,NA,NA,NA,592,NA,NA
pc591112_0_10,Pc591112,CMON_Pc591112,0-10,2022-02-28,ILVO,143055,156575,114.96,606,4,Akkerland,0,Akker,wintergraan,V1 (Arable land and market gardens),Akker,1,1,LT,0.01,NA,1.12,NA,0.111,5.5,1.49,16.69,1.67,1.65,0.17,10.12,25.1,37.4,23.55,69.08,7.37,Normaal,Zonnig / helder,Geen neerslag in de afgelopen 24 uur,Aba0(b),Aba0(b),Aba,Droge leembodem met textuur B horizont,A,b,a,Zandleemstreek,Eutric Neocambic Retisols (Siltic),Retisols,RT-nc.eu,Neocambic,Eutric,NA,NA,Siltic,NA,Eutric,Brabants plateau,-0.583638402,0.4681280078,1.20273195,-1.067436347,-0.06909204124,29,43,87,4,5,31,6373,13256,2022,594349,2724523
pc591112_10_30_1,Pc591112,CMON_Pc591112,45960,2022-02-28,ILVO,143055,156575,114.96,606,4,Akkerland,0,Akker,wintergraan,V1 (Arable land and market gardens),Akker,1,1,LT,0.01,NA,0.98,NA,0.1,5.5,1.53,30.08,1.5,3.07,0.15,9.8,24.1,36.9,23.88,68.54,7.58,Normaal,Zonnig / helder,Geen neerslag in de afgelopen 24 uur,Aba0(b),Aba0(b),Aba,Droge leembodem met textuur B horizont,A,b,a,Zandleemstreek,Eutric Neocambic Retisols (Siltic),Retisols,RT-nc.eu,Neocambic,Eutric,NA,NA,Siltic,NA,Eutric,Brabants plateau,-0.583638402,0.4681280078,1.20273195,-1.067436347,-0.06909204124,23,NA,NA,2,NA,NA,NA,NA,9949,NA,NA
pc591112_10_30_2,Pc591112,CMON_Pc591112,45960,2022-02-28,ILVO,143055,156575,114.96,606,4,Akkerland,0,Akker,wintergraan,V1 (Arable land and market gardens),Akker,1,1,LT,0.01,NA,0.98,NA,0.1,5.5,1.53,30.08,1.5,3.07,0.15,9.8,24.1,36.9,23.88,68.54,7.58,Normaal,Zonnig / helder,Geen neerslag in de afgelopen 24 uur,Aba0(b),Aba0(b),Aba,Droge leembodem met textuur B horizont,A,b,a,Zandleemstreek,Eutric Neocambic Retisols (Siltic),Retisols,RT-nc.eu,Neocambic,Eutric,NA,NA,Siltic,NA,Eutric,Brabants plateau,-0.583638402,0.4681280078,1.20273195,-1.067436347,-0.06909204124,NA,NA,NA,NA,6,20,NA,NA,NA,124973,1945701
pba5715d_10_30_2,Pba5715d,CMON_Pba5715d,45960,2023-03-23,INBO,154125,161545,87.08,45262,2,Natuur,0,Natuur,gras_ kruidachtigen,R2 (Mesic grasslands),Natuurgrasland,1,1,NA,0.62,NA,5.01,NA,0.098,7.8,1.56,136.81,6.84,3.05,0.15,44.79,20.8,32.5,12.85,35.92,51.23,Waterverzadigd,Bewolkt,Hevige neerslag afgelopen week of regenstorm in afgelopen 24 uur,OT,OT,OT,Sterk vergraven gronden,NA,NA,NA,Kunstmatige gronden,Technosols/Not Surveyed,Technosols/Not Surveyed,TC,NA,NA,NA,NA,NA,NA,NA,Brabants plateau,-0.7374156771,0.9507727728,NA,1.444905398,6.205149438,NA,NA,NA,NA,3,11,NA,NA,NA,95345,136061
pbac4603_0_10,Pbac4603,CMON_Pbac4603,0-10,2022-02-23,ILVO,129945,161355,63.34,1377,4,Akkerland,0,Akker,gele mosterd,V1 (Arable land and market gardens),Akker,1,1,NA,0.02,NA,1.51,NA,0.155,6.6,1.3,19.33,1.93,2.01,0.2,9.62,30.1,39.2,20.08,68.26,11.66,Normaal,Zonnig / helder,Geen neerslag in de afgelopen 24 uur,Aba1,Aba1,Aba,Droge leembodem met textuur B horizont,A,b,a,Leemstreek,Nudiargic Luvisols (Siltic),Luvisols,LV-ng,Nudiargic,NA,NA,NA,Siltic,NA,Eutric,Dender-Zenne interfluvium,-0.7374156771,-0.7867483814,NA,-0.2849036725,-0.6067675119,25,NA,NA,2,13,23,NA,NA,906,607658,642421
137_012_241022_999_0458_207_01_25002,P23f27f8,CMON_P23f27f8,45960,2024-03-28,INBO,80235,228115,4.67,NA,NA,Natuur,0,Natuur,"Zoutmelde, grassen",MA2 (Littoral biogenic habitat),Natuurgrasland,1,0,NA,1.73,NA,2.27,NA,0.246,7.9,1.07,48.44,2.42,5.25,0.26,9.23,48.7,52,41.6,54,4.4,NA,NA,NA,OS,OS,OS,Antropogeen,NA,NA,NA,Kunstmatige gronden,"Calcaric Fluvic Tidalic Gleysols (Loamic, Fluvic)",Gleysols,GL-td.fv.ca,Tidalic,Fluvic,Calcaric,NA,NA,NA,Calcaric,"Kustvlakte, Zwin",NA,NA,NA,1.486091328,0.0697287732,NA,NA,NA,NA,5,8,NA,NA,NA,259439,336605
137_012_241022_999_0468_207_01_25002,P23f27f8,CMON_P23f27f8,0-10,2024-03-28,INBO,80235,228115,4.67,NA,NA,Natuur,0,Natuur,"Zoutmelde, grassen",MA2 (Littoral biogenic habitat),Natuurgrasland,1,0,NA,2.39,NA,3.9,NA,0.429,7.9,0.87,33.85,3.39,3.72,0.37,9.09,64.8,56.2,39.1,58.6,2.4,NA,NA,NA,OS,OS,OS,Antropogeen,NA,NA,NA,Kunstmatige gronden,"Calcaric Fluvic Tidalic Gleysols (Loamic, Fluvic)",Gleysols,GL-td.fv.ca,Tidalic,Fluvic,Calcaric,NA,NA,NA,Calcaric,"Kustvlakte, Zwin",NA,NA,NA,1.486091328,0.0697287732,NA,NA,NA,NA,7,11,NA,NA,NA,1139846,2212398
137_012_241022_999_0453_207_01_25002,P247f5df,CMON_P247f5df,45960,2023-10-27,INBO,165105,227875,23.53,NA,NA,Grasland,0,Natuur,"Pijpestrootje, pitrus",R3 (Seasonally wet and wet grasslands),Natuurgrasland,1,0,LT,0.01,NA,2.37,NA,0.108,3.9,1.41,66.66,3.33,3.04,0.15,21.94,22,30.9,3.3,8.7,88.1,NA,NA,NA,Zeg,Zeg,Zeg,Natte zandbodem met duidelijke ijzer en/of humus B horizont,Z,e,NA,NA,Technosols/Not Surveyed,Technosols/Not Surveyed,TC,-,-,-,NA,NA,NA,-,Kempische cuesta,NA,NA,NA,0.2093274905,0.8577410434,NA,NA,NA,NA,7,9,NA,NA,NA,228651,296258
137_012_241022_999_0440_207_01_25002,P247f5df,CMON_P247f5df,0-10,2023-10-27,INBO,165105,227875,23.53,NA,NA,Grasland,0,Natuur,"Pijpestrootje, pitrus",R3 (Seasonally wet and wet grasslands),Natuurgrasland,1,0,LT,0.01,NA,3.93,NA,0.201,4.2,1.18,46.51,4.65,2.38,0.24,19.55,29.1,34.4,3.4,8.6,88,NA,NA,NA,Zeg,Zeg,Zeg,Natte zandbodem met duidelijke ijzer en/of humus B horizont,Z,e,g,NA,Technosols/Not Surveyed,Technosols/Not Surveyed,TC,-,-,-,NA,NA,NA,-,Kempische cuesta,NA,NA,NA,0.2093274905,0.8577410434,NA,NA,NA,NA,14,18,NA,NA,NA,149531,183788
137_012_241023_999_0514_207_01_25002,P299ffaa,CMON_P299ffaa,45960,2024-02-20,INBO,157935,225605,20.15,NA,NA,Residentieel,0,Ruimtebeslag tuinen,Grassen,V3 (Artificial grasslands and herb dominated habitats),Residentieel grasland,1,0,NA,0.11,NA,1.72,NA,0.093,6.8,1.42,48.84,2.44,2.64,0.13,18.49,21.7,30.7,4,9,87.1,NA,NA,NA,Zdgb,Zdgb,Zdg,Matig natte zandbodem met duidelijke ijzer en/of humus B horizont,Z,d,g,Kempen,Gleyic Podzols (Arenic),Podzols,PZ-gl,Gleyic,-,-,NA,NA,NA,Dystric,Depressie van de Netes,NA,NA,NA,-0.367275533,0.008739481561,NA,NA,NA,NA,3,20,NA,NA,NA,116018,410745
137_012_241023_999_0508_207_01_25002,P299ffaa,CMON_P299ffaa,0-10,2024-02-20,INBO,157935,225605,20.15,NA,NA,Residentieel,0,Ruimtebeslag tuinen,Grassen,V3 (Artificial grasslands and herb dominated habitats),Residentieel grasland,1,0,LT,0.01,NA,2.35,NA,0.123,6.4,1.32,31.06,3.11,1.63,0.16,19.11,21.5,28.4,4.5,9.4,86.1,NA,NA,NA,Zdgb,Zdgb,Zdg,Matig natte zandbodem met duidelijke ijzer en/of humus B horizont,Z,d,g,Kempen,Gleyic Podzols (Arenic),Podzols,PZ-gl,Gleyic,-,-,NA,NA,NA,Dystric,Depressie van de Netes,NA,NA,NA,-0.367275533,0.008739481561,NA,NA,NA,NA,10,22,NA,NA,NA,317779,824120
137_012_241024_999_0557_207_01_25002,P36630db,CMON_P36630db,45960,2023-09-12,INBO,140105,219955,6.44,NA,NA,Grasland,0,Natuur,"Braam, wilg, grassen",R2 (Mesic grasslands),Natuurgrasland,1,0,NA,1.63,NA,0.12,NA,0.026,7.9,1.26,3.03,0.15,0.66,0.03,4.62,7.3,9.3,3.1,19.2,77.7,NA,NA,NA,Sep,Sep,Sep,Natte lemig zandbodem zonder profiel,S,e,p,Doel,"Eutric Fluvic Gleyic Cambisols (Loamic, Fluvic)",Cambisols,CM-gl.fv.eu,Gleyic,Fluvic,Eutric,NA,NA,NA,Eutric,Scheldepolders,NA,NA,NA,0.7859305139,-1.674462894,NA,NA,NA,NA,3,6,NA,NA,NA,4,93325
137_012_241024_999_0543_207_01_25002,P36630db,CMON_P36630db,0-10,2023-09-12,INBO,140105,219955,6.44,NA,NA,Grasland,0,Natuur,"Braam, wilg, grassen",R2 (Mesic grasslands),Natuurgrasland,1,0,NA,1.5,NA,1.05,NA,0.097,7.7,1.04,10.91,1.09,1.01,0.1,10.82,10.4,10.8,3.1,15.8,81.2,NA,NA,NA,Sep,Sep,Sep,Natte lemig zandbodem zonder profiel,S,e,p,Doel,"Eutric Fluvic Gleyic Cambisols (Loamic, Fluvic)",Cambisols,CM-gl.fv.eu,Gleyic,Fluvic,Eutric,NA,NA,NA,Eutric,Scheldepolders,NA,NA,NA,0.7859305139,-1.674462894,NA,NA,NA,NA,5,11,NA,NA,NA,89708,135714
137_012_241023_999_0530_207_01_25002,P3ab4481,CMON_P3ab4481,45960,2023-12-01,INBO,166165,218045,13.98,NA,NA,Grasland,0,Ruimtebeslag overige,Grassen,V3 (Artificial grasslands and herb dominated habitats),Residentieel grasland,1,0,LT,0.01,NA,1.66,NA,0.109,4.7,1.45,48.02,2.4,3.15,0.16,15.23,20.4,29.4,3.3,6.4,90.2,NA,NA,NA,Zegb,Zegb,Zeg,Natte zandbodem met duidelijke ijzer en/of humus B horizont,Z,e,g,Kempen,Gleyic Podzols (Arenic),Podzols,PZ-gl,Gleyic,-,-,NA,NA,NA,Dystric,Depressie van de Netes,NA,NA,NA,-0.8615066959,-0.1923465511,NA,NA,NA,NA,2,5,NA,NA,NA,5,52067
137_012_241023_999_0525_207_01_25002,P3ab4481,CMON_P3ab4481,0-10,2023-12-01,INBO,166165,218045,13.98,NA,NA,Grasland,0,Ruimtebeslag overige,Grassen,V3 (Artificial grasslands and herb dominated habitats),Residentieel grasland,1,0,LT,0.01,NA,1.67,NA,0.112,4.6,1.44,24,2.4,1.61,0.16,14.91,22.4,32.1,3.3,6.3,90.4,NA,NA,NA,Zegb,Zegb,Zeg,Natte zandbodem met duidelijke ijzer en/of humus B horizont,Z,e,g,Kempen,Gleyic Podzols (Arenic),Podzols,PZ-gl,Gleyic,-,-,NA,NA,NA,Dystric,Depressie van de Netes,NA,NA,NA,-0.8615066959,-0.1923465511,NA,NA,NA,NA,8,23,NA,NA,NA,263140,708555
137_012_241022_999_0441_207_01_25002,P3bd692f,CMON_P3bd692f,45960,2023-09-06,INBO,212545,217545,42.13,NA,NA,Grasland,0,Natuur,"Pijpenstrootje, berk, mossen",R3 (Seasonally wet and wet grasslands),Natuurgrasland,1,0,LT,0.01,NA,12.54,NA,0.492,3.4,0.62,154.68,7.73,6.07,0.3,25.49,121.6,75,8.5,26.5,65.1,NA,NA,NA,t-Zfg,t-Zfg,Zfg,Zeer natte zandbodem met duidelijke ijzer en/of humus B horizont,Z,f,g,Kempen,"Gleyic Podzols (Arenic, Ruptic)",Podzols,PZ-gl,Gleyic,-,-,NA,NA,NA,Dystric,Maasterrassen,NA,NA,NA,3.957247143,3.616039175,NA,NA,NA,NA,11,13,NA,NA,NA,37258,37261
137_012_241022_999_0438_207_01_25002,P3bd692f,CMON_P3bd692f,0-10,2023-09-06,INBO,212545,217545,42.13,NA,NA,Grasland,0,Natuur,"Pijpenstrootje, berk, mossen",R3 (Seasonally wet and wet grasslands),Natuurgrasland,1,0,LT,0.01,NA,24.3,NA,1.392,3.2,0.27,66.58,6.66,3.81,0.38,17.46,261.2,71.6,8.5,26.5,65.1,NA,NA,NA,t-Zfg,t-Zfg,Zfg,Zeer natte zandbodem met duidelijke ijzer en/of humus B horizont,Z,f,g,Kempen,"Gleyic Podzols (Arenic, Ruptic)",Podzols,PZ-gl,Gleyic,-,-,NA,NA,NA,Dystric,Maasterrassen,NA,NA,NA,3.957247143,3.616039175,NA,NA,NA,NA,1,1,NA,NA,NA,1,1
137_012_241022_999_0477_207_01_25002,P3d2af31,CMON_P3d2af31,45960,2024-02-28,INBO,178405,216955,15.83,NA,NA,Residentieel,0,Ruimtebeslag overige,"Grassen, kruidachtigen",V3 (Artificial grasslands and herb dominated habitats),Residentieel grasland,1,0,LT,0.01,NA,2.61,NA,0.209,5,1.12,58.46,2.92,4.68,0.23,12.49,34.7,38.9,15.4,17.1,67.5,NA,NA,NA,Sfp3,Sfp3,Sfp,Zeer natte lemig zandbodem zonder profiel,S,f,p,Kempen,"Fluvic Gleyic Umbrisols (Loamic, Fluvic)",Umbrisols,UM-gl.fv,Gleyic,Fluvic,-,NA,NA,NA,Dystric,Depressie van de Netes,NA,NA,NA,1.197789816,0.2284540427,NA,NA,NA,NA,5,7,NA,NA,NA,281187,281189
137_012_241022_999_0483_207_01_25002,P3d2af31,CMON_P3d2af31,0-10,2024-02-28,INBO,178405,216955,15.83,NA,NA,Residentieel,0,Ruimtebeslag overige,"Grassen, kruidachtigen",V3 (Artificial grasslands and herb dominated habitats),Residentieel grasland,1,0,LT,0.01,NA,3.2,NA,0.267,4.8,0.94,30.05,3,2.51,0.25,11.99,51.4,48.3,11.2,13,75.8,NA,NA,NA,Sfp3,Sfp3,Sfp,Zeer natte lemig zandbodem zonder profiel,S,f,p,Kempen,"Fluvic Gleyic Umbrisols (Loamic, Fluvic)",Umbrisols,UM-gl.fv,Gleyic,Fluvic,-,NA,NA,NA,Dystric,Depressie van de Netes,NA,NA,NA,1.197789816,0.2284540427,NA,NA,NA,NA,14,24,NA,NA,NA,1547182,1555145
137_012_241022_999_0465_207_01_25002,P3d82d3a,CMON_P3d82d3a,45960,2024-03-26,INBO,224655,216805,36.43,NA,NA,Residentieel,0,Ruimtebeslag overige,"Grassen, pinksterbloem, kruidachtigen",R2 (Mesic grasslands),Residentieel grasland,1,0,LT,0.01,NA,2.08,NA,0.137,4.9,1.06,44.1,2.2,2.9,0.15,15.18,40.2,42.6,5.9,11.4,82.7,NA,NA,NA,t-Zdg3,t-Zdg3,Zdg,Matig natte zandbodem met duidelijke ijzer en/of humus B horizont,Z,d,g,Kempen,"Gleyic Plaggic Podzols (Arenic, Ruptic)",Podzols,PZ-pa.gl,Plaggic,Gleyic,-,NA,NA,NA,Dystric,Maasterrassen,NA,NA,NA,1.568463189,-0.275792151,NA,NA,NA,NA,11,18,NA,NA,NA,399028,434138
137_012_241022_999_0460_207_01_25002,P3d82d3a,CMON_P3d82d3a,0-10,2024-03-26,INBO,224655,216805,36.43,NA,NA,Residentieel,0,Ruimtebeslag overige,"Grassen, pinksterbloem, kruidachtigen",R2 (Mesic grasslands),Residentieel grasland,1,0,LT,0.01,NA,2.9,NA,0.212,4.7,0.85,24.65,2.47,1.8,0.18,13.68,42.5,36.1,3.7,11.5,84.8,NA,NA,NA,t-Zdg3,t-Zdg3,Zdg,Matig natte zandbodem met duidelijke ijzer en/of humus B horizont,Z,d,g,Kempen,"Gleyic Plaggic Podzols (Arenic, Ruptic)",Podzols,PZ-pa.gl,Plaggic,Gleyic,-,NA,NA,NA,Dystric,Maasterrassen,NA,NA,NA,1.568463189,-0.275792151,NA,NA,NA,NA,18,31,NA,NA,NA,1858096,1868150
137_012_241024_999_0580_207_01_25002,P3db2b77,CMON_P3db2b77,45960,2024-03-21,INBO,54305,216715,4.99,NA,NA,Natuur,0,Natuur,"Grassen, kruidachtigen, meidoorn, duindoorn, lijsterbes, zomereik",R2 (Mesic grasslands),Natuurgrasland,1,0,LT,0.01,NA,0.96,NA,0.071,4.2,1.26,24.19,1.21,1.79,0.09,13.52,11.3,14.2,1.8,2.2,96,NA,NA,NA,d.C3,Zdp,d.C3,Geegaliseerde duingronden,Z,d,p,Duinen,Calcaric Gleyic Arenosols (Escalic),Arenosols,AR-gl.ca,Gleyic,Calcaric,-,NA,NA,NA,Calcaric,"Kustvlakte, Duinstreek",NA,NA,NA,0.4564430719,-0.3725073875,NA,NA,NA,NA,13,33,NA,NA,NA,6965,119062
137_012_241024_999_0578_207_01_25002,P3db2b77,CMON_P3db2b77,0-10,2024-03-21,INBO,54305,216715,4.99,NA,NA,Natuur,0,Natuur,"Grassen, kruidachtigen, meidoorn, duindoorn, lijsterbes, zomereik",R2 (Mesic grasslands),Natuurgrasland,1,0,LT,0.01,NA,3.65,NA,0.254,5,1.12,40.77,4.08,2.84,0.28,14.37,19.2,21.4,2,3.1,94.9,NA,NA,NA,d.C3,Zdp,d.C3,Geegaliseerde duingronden,NA,d,p,Duinen,Calcaric Gleyic Arenosols (Escalic),Arenosols,AR-gl.ca,Gleyic,Calcaric,-,NA,NA,NA,Calcaric,"Kustvlakte, Duinstreek",NA,NA,NA,0.4564430719,-0.3725073875,NA,NA,NA,NA,24,54,NA,NA,NA,137331,944747
137_012_241022_999_0466_207_01_25002,P46b0db7,CMON_P46b0db7,45960,2024-03-28,INBO,71745,212735,4.01,NA,NA,Residentieel,0,Ruimtebeslag parken en recreatiedomeinen,gras,V3 (Artificial grasslands and herb dominated habitats),Residentieel grasland,1,0,NA,0.01,NA,0.94,NA,0.084,6.7,1.53,28.76,1.44,2.57,0.13,11.19,20,30.5,8.4,11.5,80.1,NA,NA,NA,SdG,SdG,SdG,Matig natte lemig zandbodem complex,S,d,bgh,Zandstreek,"Gleyic Terric Cambisols (Loamic, Spodi-relocatic)",Cambisols,CM-tr.gl,Terric,Gleyic,-,NA,NA,NA,Eutric,Centrale Vlaamse laagvlakte,NA,NA,NA,0.1681415602,-0.6389208623,NA,NA,NA,NA,5,9,NA,NA,NA,2572,4145
137_012_241022_999_0462_207_01_25002,P46b0db7,CMON_P46b0db7,0-10,2024-03-28,INBO,71745,212735,4.01,NA,NA,Residentieel,0,Ruimtebeslag parken en recreatiedomeinen,gras,V3 (Artificial grasslands and herb dominated habitats),Residentieel grasland,1,0,NA,0.03,NA,2.17,NA,0.199,6.8,1.19,25.76,2.58,2.36,0.24,10.9,29.7,35.2,7.9,11.6,80.6,NA,NA,NA,SdG,SdG,SdG,Matig natte lemig zandbodem complex,S,d,bgh,Zandstreek,"Gleyic Terric Cambisols (Loamic, Spodi-relocatic)",Cambisols,CM-tr.gl,Terric,Gleyic,-,NA,NA,NA,Eutric,Centrale Vlaamse laagvlakte,NA,NA,NA,0.1681415602,-0.6389208623,NA,NA,NA,NA,16,26,NA,NA,NA,1790697,1902871
137_012_241024_999_0558_207_01_25002,P48a9794,CMON_P48a9794,45960,2023-09-19,INBO,132275,211865,5.6,NA,NA,Grasland,0,Ruimtebeslag overige,Grassen,V3 (Artificial grasslands and herb dominated habitats),Residentieel grasland,1,0,LT,0.01,NA,1.51,NA,0.121,5.4,1.54,46.61,2.33,3.73,0.19,12.48,11.7,18,7.5,14.6,77.8,NA,NA,NA,ZdP,ZdP,ZdP,Matig natte zandbodem zonder profiel of met onbepaald profiel,Z,d,p+x,Zandstreek,Gleyic Terric Cambisols (Arenic),Cambisols,CM-tr.gl,Terric,Gleyic,-,NA,NA,NA,Eutric,Westelijke Boomse cuesta,NA,NA,NA,0.4564430719,-0.1124735458,NA,NA,NA,NA,4,19,NA,NA,NA,20866,104153
137_012_241024_999_0556_207_01_25002,P48a9794,CMON_P48a9794,0-10,2023-09-19,INBO,132275,211865,5.6,NA,NA,Grasland,0,Ruimtebeslag overige,Grassen,V3 (Artificial grasslands and herb dominated habitats),Residentieel grasland,1,0,LT,0.01,NA,2.54,NA,0.216,5,1.12,28.54,2.85,2.43,0.24,11.76,15.7,17.7,7.4,14.8,77.8,NA,NA,NA,ZdP,ZdP,ZdP,Matig natte zandbodem zonder profiel of met onbepaald profiel,Z,d,p+x,Zandstreek,Gleyic Terric Cambisols (Arenic),Cambisols,CM-tr.gl,Terric,Gleyic,-,NA,NA,NA,Eutric,Westelijke Boomse cuesta,NA,NA,NA,0.4564430719,-0.1124735458,NA,NA,NA,NA,20,58,NA,NA,NA,577610,1900427
137_012_241024_999_0561_207_01_25002,P4df2036,CMON_P4df2036,45960,2023-11-14,INBO,102375,209525,8.37,NA,NA,Grasland,0,Ruimtebeslag overige,"Grassen, kruidachtigen",V3 (Artificial grasslands and herb dominated habitats),Residentieel grasland,1,0,LT,0.01,NA,1.83,NA,0.133,3.8,1.44,52.52,2.63,3.82,0.19,13.76,13.5,19.3,4.3,6.7,89,NA,NA,NA,Zch,Zch,Zch,Matig droge zandbodem met verbrokkelde ijzer en/of humus B horizont,Z,c,h,Zandstreek,"Terric Anthrosols (Arenic, Spodi-relocatic)",Anthrosols,AT-tr,Terric,-,-,NA,NA,NA,Eutric,Centrale Vlaamse laagvlakte,NA,NA,NA,-0.2849036725,0.4200982185,NA,NA,NA,NA,10,17,NA,NA,NA,357708,370685
137_012_241024_999_0537_207_01_25002,P4df2036,CMON_P4df2036,0-10,2023-11-14,INBO,102375,209525,8.37,NA,NA,Grasland,0,Ruimtebeslag overige,"Grassen, kruidachtigen",V3 (Artificial grasslands and herb dominated habitats),Residentieel grasland,1,0,LT,0.01,NA,3.34,NA,0.266,4.1,1.3,43.5,4.35,3.46,0.35,12.56,22.7,29.6,4.2,6.6,89.2,NA,NA,NA,Zch,Zch,Zch,Matig droge zandbodem met verbrokkelde ijzer en/of humus B horizont,Z,c,h,Zandstreek,"Terric Anthrosols (Arenic, Spodi-relocatic)",Anthrosols,AT-tr,Terric,-,-,NA,NA,NA,Eutric,Centrale Vlaamse laagvlakte,NA,NA,NA,-0.2849036725,0.4200982185,NA,NA,NA,NA,25,43,NA,NA,NA,1831207,2802691
137_012_241022_999_0463_207_01_25002,P503cda3,CMON_P503cda3,45960,2024-07-03,INBO,214425,208515,45,NA,NA,Residentieel,0,Ruimtebeslag overige,grasland,R2 (Mesic grasslands),Residentieel grasland,1,0,LT,0.01,NA,1.47,NA,0.055,3.7,1.2,35.22,1.76,1.32,0.07,26.73,15.1,18.1,6.9,21.6,71.5,NA,NA,NA,Zfp,Zfp,Zfp,Zeer natte zandbodem zonder profiel,Z,f,p,Kempen,Dystric Fluvic Gleyic Arenosols (Fluvic),Arenosols,AR-gl.fv.dy,Gleyic,Fluvic,Dystric,NA,NA,NA,Dystric,Maasterrassen,NA,NA,NA,1.486091328,-0.3753144261,NA,NA,NA,NA,6,7,NA,NA,NA,178063,178064
137_012_241022_999_0459_207_01_25002,P503cda3,CMON_P503cda3,0-10,2024-07-03,INBO,214425,208515,45,NA,NA,Residentieel,0,Ruimtebeslag overige,grasland,R2 (Mesic grasslands),Residentieel grasland,1,0,LT,0.01,NA,3.39,NA,0.129,2.8,0.87,29.63,2.96,1.13,0.11,26.28,74.8,65.4,5.6,19.2,75.2,NA,NA,NA,Zfp,Zfp,Zfp,Zeer natte zandbodem zonder profiel,Z,f,p,Kempen,Dystric Fluvic Gleyic Arenosols (Fluvic),Arenosols,AR-gl.fv.dy,Gleyic,Fluvic,Dystric,NA,NA,NA,Dystric,Maasterrassen,NA,NA,NA,1.486091328,-0.3753144261,NA,NA,NA,NA,7,7,NA,NA,NA,1432,1432
137_012_241024_999_0564_207_01_25002,P513fe56,CMON_P513fe56,45960,2023-11-09,INBO,165255,208065,13.01,NA,NA,Grasland,0,Ruimtebeslag overige,"Gras, jakobskruiskruid",V3 (Artificial grasslands and herb dominated habitats),Residentieel grasland,1,0,LT,0.01,NA,0.91,NA,0.073,4,1.53,27.93,1.4,2.24,0.11,12.47,18.7,28.7,9.1,42.5,48.4,NA,NA,NA,Pbmy,Pbmy,Pbm,Droge licht zandleembodem met dikke antropogene humus A horizont,P,b,m,Zandstreek,Terric Anthrosols (Loamic),Anthrosols,AT-tr,Terric,-,-,NA,NA,NA,Eutric,Centrale Boomse cuesta,NA,NA,NA,-0.9438785564,-0.5516474826,NA,NA,NA,NA,5,8,NA,NA,NA,9902,50450
137_012_241024_999_0541_207_01_25002,P513fe56,CMON_P513fe56,0-10,2023-11-09,INBO,165255,208065,13.01,NA,NA,Grasland,0,Ruimtebeslag overige,"Gras, jakobskruiskruid",V3 (Artificial grasslands and herb dominated habitats),Residentieel grasland,1,0,LT,0.01,NA,2.05,NA,0.152,4.4,1.46,30.01,3,2.22,0.22,13.49,20.2,29.6,9.5,42.2,48.3,NA,NA,NA,Pbmy,Pbmy,Pbm,Droge licht zandleembodem met dikke antropogene humus A horizont,P,b,m,Zandstreek,Terric Anthrosols (Loamic),Anthrosols,AT-tr,Terric,-,-,NA,NA,NA,Eutric,Centrale Boomse cuesta,NA,NA,NA,-0.9438785564,-0.5516474826,NA,NA,NA,NA,20,28,NA,NA,NA,3416498,4398520
137_012_241022_999_0488_207_01_25002,P52c2a37,CMON_P52c2a37,45960,2024-03-15,INBO,135265,207395,14.58,NA,NA,Berm,1,Ruimtebeslag bermen,"Grassen, kruidachtigen",V3 (Artificial grasslands and herb dominated habitats),Residentieel grasland,1,0,NA,0.01,NA,1.26,NA,0.086,6.7,1.48,37.17,1.86,2.54,0.13,14.65,20.5,30.2,7.5,24.8,67.7,NA,NA,NA,Zcb,Zcb,Zcb,Matig droge zandbodem met structuur B horizont,Z,c,b,Zandstreek,Eutric Brunic Arenosols,Arenosols,AR-br.eu,Brunic,Eutric,-,NA,NA,NA,Eutric,Westelijke Boomse cuesta,NA,NA,NA,0.7035586534,-0.3783766499,NA,NA,NA,NA,5,13,NA,NA,NA,438861,907463
137_012_241022_999_0487_207_01_25002,P52c2a37,CMON_P52c2a37,0-10,2024-03-15,INBO,135265,207395,14.58,NA,NA,Berm,1,Ruimtebeslag bermen,"Grassen, kruidachtigen",V3 (Artificial grasslands and herb dominated habitats),Residentieel grasland,1,0,LT,0.01,NA,2.59,NA,0.19,6.1,1.06,27.56,2.76,2.02,0.2,13.63,33.4,35.5,7.3,24,68.6,NA,NA,NA,Zcb,Zcb,Zcb,Matig droge zandbodem met structuur B horizont,Z,c,b,Zandstreek,Eutric Brunic Arenosols,Arenosols,AR-br.eu,Brunic,Eutric,-,NA,NA,NA,Eutric,Westelijke Boomse cuesta,NA,NA,NA,0.7035586534,-0.3783766499,NA,NA,NA,NA,22,44,NA,NA,NA,2255648,3979487
137_012_241022_999_0444_207_01_25002,P5737af2,CMON_P5737af2,45960,2023-09-13,INBO,207135,205425,30.8,NA,NA,Grasland,0,Natuur,"Pitrus, lisdodde, holpijp",R3 (Seasonally wet and wet grasslands),Natuurgrasland,1,0,LT,0.01,NA,5.9,NA,0.427,4.3,0.88,103.53,5.18,7.49,0.37,13.82,65.8,57.7,10.2,12.9,76.9,NA,NA,NA,vSfp,vSfp,Sfp,Zeer natte lemig zandbodem zonder profiel,S,f,p,Kempen,"Fluvic Gleyic Umbrisols (Loamic, Fluvic, Thaptohistic)",Umbrisols,UM-gl.fv,Gleyic,Fluvic,-,NA,NA,NA,Dystric,Depressie van de Netes,NA,NA,NA,3.46301598,1.396437255,NA,NA,NA,NA,5,6,NA,NA,NA,5413,5414
137_012_241022_999_0445_207_01_25002,P5737af2,CMON_P5737af2,0-10,2023-09-13,INBO,207135,205425,30.8,NA,NA,Grasland,0,Natuur,"Pitrus, lisdodde, holpijp",R3 (Seasonally wet and wet grasslands),Natuurgrasland,1,0,LT,0.01,NA,7.81,NA,0.623,4.4,0.39,30.75,3.08,2.45,0.25,12.54,172.2,67.8,10.4,12.8,76.8,NA,NA,NA,vSfp,vSfp,Sfp,Zeer natte lemig zandbodem zonder profiel,S,f,p,Kempen,"Fluvic Gleyic Umbrisols (Loamic, Fluvic, Thaptohistic)",Umbrisols,UM-gl.fv,Gleyic,Fluvic,-,NA,NA,NA,Dystric,Depressie van de Netes,NA,NA,NA,3.46301598,1.396437255,NA,NA,NA,NA,8,14,NA,NA,NA,108382,222004
137_012_241022_999_0479_207_01_25002,P5819daa,CMON_P5819daa,45960,2024-02-27,INBO,232735,205035,48.68,NA,NA,Residentieel,0,Ruimtebeslag overige,"Grassen, kruidachtigen",V3 (Artificial grasslands and herb dominated habitats),Residentieel grasland,1,0,LT,0.01,NA,2.48,NA,0.201,4.9,1.22,60.36,3.02,4.89,0.24,12.34,32.3,39.3,9.5,19.8,70.8,NA,NA,NA,Sect,Sect,Sec,"Natte lemig zandbodem met sterk gevlekte, verbrokkelde textuur B horizont",S,e,c,Kempen,Retic Gleyic Umbrisols (Loamic),Umbrisols,UM-gl.rt,Gleyic,Retic,-,NA,NA,NA,Dystric,Maasterrassen,NA,NA,NA,0.6211867929,0.3029681563,NA,NA,NA,NA,8,10,NA,NA,NA,2323931,2335563
137_012_241022_999_0476_207_01_25002,P5819daa,CMON_P5819daa,0-10,2024-02-27,INBO,232735,205035,48.68,NA,NA,Residentieel,0,Ruimtebeslag overige,"Grassen, kruidachtigen",V3 (Artificial grasslands and herb dominated habitats),Residentieel grasland,1,0,LT,0.01,NA,2.89,NA,0.231,5.2,1.08,31.07,3.11,2.48,0.25,12.51,44.1,47.4,9.3,19.1,71.7,NA,NA,NA,Sect,Sect,Sec,"Natte lemig zandbodem met sterk gevlekte, verbrokkelde textuur B horizont",S,e,c,Kempen,Retic Gleyic Umbrisols (Loamic),Umbrisols,UM-gl.rt,Gleyic,Retic,-,NA,NA,NA,Dystric,Maasterrassen,NA,NA,NA,0.6211867929,0.3029681563,NA,NA,NA,NA,13,21,NA,NA,NA,175608,331499
137_012_241022_999_0491_207_01_25002,P59e1a44,CMON_P59e1a44,45960,2024-02-16,INBO,188275,204245,23.59,NA,NA,Grasland,0,Ruimtebeslag overige,Grassen,V3 (Artificial grasslands and herb dominated habitats),Residentieel grasland,1,0,LT,0.01,NA,1.15,NA,0.094,4.2,1.45,33.27,1.66,2.72,0.14,12.23,18.8,27.2,8.6,26.6,64.8,NA,NA,NA,Scm(b),Scm(b),Scm,Matig droge lemig zandbodem met dikke antropogene humus A horizont,S,c,m,Kempen,Plaggic Anthrosols (Loamic),Anthrosols,AT-pa,Plaggic,-,-,NA,NA,NA,Dystric,Depressie van de Netes,NA,NA,NA,0.3328852812,-0.5843112037,NA,NA,NA,NA,12,26,NA,NA,NA,937537,1182060
137_012_241023_999_0515_207_01_25002,P59e1a44,CMON_P59e1a44,0-10,2024-02-16,INBO,188275,204245,23.59,NA,NA,Grasland,0,Ruimtebeslag overige,Grassen,V3 (Artificial grasslands and herb dominated habitats),Residentieel grasland,1,0,LT,0.01,NA,2.04,NA,0.163,4.2,1.15,23.39,2.34,1.87,0.19,12.52,26.7,30.6,8.1,26.4,65.5,NA,NA,NA,Scm(b),Scm(b),Scm,Matig droge lemig zandbodem met dikke antropogene humus A horizont,S,c,m,Kempen,Plaggic Anthrosols (Loamic),Anthrosols,AT-pa,Plaggic,-,-,NA,NA,NA,Dystric,Depressie van de Netes,NA,NA,NA,0.3328852812,-0.5843112037,NA,NA,NA,NA,15,53,NA,NA,NA,642305,1060483
137_012_241024_999_0545_207_01_25002,P5cfe213,CMON_P5cfe213,45960,2023-11-21,INBO,122985,202865,4.94,NA,NA,Grasland,0,Ruimtebeslag overige,Grassen,V3 (Artificial grasslands and herb dominated habitats),Residentieel grasland,1,0,LT,0.01,NA,1.24,NA,0.106,4.3,1.34,33.12,1.66,2.83,0.14,11.7,22.6,30.2,6.8,11.2,82,NA,NA,NA,ZdP,ZdP,ZdP,Matig natte zandbodem zonder profiel of met onbepaald profiel,Z,d,p+x,Zandstreek,Gleyic Terric Cambisols (Arenic),Cambisols,CM-tr.gl,Terric,Gleyic,-,NA,NA,NA,Eutric,Centrale Vlaamse laagvlakte,NA,NA,NA,-1.190994138,-0.3916462866,NA,NA,NA,NA,4,18,NA,NA,NA,56684,430760
137_012_241024_999_0568_207_01_25002,P5cfe213,CMON_P5cfe213,0-10,2023-11-21,INBO,122985,202865,4.94,NA,NA,Grasland,0,Ruimtebeslag overige,Grassen,V3 (Artificial grasslands and herb dominated habitats),Residentieel grasland,1,0,LT,0.01,NA,2.04,NA,0.182,4.5,1.52,31.09,3.11,2.77,0.28,11.21,14.9,22.7,6.8,11.1,82.1,NA,NA,NA,ZdP,ZdP,ZdP,Matig natte zandbodem zonder profiel of met onbepaald profiel,Z,d,p+x,Zandstreek,Gleyic Terric Cambisols (Arenic),Cambisols,CM-tr.gl,Terric,Gleyic,-,NA,NA,NA,Eutric,Centrale Vlaamse laagvlakte,NA,NA,NA,-1.190994138,-0.3916462866,NA,NA,NA,NA,13,36,NA,NA,NA,191664,413357
137_012_241023_999_0502_207_01_25002,P5f87807,CMON_P5f87807,45960,2023-10-05,INBO,190705,201745,19.78,NA,NA,Grasland,0,Ruimtebeslag overige,"Grassen, bijvoet, kruidachtigen",S3 (Temperate and mediterranean-montane scrub),Residentieel grasland,1,0,LT,0.01,NA,1.26,NA,0.096,5.2,1.48,37.42,1.87,2.85,0.14,13.13,5.2,7.7,8.7,15.2,76.1,NA,NA,NA,Scfx,Scfx,Scf,Matig droge lemig zandbodem met weinig duidelijke ijzer en/of humus B horizont,S,c,f,Kempen,"Carbic Podzols (Loamic, Ruptic)",Podzols,PZ-cb,Carbic,-,-,NA,NA,NA,Dystric,Depressie van de Netes,NA,NA,NA,0.2093274905,-0.5697656404,NA,NA,NA,NA,5,14,NA,NA,NA,231555,359523
137_012_241022_999_0493_207_01_25002,P5f87807,CMON_P5f87807,0-10,2023-10-05,INBO,190705,201745,19.78,NA,NA,Grasland,0,Ruimtebeslag overige,"Grassen, bijvoet, kruidachtigen",S3 (Temperate and mediterranean-montane scrub),Residentieel grasland,1,0,NA,0.1,NA,1.68,NA,0.117,7.1,1.18,19.81,1.98,1.38,0.14,14.36,8.1,9.6,8.9,15.5,75.6,NA,NA,NA,Scfx,Scfx,Scf,Matig droge lemig zandbodem met weinig duidelijke ijzer en/of humus B horizont,S,c,f,Kempen,"Carbic Podzols (Loamic, Ruptic)",Podzols,PZ-cb,Carbic,-,-,NA,NA,NA,Dystric,Depressie van de Netes,NA,NA,NA,0.2093274905,-0.5697656404,NA,NA,NA,NA,8,25,NA,NA,NA,22314,739829
137_012_241023_999_0520_207_01_25002,P5fa4e6e,CMON_P5fa4e6e,45960,2023-12-13,INBO,210535,201695,44.33,NA,NA,Grasland,0,Ruimtebeslag overige,"Grassen, kruiden",V3 (Artificial grasslands and herb dominated habitats),Residentieel grasland,1,0,LT,0.01,NA,1.64,NA,0.104,4.5,1.32,43.3,2.17,2.75,0.14,15.77,28,36.9,5.9,10.3,83.7,NA,NA,NA,Zdgx,Zdgx,Zdg,Matig natte zandbodem met duidelijke ijzer en/of humus B horizont,Z,d,g,Kempen,"Gleyic Podzols (Arenic, Ruptic)",Podzols,PZ-gl,Gleyic,-,-,NA,NA,NA,Dystric,Depressie van de Netes,NA,NA,NA,0.3328852812,-0.1609587567,NA,NA,NA,NA,9,13,NA,NA,NA,3947333,3985767
137_012_241023_999_0522_207_01_25002,P5fa4e6e,CMON_P5fa4e6e,0-10,2023-12-13,INBO,210535,201695,44.33,NA,NA,Grasland,0,Ruimtebeslag overige,"Grassen, kruiden",V3 (Artificial grasslands and herb dominated habitats),Residentieel grasland,1,0,LT,0.01,NA,2.61,NA,0.191,4.4,1.15,29.95,2.99,2.19,0.22,13.66,36.4,41.7,5.4,9.7,84.9,NA,NA,NA,Zdgx,Zdgx,Zdg,Matig natte zandbodem met duidelijke ijzer en/of humus B horizont,Z,d,g,Kempen,"Gleyic Podzols (Arenic, Ruptic)",Podzols,PZ-gl,Gleyic,-,-,NA,NA,NA,Dystric,Depressie van de Netes,NA,NA,NA,0.3328852812,-0.1609587567,NA,NA,NA,NA,17,33,NA,NA,NA,3559585,4810948
137_012_241022_999_0470_207_01_25002,P6104460,CMON_P6104460,45960,2024-04-24,INBO,153035,201085,22.17,NA,NA,Residentieel,0,Ruimtebeslag overige,"Grassen, kruidachtigen",V3 (Artificial grasslands and herb dominated habitats),Residentieel grasland,1,0,LT,0.01,NA,1.75,NA,0.153,4.6,1.32,46.2,2.31,4.04,0.2,11.44,29.8,39.3,11.4,35.5,53.1,NA,NA,NA,Pdcz,Pdcz,Pdc,"Matig natte licht zandleembodem met sterk gevlekte, verbrokkelde textuur B horizont",P,d,c,Zandstreek,"Eutric Gleyic Retisols (Loamic, Ruptic)",Retisols,RT-gl.eu,Gleyic,Eutric,-,NA,NA,NA,Eutric,Centrale Boomse cuesta,NA,NA,NA,-0.07897402124,-0.1573861622,NA,NA,NA,NA,8,23,NA,NA,NA,61970,369230
137_012_241022_999_0467_207_01_25002,P6104460,CMON_P6104460,0-10,2024-04-24,INBO,153035,201085,22.17,NA,NA,Residentieel,0,Ruimtebeslag overige,"Grassen, kruidachtigen",V3 (Artificial grasslands and herb dominated habitats),Residentieel grasland,1,0,LT,0.01,NA,2.17,NA,0.176,4.7,1.25,27.19,2.72,2.21,0.22,12.33,30.4,38,13.5,36.1,50.4,NA,NA,NA,Pdcz,Pdcz,Pdc,"Matig natte licht zandleembodem met sterk gevlekte, verbrokkelde textuur B horizont",P,d,c,Zandstreek,"Eutric Gleyic Retisols (Loamic, Ruptic)",Retisols,RT-gl.eu,Gleyic,Eutric,-,NA,NA,NA,Eutric,Centrale Boomse cuesta,NA,NA,NA,-0.07897402124,-0.1573861622,NA,NA,NA,NA,17,42,NA,NA,NA,914386,1815628
137_012_241024_999_0555_207_01_25002,P61659e2,CMON_P61659e2,45960,2023-09-19,INBO,113295,200915,6.89,NA,NA,Grasland,0,Ruimtebeslag overige,Grassen,V3 (Artificial grasslands and herb dominated habitats),Residentieel grasland,1,0,LT,0.01,NA,1.74,NA,0.13,5,1.49,52,2.6,3.89,0.19,13.38,13.1,19.6,7.4,16.4,76.2,NA,NA,NA,Zdh,Zdh,Zdh,Matig natte zandbodem met verbrokkelde ijzer en/of humus B horizont,Z,d,h,Zandstreek,"Terric Anthrosols (Arenic, Spodi-relocatic)",Anthrosols,AT-tr,Terric,-,-,NA,NA,NA,Eutric,Centrale Vlaamse laagvlakte,NA,NA,NA,-0.1201599515,0.08019137135,NA,NA,NA,NA,10,20,NA,NA,NA,370689,1143298
137_012_241024_999_0582_207_01_25002,P61659e2,CMON_P61659e2,0-10,2023-09-19,INBO,113295,200915,6.89,NA,NA,Grasland,0,Ruimtebeslag overige,Grassen,V3 (Artificial grasslands and herb dominated habitats),Residentieel grasland,1,0,LT,0.01,NA,2.43,NA,0.186,5.1,1.26,30.7,3.07,2.35,0.24,13.06,16.7,21.1,6.9,15.6,77.5,NA,NA,NA,Zdh,Zdh,Zdh,Matig natte zandbodem met verbrokkelde ijzer en/of humus B horizont,Z,d,h,Zandstreek,"Terric Anthrosols (Arenic, Spodi-relocatic)",Anthrosols,AT-tr,Terric,-,-,NA,NA,NA,Eutric,Centrale Vlaamse laagvlakte,NA,NA,NA,-0.1201599515,0.08019137135,NA,NA,NA,NA,18,35,NA,NA,NA,2037281,2725343
137_012_241022_999_0437_207_01_25002,P63afe27,CMON_P63afe27,45960,2023-06-15,INBO,201905,199905,24.61,NA,NA,Grasland,0,Ruimtebeslag overige,"Grassen, linde, berk",V3 (Artificial grasslands and herb dominated habitats),Residentieel grasland,1,1,LT,0.01,NA,1.35,NA,0.11,4.5,1.2,32.35,1.62,2.64,0.13,12.27,4.6,5.5,6,16.5,77.4,NA,NA,NA,Sdm(b),Sdm(b),Sdm,Matig natte lemig zandbodem met dikke antropogene humus A horizont,S,d,m,Kempen,Plaggic Anthrosols (Loamic),Anthrosols,AT-pa,Plaggic,-,-,NA,NA,NA,Dystric,Heuvelland van Lummen,NA,NA,NA,1.074232026,0.3118996425,NA,NA,NA,NA,9,20,NA,NA,NA,137888,159889
137_012_241022_999_0437_207_02_25002,P63afe27,CMON_P63afe27,45960,2023-06-15,INBO,201905,199905,24.61,NA,NA,Grasland,0,Ruimtebeslag overige,"Grassen, linde, berk",V3 (Artificial grasslands and herb dominated habitats),Residentieel grasland,1,1,LT,0.01,NA,1.35,NA,0.11,4.5,1.2,32.35,1.62,2.64,0.13,12.27,4.6,5.5,6,16.5,77.4,NA,NA,NA,Sdm(b),Sdm(b),Sdm,Matig natte lemig zandbodem met dikke antropogene humus A horizont,S,d,m,Kempen,Plaggic Anthrosols (Loamic),Anthrosols,AT-pa,Plaggic,-,-,NA,NA,NA,Dystric,Heuvelland van Lummen,NA,NA,NA,1.074232026,0.3118996425,NA,NA,NA,NA,NA,NA,NA,NA,NA,NA,NA
137_012_241022_999_0448_207_01_25002,P63afe27,CMON_P63afe27,0-10,2023-06-15,INBO,201905,199905,24.61,NA,NA,Grasland,0,Ruimtebeslag overige,"Grassen, linde, berk",V3 (Artificial grasslands and herb dominated habitats),Residentieel grasland,1,1,LT,0.01,NA,2.79,NA,0.23,4.5,0.97,27.08,2.71,2.23,0.22,12.13,7.6,7.4,6.1,16.5,77.4,NA,NA,NA,Sdm(b),Sdm(b),Sdm,Matig natte lemig zandbodem met dikke antropogene humus A horizont,S,d,m,Kempen,Plaggic Anthrosols (Loamic),Anthrosols,AT-pa,Plaggic,-,-,NA,NA,NA,Dystric,Heuvelland van Lummen,NA,NA,NA,1.074232026,0.3118996425,NA,NA,NA,NA,17,62,NA,NA,NA,171653,319617
137_012_241024_999_0549_207_01_25002,P63e2674,CMON_P63e2674,45960,2023-11-21,INBO,139235,199815,1.64,NA,NA,Grasland,0,Ruimtebeslag overige,Grassen,V3 (Artificial grasslands and herb dominated habitats),Residentieel grasland,1,0,LT,0.01,NA,8,NA,0.66,5.1,0.8,127.2,6.36,10.49,0.52,12.12,57.4,45.6,22,33.7,44.4,NA,NA,NA,vEep,vEep,Eep,Sterk gleyige kleibodem zonder profiel,E,e,p,Zandstreek,"Eutric Fluvic Gleyic Cambisols (Loamic, Fluvic, Thaptohistic)",Cambisols,CM-gl.fv.eu,Gleyic,Fluvic,Eutric,NA,NA,NA,Eutric,Oostelijke Vlaamse laagvlakte,NA,NA,NA,1.650835049,3.440982045,NA,NA,NA,NA,5,8,NA,NA,NA,443144,481164
137_012_241024_999_0563_207_01_25002,P63e2674,CMON_P63e2674,0-10,2023-11-21,INBO,139235,199815,1.64,NA,NA,Grasland,0,Ruimtebeslag overige,Grassen,V3 (Artificial grasslands and herb dominated habitats),Residentieel grasland,1,0,LT,0.01,NA,10.56,NA,0.876,4.8,0.83,87.2,8.72,7.23,0.72,12.05,62.3,51.5,22,32.8,45.2,NA,NA,NA,vEep,vEep,Eep,Sterk gleyige kleibodem zonder profiel,E,e,p,Zandstreek,"Eutric Fluvic Gleyic Cambisols (Loamic, Fluvic, Thaptohistic)",Cambisols,CM-gl.fv.eu,Gleyic,Fluvic,Eutric,NA,NA,NA,Eutric,Oostelijke Vlaamse laagvlakte,NA,NA,NA,1.650835049,3.440982045,NA,NA,NA,NA,5,9,NA,NA,NA,1155267,1228395
137_012_241024_999_0542_207_01_25002,P643ece3,CMON_P643ece3,45960,2023-11-16,INBO,133945,199655,4.28,NA,NA,Grasland,0,Ruimtebeslag overige,"Grassen, brandnetel",V3 (Artificial grasslands and herb dominated habitats),Residentieel grasland,1,0,NA,0.58,NA,5.56,NA,0.352,7.2,0.93,102.97,5.15,6.52,0.33,15.8,52.2,48.3,34.9,56.8,8.3,NA,NA,NA,Edp,Edp,Edp,Matig gleyige kleibodem zonder profiel,E,d,p,Zandstreek,"Eutric Fluvic Gleyic Cambisols (Loamic, Fluvic)",Cambisols,CM-gl.fv.eu,Gleyic,Fluvic,Eutric,NA,NA,NA,Eutric,Westelijke Boomse cuesta,NA,NA,NA,2.186252142,2.078292432,NA,NA,NA,NA,0,1,NA,NA,NA,0,2
137_012_241024_999_0548_207_01_25002,P643ece3,CMON_P643ece3,0-10,2023-11-16,INBO,133945,199655,4.28,NA,NA,Grasland,0,Ruimtebeslag overige,"Grassen, brandnetel",V3 (Artificial grasslands and herb dominated habitats),Residentieel grasland,1,0,NA,0.23,NA,8.24,NA,0.653,6.8,0.7,58.03,5.8,4.6,0.46,12.62,73.6,51.8,36.6,55.1,8.3,NA,NA,NA,Edp,Edp,Edp,Matig gleyige kleibodem zonder profiel,E,d,p,Zandstreek,"Eutric Fluvic Gleyic Cambisols (Loamic, Fluvic)",Cambisols,CM-gl.fv.eu,Gleyic,Fluvic,Eutric,NA,NA,NA,Eutric,Westelijke Boomse cuesta,NA,NA,NA,2.186252142,2.078292432,NA,NA,NA,NA,2,4,NA,NA,NA,2,2589
137_012_241022_999_0473_207_01_25002,P6d310dc,CMON_P6d310dc,45960,2024-05-15,INBO,138035,195695,5.77,NA,NA,Natuur,0,Natuur,"Grassen, kruidachtigen, braam",R2 (Mesic grasslands),Natuurgrasland,1,0,LT,0.01,NA,2.81,NA,0.145,5.2,1.16,65.36,3.27,3.37,0.17,19.38,34.1,39.6,11.1,26.8,62.1,NA,NA,NA,Sdb,Sdb,Sdb,Matig natte lemig zandbodem met structuur B horizont,S,d,b,Zandstreek,Eutric Gleyic Cambisols (Loamic),Cambisols,CM-gl.eu,Gleyic,Eutric,-,NA,NA,NA,Eutric,Oostelijke Vlaamse laagvlakte,NA,NA,NA,1.444905398,0.4267330368,NA,NA,NA,NA,2,6,NA,NA,NA,8001,292116
137_012_241022_999_0474_207_01_25002,P6d310dc,CMON_P6d310dc,0-10,2024-05-15,INBO,138035,195695,5.77,NA,NA,Natuur,0,Natuur,"Grassen, kruidachtigen, braam",R2 (Mesic grasslands),Natuurgrasland,1,0,LT,0.01,NA,3.53,NA,0.265,5.1,0.88,30.92,3.09,2.32,0.23,13.32,54.5,47.7,10.3,25.7,64.1,NA,NA,NA,Sdb,Sdb,Sdb,Matig natte lemig zandbodem met structuur B horizont,S,d,b,Zandstreek,Eutric Gleyic Cambisols (Loamic),Cambisols,CM-gl.eu,Gleyic,Eutric,-,NA,NA,NA,Eutric,Oostelijke Vlaamse laagvlakte,NA,NA,NA,1.444905398,0.4267330368,NA,NA,NA,NA,18,28,NA,NA,NA,572258,866870
137_012_241023_999_0512_207_01_25002,P6fae98a,CMON_P6fae98a,45960,2024-02-01,INBO,194975,194595,19.56,NA,NA,Grasland,0,Ruimtebeslag tuinen,Grassen,R2 (Mesic grasslands),Residentieel grasland,1,0,LT,0.01,NA,2.09,NA,0.129,4.8,1.21,50.63,2.53,3.13,0.16,16.2,35.9,43.5,3.8,8.2,88,NA,NA,NA,Sdf,Sdf,Sdf,Matig natte lemig zandbodem met weinig duidelijke ijzer en/of humus B horizont,S,d,f,Kempen,Dystric Gleyic Cambisols (Loamic),Cambisols,CM-gl.dy,Gleyic,Dystric,-,NA,NA,NA,Dystric,Heuvelland van Lummen,NA,NA,NA,0.9506742349,-0.01269608538,NA,NA,NA,NA,9,25,NA,NA,NA,464964,814891
137_012_241023_999_0513_207_01_25002,P6fae98a,CMON_P6fae98a,0-10,2024-02-01,INBO,194975,194595,19.56,NA,NA,Grasland,0,Ruimtebeslag tuinen,Grassen,R2 (Mesic grasslands),Residentieel grasland,1,0,LT,0.01,NA,2.83,NA,0.206,4.7,1,28.43,2.84,2.07,0.21,13.74,44.7,44.9,3.9,8.3,87.8,NA,NA,NA,Sdf,Sdf,Sdf,Matig natte lemig zandbodem met weinig duidelijke ijzer en/of humus B horizont,S,d,f,Kempen,Dystric Gleyic Cambisols (Loamic),Cambisols,CM-gl.dy,Gleyic,Dystric,-,NA,NA,NA,Dystric,Heuvelland van Lummen,NA,NA,NA,0.9506742349,-0.01269608538,NA,NA,NA,NA,20,52,NA,NA,NA,1196749,3496501
137_012_241023_999_0521_207_01_25002,P701d750,CMON_P701d750,45960,2023-11-29,INBO,235115,194405,82.39,NA,NA,Grasland,0,Ruimtebeslag overige,Grassen,V3 (Artificial grasslands and herb dominated habitats),Residentieel grasland,1,0,LT,0.01,NA,1.92,NA,0.095,4.6,1.48,56.84,2.84,2.81,0.14,20.21,22.1,32.7,2.8,5.7,91.6,NA,NA,NA,Zcgt,Zcgt,Zcg,Matig droge zandbodem met duidelijke ijzer en/of humus B horizont,Z,c,g,Kempen,"Albic Podzols (Arenic, Ruptic)",Podzols,PZ-ab,Albic,-,-,NA,NA,NA,Dystric,Maasterrassen,NA,NA,NA,0.12695563,1.098635986,NA,NA,NA,NA,12,22,NA,NA,NA,253497,701275
137_012_241023_999_0523_207_01_25002,P701d750,CMON_P701d750,0-10,2023-11-29,INBO,235115,194405,82.39,NA,NA,Grasland,0,Ruimtebeslag overige,Grassen,V3 (Artificial grasslands and herb dominated habitats),Residentieel grasland,1,0,LT,0.01,NA,5.5,NA,0.286,4.5,1.2,65.77,6.58,3.42,0.34,19.23,29.7,35.5,4.5,8.9,86.6,NA,NA,NA,Zcgt,Zcgt,Zcg,Matig droge zandbodem met duidelijke ijzer en/of humus B horizont,Z,c,g,Kempen,"Albic Podzols (Arenic, Ruptic)",Podzols,PZ-ab,Albic,-,-,NA,NA,NA,Dystric,Maasterrassen,NA,NA,NA,0.12695563,1.098635986,NA,NA,NA,NA,20,47,NA,NA,NA,342882,1764048
137_012_241024_999_0566_207_01_25002,P7266a6f,CMON_P7266a6f,45960,2023-10-04,INBO,42945,193385,3.74,NA,NA,Grasland,0,Ruimtebeslag overige,Grassen,R2 (Mesic grasslands),Residentieel grasland,1,0,NA,0.83,NA,3.83,NA,0.359,7.2,1.13,86.5,4.33,8.11,0.41,10.67,29.4,33.2,41.1,45.8,13.1,NA,NA,NA,m.E1,Udp,m.E1,Dekkleigronden (Middellandpolders),U,d,p,Middellandpolders,"Calcaric Fluvic Gleyic Cambisols (Loamic/Clayic, Fluvic, Ruptic)",Cambisols,CM-gl.fv.ca,Gleyic,Fluvic,Calcaric,NA,NA,NA,Calcaric,"Kustvlakte, Middelland",NA,NA,NA,0.8683023744,1.297170166,NA,NA,NA,NA,3,5,NA,NA,NA,13598,863881
137_012_241024_999_0572_207_01_25002,P7266a6f,CMON_P7266a6f,0-10,2023-10-04,INBO,42945,193385,3.74,NA,NA,Grasland,0,Ruimtebeslag overige,Grassen,R2 (Mesic grasslands),Residentieel grasland,1,0,NA,0.82,NA,4.3,NA,0.42,7.1,1.02,43.89,4.39,4.29,0.43,10.24,26,26.5,41.3,45.6,13.1,NA,NA,NA,m.E1,Udp,m.E1,Dekkleigronden (Middellandpolders),NA,d,p,Middellandpolders,"Calcaric Fluvic Gleyic Cambisols (Loamic/Clayic, Fluvic, Ruptic)",Cambisols,CM-gl.fv.ca,Gleyic,Fluvic,Calcaric,NA,NA,NA,Calcaric,"Kustvlakte, Middelland",NA,NA,NA,0.8683023744,1.297170166,NA,NA,NA,NA,0,0,NA,NA,NA,0,0
137_012_241022_999_0471_207_01_25002,P73ca9c0,CMON_P73ca9c0,45960,2024-05-15,INBO,173275,192775,13.02,NA,NA,Natuur,0,Natuur,"Grassen, kruidachtigen",V3 (Artificial grasslands and herb dominated habitats),Natuurgrasland,1,0,LT,0.01,NA,2.19,NA,0.136,4.4,1.28,56.04,2.8,3.48,0.17,16.1,27.1,34.7,6.7,12.4,81,NA,NA,NA,lSdm(g),lSdm(g),Sdm,Matig natte lemig zandbodem met dikke antropogene humus A horizont,S,d,m,Zandstreek,"Terric Anthrosols (Loamic, Ruptic)",Anthrosols,AT-tr,Terric,-,-,NA,NA,NA,Eutric,Oostelijke Boomse cuesta,NA,NA,NA,2.227438072,0.134035474,NA,NA,NA,NA,6,10,NA,NA,NA,119934,289442
137_012_241022_999_0469_207_01_25002,P73ca9c0,CMON_P73ca9c0,0-10,2024-05-15,INBO,173275,192775,13.02,NA,NA,Natuur,0,Natuur,"Grassen, kruidachtigen",V3 (Artificial grasslands and herb dominated habitats),Natuurgrasland,1,0,LT,0.01,NA,4.16,NA,0.294,4.4,0.69,28.77,2.88,2.03,0.2,14.15,81.7,56.5,7.3,11.4,81.3,NA,NA,NA,lSdm(g),lSdm(g),Sdm,Matig natte lemig zandbodem met dikke antropogene humus A horizont,S,d,m,Zandstreek,"Terric Anthrosols (Loamic, Ruptic)",Anthrosols,AT-tr,Terric,-,-,NA,NA,NA,Eutric,Oostelijke Boomse cuesta,NA,NA,NA,2.227438072,0.134035474,NA,NA,NA,NA,19,33,NA,NA,NA,568512,2274544
137_012_241024_999_0565_207_01_25002,P746237c,CMON_P746237c,45960,2023-10-06,INBO,224275,192515,76.26,NA,NA,Grasland,0,Ruimtebeslag overige,"Gewoon biggenkruid, brem, grassen, kruidachtigen",R2 (Mesic grasslands),Residentieel grasland,1,0,LT,0.01,NA,1.65,NA,0.088,4.3,1.5,49.46,2.47,2.64,0.13,18.75,13.1,19.6,5.9,11.2,82.8,NA,NA,NA,OB,OB,OB,Bebouwde zones,NA,NA,NA,Kunstmatige gronden,Technosols/Not Surveyed,Technosols/Not Surveyed,TC,-,-,-,NA,NA,NA,-,Maasterrassen,NA,NA,NA,-0.8615066959,-0.03438683763,NA,NA,NA,NA,4,8,NA,NA,NA,998,6759
137_012_241024_999_0567_207_01_25002,P746237c,CMON_P746237c,0-10,2023-10-06,INBO,224275,192515,76.26,NA,NA,Grasland,0,Ruimtebeslag overige,"Gewoon biggenkruid, brem, grassen, kruidachtigen",R2 (Mesic grasslands),Residentieel grasland,1,0,LT,0.01,NA,2,NA,0.113,4.3,1.44,28.75,2.87,1.62,0.16,17.7,13.3,19.1,5.9,10.9,83.2,NA,NA,NA,OB,OB,OB,Bebouwde zones,NA,NA,NA,Kunstmatige gronden,Technosols/Not Surveyed,Technosols/Not Surveyed,TC,-,-,-,NA,NA,NA,-,Maasterrassen,NA,NA,NA,-0.8615066959,-0.03438683763,NA,NA,NA,NA,8,14,NA,NA,NA,27471,53719
137_012_241022_999_0450_207_01_25002,P74f2f30,CMON_P74f2f30,45960,2023-06-13,INBO,230475,192265,79.23,NA,NA,Grasland,0,Natuur,"Pitrus, grassen",R3 (Seasonally wet and wet grasslands),Natuurgrasland,1,1,LT,0.01,NA,2.4,NA,0.146,4,1.28,61.57,3.08,3.75,0.19,16.44,13.2,16.9,4.5,12.3,83.1,NA,NA,NA,OB,OB,OB,Bebouwde zones,NA,NA,NA,Kunstmatige gronden,Technosols/Not Surveyed,Technosols/Not Surveyed,TC,-,-,-,NA,NA,NA,-,Maasterrassen,NA,NA,NA,1.280161677,0.1845621675,NA,NA,NA,NA,8,10,NA,NA,NA,14704,14780
137_012_241022_999_0449_207_01_25002,P74f2f30,CMON_P74f2f30,0-10,2023-06-13,INBO,230475,192265,79.23,NA,NA,Grasland,0,Natuur,"Pitrus, grassen",R3 (Seasonally wet and wet grasslands),Natuurgrasland,1,1,LT,0.01,NA,2.75,NA,0.179,3.9,0.92,25.22,2.52,1.64,0.16,15.36,16.1,14.8,4.5,12.2,83.3,NA,NA,NA,OB,OB,OB,Bebouwde zones,NA,NA,NA,Kunstmatige gronden,Technosols/Not Surveyed,Technosols/Not Surveyed,TC,-,-,-,NA,NA,NA,-,Maasterrassen,NA,NA,NA,1.280161677,0.1845621675,NA,NA,NA,NA,13,20,NA,NA,NA,729009,736120
137_012_241024_999_0538_207_01_25002,P7bcf9f3,CMON_P7bcf9f3,0-10,2023-11-10,INBO,172265,189225,11.31,NA,NA,Grasland,0,Ruimtebeslag overige,"Grassen, kerselaar",V3 (Artificial grasslands and herb dominated habitats),Residentieel grasland,1,0,LT,0.01,NA,2.46,NA,0.185,4.2,1.14,28.15,2.81,2.12,0.21,13.3,20.5,23.5,4.4,9.7,85.8,NA,NA,NA,SbF,SbF,SbF,Droge lemig zandbodem met weinig duidelijke tot duidelijke ijzer en/of humus B horizont,S,b,b-f,Kempen,Entic Podzols (Loamic),Podzols,PZ-et,Entic,-,-,NA,NA,NA,Dystric,Oostelijke Boomse cuesta,NA,NA,NA,0.3740712114,0.3682955984,NA,NA,NA,NA,15,43,NA,NA,NA,110544,143928
137_012_241024_999_0550_207_01_25002,P79c66e0,CMON_P79c66e0,45960,2023-11-16,INBO,143435,190125,8.94,NA,NA,Grasland,0,Ruimtebeslag overige,Grassen,V3 (Artificial grasslands and herb dominated habitats),Residentieel grasland,1,0,LT,0.01,NA,2.02,NA,0.153,6.3,1.31,53.04,2.65,4.02,0.2,13.2,30.4,39.9,9.7,31.6,58.7,NA,NA,NA,Pcc(h),Pcc(h),Pcc,"Matig droge licht zandleembodem met sterk gevlekte, verbrokkelde textuur B horizont",P,c,c,Zandstreek,Eutric Retisols (Loamic),Retisols,RT-eu,Eutric,-,-,NA,NA,NA,Eutric,Oostelijke Vlaamse laagvlakte,NA,NA,NA,0.8683023744,0.1225521346,NA,NA,NA,NA,8,13,NA,NA,NA,8514,180789
137_012_241024_999_0547_207_01_25002,P79c66e0,CMON_P79c66e0,0-10,2023-11-16,INBO,143435,190125,8.94,NA,NA,Grasland,0,Ruimtebeslag overige,Grassen,V3 (Artificial grasslands and herb dominated habitats),Residentieel grasland,1,0,LT,0.01,NA,3.07,NA,0.235,5.8,1.02,31.32,3.13,2.4,0.24,13.06,51.1,52.2,9.4,30.6,60,NA,NA,NA,Pcc(h),Pcc(h),Pcc,"Matig droge licht zandleembodem met sterk gevlekte, verbrokkelde textuur B horizont",P,c,c,Zandstreek,Eutric Retisols (Loamic),Retisols,RT-eu,Eutric,-,-,NA,NA,NA,Eutric,Oostelijke Vlaamse laagvlakte,NA,NA,NA,0.8683023744,0.1225521346,NA,NA,NA,NA,2,2,NA,NA,NA,3,3
137_012_241023_999_0510_207_01_25002,P7b70568,CMON_P7b70568,45960,2024-02-14,INBO,59515,189385,21.22,NA,NA,Grasland,0,Ruimtebeslag overige,Grassen,V3 (Artificial grasslands and herb dominated habitats),Residentieel grasland,1,0,LT,0.01,NA,1.22,NA,0.109,4.5,1.38,33.65,1.68,3.01,0.15,11.19,22.3,30.8,8.1,25.5,66.4,NA,NA,NA,Pcc(h),Pcc(h),Pcc,"Matig droge licht zandleembodem met sterk gevlekte, verbrokkelde textuur B horizont",P,c,c,Zandleemstreek,Eutric Retisols (Loamic),Retisols,RT-eu,Eutric,-,-,NA,NA,NA,Eutric,Polder-Leie interfluvium,NA,NA,NA,0.4152571417,-0.5393985872,NA,NA,NA,NA,15,29,NA,NA,NA,540969,1337260
137_012_241023_999_0518_207_01_25002,P7b70568,CMON_P7b70568,0-10,2024-02-14,INBO,59515,189385,21.22,NA,NA,Grasland,0,Ruimtebeslag overige,Grassen,V3 (Artificial grasslands and herb dominated habitats),Residentieel grasland,1,0,LT,0.01,NA,2.2,NA,0.195,4.7,1.13,24.77,2.48,2.2,0.22,11.28,28.6,32.2,8.2,25,66.8,NA,NA,NA,Pcc(h),Pcc(h),Pcc,"Matig droge licht zandleembodem met sterk gevlekte, verbrokkelde textuur B horizont",P,c,c,Zandleemstreek,Eutric Retisols (Loamic),Retisols,RT-eu,Eutric,-,-,NA,NA,NA,Eutric,Polder-Leie interfluvium,NA,NA,NA,0.4152571417,-0.5393985872,NA,NA,NA,NA,19,49,NA,NA,NA,1470712,2059118
137_012_241024_999_0544_207_01_25002,P7bcf9f3,CMON_P7bcf9f3,45960,2023-11-10,INBO,172265,189225,11.31,NA,NA,Grasland,0,Ruimtebeslag overige,"Grassen, kerselaar",V3 (Artificial grasslands and herb dominated habitats),Residentieel grasland,1,0,LT,0.01,NA,1.14,NA,0.074,4.1,1.44,32.92,1.65,2.14,0.11,15.41,13.3,19.2,4.1,9.3,86.6,NA,NA,NA,SbF,SbF,SbF,Droge lemig zandbodem met weinig duidelijke tot duidelijke ijzer en/of humus B horizont,S,b,b-f,Kempen,Entic Podzols (Loamic),Podzols,PZ-et,Entic,-,-,NA,NA,NA,Dystric,Oostelijke Boomse cuesta,NA,NA,NA,0.3740712114,0.3682955984,NA,NA,NA,NA,6,14,NA,NA,NA,418165,419583
137_012_241024_999_0579_207_01_25002,P7bcf9f3,CMON_P7bcf9f3,45960,2023-11-10,INBO,172265,189225,11.31,NA,NA,Grasland,0,Ruimtebeslag overige,"Grassen, kerselaar",V3 (Artificial grasslands and herb dominated habitats),Residentieel grasland,1,0,LT,0.01,NA,1.14,NA,0.074,4.1,1.44,32.92,1.65,2.14,0.11,15.41,13.3,19.2,4.1,9.3,86.6,NA,NA,NA,SbF,SbF,SbF,Droge lemig zandbodem met weinig duidelijke tot duidelijke ijzer en/of humus B horizont,S,b,b-f,Kempen,Entic Podzols (Loamic),Podzols,PZ-et,Entic,-,-,NA,NA,NA,Dystric,Oostelijke Boomse cuesta,NA,NA,NA,0.3740712114,0.3682955984,NA,NA,NA,NA,NA,NA,NA,NA,NA,NA,NA
137_012_241022_999_0455_207_01_25002,P7e01d75,CMON_P7e01d75,45960,2023-09-07,INBO,223405,188255,56.271,NA,NA,Natuur,0,Natuur,gras,R3 (Seasonally wet and wet grasslands),Natuurgrasland,1,0,LT,0.01,NA,3.27,NA,0.167,3.84,0.78,50.98,2.55,2.6,0.13,19.59,265.8,207.3,3.8,6,90.3,NA,NA,NA,Zeg,Zeg,Zeg,Natte zandbodem met duidelijke ijzer en/of humus B horizont,Z,e,g,Kempen,Gleyic Podzols (Arenic),Podzols,PZ-gl,Gleyic,-,-,NA,NA,NA,Dystric,Maasterrassen,NA,NA,NA,3.710131561,3.024009231,NA,NA,NA,NA,4,7,NA,NA,NA,60278,102105
137_012_241022_999_0439_207_01_25002,P7e01d75,CMON_P7e01d75,0-10,2023-09-07,INBO,223405,188255,56.271,NA,NA,Natuur,0,Natuur,gras,R3 (Seasonally wet and wet grasslands),Natuurgrasland,1,0,LT,0.01,NA,44.57,NA,2.31,3.25,0.33,147.08,14.71,7.62,0.76,19.29,483.3,159.5,NA,NA,NA,NA,NA,NA,Zeg,Zeg,Zeg,Natte zandbodem met duidelijke ijzer en/of humus B horizont,Z,e,g,Kempen,Gleyic Podzols (Arenic),Podzols,PZ-gl,Gleyic,-,-,NA,NA,NA,Dystric,Maasterrassen,NA,NA,NA,3.710131561,3.024009231,NA,NA,NA,NA,3,8,NA,NA,NA,1424413,1444015
137_012_241024_999_0581_207_01_25002,P7e41c1c,CMON_P7e41c1c,45960,2023-09-20,INBO,235715,188145,86.13,NA,NA,Grasland,0,Natuur,"Grassen, brem",R2 (Mesic grasslands),Natuurgrasland,1,0,LT,0.01,NA,0.88,NA,0.053,3.7,1.46,25.76,1.29,1.55,0.08,16.6,9.7,14.3,4.7,10.7,84.6,NA,NA,NA,Zbf1t,Zbf1t,Zbf,Droge zandbodem met weinig duidelijke ijzer en/of humus B horizont,Z,b,f,Kempen,Dystric Brunic Arenosols,Arenosols,AR-br.dy,Brunic,Dystric,-,NA,NA,NA,Dystric,Maasterrassen,NA,NA,NA,0.7859305139,-0.6363690091,NA,NA,NA,NA,12,20,NA,NA,NA,2926650,4138627
137_012_241024_999_0577_207_01_25002,P7e41c1c,CMON_P7e41c1c,0-10,2023-09-20,INBO,235715,188145,86.13,NA,NA,Grasland,0,Natuur,"Grassen, brem",R2 (Mesic grasslands),Natuurgrasland,1,0,LT,0.01,NA,2.77,NA,0.187,3.7,1.04,28.86,2.89,1.95,0.19,14.81,20.1,20.9,4.7,11,84.3,NA,NA,NA,Zbf1t,Zbf1t,Zbf,Droge zandbodem met weinig duidelijke ijzer en/of humus B horizont,Z,b,f,Kempen,Dystric Brunic Arenosols,Arenosols,AR-br.dy,Brunic,Dystric,-,NA,NA,NA,Dystric,Maasterrassen,NA,NA,NA,0.7859305139,-0.6363690091,NA,NA,NA,NA,21,45,NA,NA,NA,2316017,3677694
137_012_241022_999_0457_207_01_25002,P7e57c40,CMON_P7e57c40,45960,2024-06-27,INBO,189675,188105,15.59,NA,NA,Residentieel,0,Ruimtebeslag overige,Grassen,R2 (Mesic grasslands),Residentieel grasland,1,0,LT,0.01,NA,3.44,NA,0.384,4.7,0.83,57.1,2.86,11.14,0.56,5.13,57,47.3,41.3,45.5,13.2,NA,NA,NA,Eep,Eep,Eep,Sterk gleyige kleibodem zonder profiel,E,e,p,Kempen,"Fluvic Gleyic Phaeozems (Loamic, Fluvic)",Phaeozems,PH-gl.fv,Gleyic,Fluvic,-,NA,NA,NA,Eutric,Hagelands heuvelland,NA,NA,NA,2.515739584,0.4198430332,NA,NA,NA,NA,10,25,NA,NA,NA,94196,284080
137_012_241022_999_0456_207_01_25002,P7e57c40,CMON_P7e57c40,0-10,2024-06-27,INBO,189675,188105,15.59,NA,NA,Residentieel,0,Ruimtebeslag overige,Grassen,R2 (Mesic grasslands),Residentieel grasland,1,0,LT,0.01,NA,6.25,NA,0.671,4.7,0.62,38.91,3.89,1.11,0.11,34.92,56.2,35,40.7,43.9,15.4,NA,NA,NA,Eep,Eep,Eep,Sterk gleyige kleibodem zonder profiel,E,e,p,Kempen,"Fluvic Gleyic Phaeozems (Loamic, Fluvic)",Phaeozems,PH-gl.fv,Gleyic,Fluvic,-,NA,NA,NA,Eutric,Hagelands heuvelland,NA,NA,NA,2.515739584,0.4198430332,NA,NA,NA,NA,25,49,NA,NA,NA,831669,1344697
137_012_241023_999_0524_207_01_25002,P84385b4,CMON_P84385b4,45960,2024-01-16,INBO,228915,185505,60.26,NA,NA,Grasland,0,Ruimtebeslag overige,"Grassen, zomereik",V3 (Artificial grasslands and herb dominated habitats),Residentieel grasland,1,0,LT,0.01,NA,1.53,NA,0.092,5.2,1.47,44.94,2.25,2.7,0.14,16.63,14,20.6,5.8,6.6,87.6,NA,NA,NA,Zdg,Zdg,Zdg,Matig natte zandbodem met duidelijke ijzer en/of humus B horizont,Z,d,g,Kempen,Gleyic Podzols (Arenic),Podzols,PZ-gl,Gleyic,-,-,NA,NA,NA,Dystric,Maasterrassen,NA,NA,NA,-0.6143911144,-0.18749803,NA,NA,NA,NA,8,14,NA,NA,NA,650780,763959
137_012_241022_999_0494_207_01_25002,P84385b4,CMON_P84385b4,0-10,2024-01-16,INBO,228915,185505,60.26,NA,NA,Grasland,0,Ruimtebeslag overige,"Grassen, zomereik",V3 (Artificial grasslands and herb dominated habitats),Residentieel grasland,1,0,LT,0.01,NA,1.98,NA,0.117,5,1.38,27.27,2.73,1.61,0.16,16.92,15.6,21.4,5.4,7,87.6,NA,NA,NA,Zdg,Zdg,Zdg,Matig natte zandbodem met duidelijke ijzer en/of humus B horizont,Z,d,g,Kempen,Gleyic Podzols (Arenic),Podzols,PZ-gl,Gleyic,-,-,NA,NA,NA,Dystric,Maasterrassen,NA,NA,NA,-0.6143911144,-0.18749803,NA,NA,NA,NA,6,23,NA,NA,NA,2286070,2299992
137_012_241024_999_0534_207_01_25002,P85a3712,CMON_P85a3712,45960,2024-01-09,INBO,177455,184875,10.82,NA,NA,Grasland,0,Ruimtebeslag overige,Grassen,V3 (Artificial grasslands and herb dominated habitats),Residentieel grasland,1,0,LT,0.01,NA,5.01,NA,0.479,4.6,0.85,84.99,4.25,8.13,0.41,10.46,60.5,51.3,44.1,40.3,15.6,NA,NA,NA,vEfp,vEfp,Efp,Zeer sterk gleyige kleibodem zonder profiel,E,f,p,Zandstreek,"Fluvic Gleyic Phaeozems (Loamic, Fluvic)",Phaeozems,PH-gl.fv,Gleyic,Fluvic,-,NA,NA,NA,Eutric,Hagelands heuvelland,NA,NA,NA,2.103880282,1.492897307,NA,NA,NA,NA,0,0,NA,NA,NA,0,0
137_012_241022_999_0496_207_01_25002,P85a3712,CMON_P85a3712,0-10,2024-01-09,INBO,177455,184875,10.82,NA,NA,Grasland,0,Ruimtebeslag overige,Grassen,V3 (Artificial grasslands and herb dominated habitats),Residentieel grasland,1,0,LT,0.01,NA,7.41,NA,0.696,4.6,0.72,53.07,5.31,4.99,0.5,10.65,71.7,51.4,44.7,39.7,15.5,NA,NA,NA,vEfp,vEfp,Efp,Zeer sterk gleyige kleibodem zonder profiel,E,f,p,Zandstreek,"Fluvic Gleyic Phaeozems (Loamic, Fluvic)",Phaeozems,PH-gl.fv,Gleyic,Fluvic,-,NA,NA,NA,Eutric,Hagelands heuvelland,NA,NA,NA,2.103880282,1.492897307,NA,NA,NA,NA,13,29,NA,NA,NA,897583,952623
137_012_241022_999_0484_207_01_25002,P87be989,CMON_P87be989,45960,2024-02-27,INBO,231365,183945,76.72,NA,NA,Residentieel,0,Ruimtebeslag overige,"Grassen, kruidachtigen",V3 (Artificial grasslands and herb dominated habitats),Residentieel grasland,1,0,LT,0.01,NA,0.7,NA,0.044,4.3,1.39,19.42,0.97,1.22,0.06,15.91,8.8,12.2,3.8,5.5,90.7,NA,NA,NA,Zbft,Zbft,Zbf,Droge zandbodem met weinig duidelijke ijzer en/of humus B horizont,Z,b,f,Kempen,Dystric Brunic Arenosols,Arenosols,AR-br.dy,Brunic,Dystric,-,NA,NA,NA,Dystric,Maasterrassen,NA,NA,NA,-0.2437177422,-0.3449473729,NA,NA,NA,NA,4,10,NA,NA,NA,194243,291459
137_012_241022_999_0478_207_01_25002,P87be989,CMON_P87be989,0-10,2024-02-27,INBO,231365,183945,76.72,NA,NA,Residentieel,0,Ruimtebeslag overige,"Grassen, kruidachtigen",V3 (Artificial grasslands and herb dominated habitats),Residentieel grasland,1,0,LT,0.01,NA,2.11,NA,0.148,4.5,1.29,27.2,2.72,1.91,0.19,14.26,24.3,31.3,3.8,6.4,89.8,NA,NA,NA,Zbft,Zbft,Zbf,Droge zandbodem met weinig duidelijke ijzer en/of humus B horizont,Z,b,f,Kempen,Dystric Brunic Arenosols,Arenosols,AR-br.dy,Brunic,Dystric,-,NA,NA,NA,Dystric,Maasterrassen,NA,NA,NA,-0.2437177422,-0.3449473729,NA,NA,NA,NA,18,40,NA,NA,NA,596736,1073354
137_012_241023_999_0531_207_01_25002,P8bec81b,CMON_P8bec81b,45960,2024-01-10,INBO,232105,182095,85.79,NA,NA,Grasland,0,Ruimtebeslag overige,Grassen,R2 (Mesic grasslands),Residentieel grasland,1,0,LT,0.01,NA,1.21,NA,0.088,4.8,1.54,37.33,1.87,2.71,0.14,13.75,12.4,19.2,5.8,11.3,82.9,NA,NA,NA,Zbft,Zbft,Zbf,Droge zandbodem met weinig duidelijke ijzer en/of humus B horizont,Z,b,f,Kempen,Dystric Brunic Arenosols,Arenosols,AR-br.dy,Brunic,Dystric,-,NA,NA,NA,Dystric,Maasterrassen,NA,NA,NA,0.3740712114,-0.464374103,NA,NA,NA,NA,11,25,NA,NA,NA,405209,1315228
137_012_241022_999_0497_207_01_25002,P8bec81b,CMON_P8bec81b,0-10,2024-01-10,INBO,232105,182095,85.79,NA,NA,Grasland,0,Ruimtebeslag overige,Grassen,R2 (Mesic grasslands),Residentieel grasland,1,0,LT,0.01,NA,2.1,NA,0.161,5.3,1.14,24.03,2.4,1.84,0.18,13.04,23.6,27,5.7,11.2,83.1,NA,NA,NA,Zbft,Zbft,Zbf,Droge zandbodem met weinig duidelijke ijzer en/of humus B horizont,Z,b,f,Kempen,Dystric Brunic Arenosols,Arenosols,AR-br.dy,Brunic,Dystric,-,NA,NA,NA,Dystric,Maasterrassen,NA,NA,NA,0.3740712114,-0.464374103,NA,NA,NA,NA,12,33,NA,NA,NA,9266,117333
137_012_241024_999_0535_207_01_25002,P8d98a90,CMON_P8d98a90,45960,2024-01-16,INBO,240155,181355,49.23,NA,NA,Grasland,0,Natuur,"Grassen, mossen, pitrus, meidoorn",R2 (Mesic grasslands),Natuurgrasland,1,0,LT,0.01,NA,1.11,NA,0.056,4.1,1.27,28.08,1.4,1.42,0.07,19.82,34.3,43.3,2.7,5.6,91.8,NA,NA,NA,Zegt,Zegt,Zeg,Natte zandbodem met duidelijke ijzer en/of humus B horizont,Z,e,g,Kempen,"Gleyic Podzols (Arenic, Ruptic)",Podzols,PZ-gl,Gleyic,-,-,NA,NA,NA,Dystric,Maasterrassen,NA,NA,NA,0.4976290022,-0.5804834239,NA,NA,NA,NA,8,10,NA,NA,NA,160888,161868
137_012_241023_999_0526_207_01_25002,P8d98a90,CMON_P8d98a90,0-10,2024-01-16,INBO,240155,181355,49.23,NA,NA,Grasland,0,Natuur,"Grassen, mossen, pitrus, meidoorn",R2 (Mesic grasslands),Natuurgrasland,1,0,LT,0.01,NA,2.58,NA,0.164,4.1,1.11,28.73,2.87,1.83,0.18,15.73,22.6,25.1,2.7,5.5,91.8,NA,NA,NA,Zegt,Zegt,Zeg,Natte zandbodem met duidelijke ijzer en/of humus B horizont,Z,e,g,Kempen,"Gleyic Podzols (Arenic, Ruptic)",Podzols,PZ-gl,Gleyic,-,-,NA,NA,NA,Dystric,Maasterrassen,NA,NA,NA,0.4976290022,-0.5804834239,NA,NA,NA,NA,14,17,NA,NA,NA,2174803,2216165
137_012_241022_999_0461_207_01_25002,P8da8ae8,CMON_P8da8ae8,45960,2024-06-27,INBO,185755,181325,25.44,NA,NA,Natuur,0,Natuur,"Grassen, knoopkruid, margriet",R2 (Mesic grasslands),Natuurgrasland,1,0,LT,0.01,NA,1.83,NA,0.186,4.2,0.92,33.57,1.68,3.41,0.17,9.84,45.2,41.5,27.3,48.2,24.5,NA,NA,NA,wLdc,wLdc,Ldc,"Matig natte zandleembodem met sterk gevlekte, verbrokkelde textuur B horizont",L,d,c,Zandleemstreek,"Dystric Gleyic Retisols (Loamic, Ruptic)",Retisols,RT-gl.dy,Gleyic,Dystric,-,NA,NA,NA,Dystric,Hagelands heuvelland,NA,NA,NA,2.350995863,-0.5822697211,NA,NA,NA,NA,8,11,NA,NA,NA,1548,223011
137_012_241022_999_0464_207_01_25002,P8da8ae8,CMON_P8da8ae8,0-10,2024-06-27,INBO,185755,181325,25.44,NA,NA,Natuur,0,Natuur,"Grassen, knoopkruid, margriet",R2 (Mesic grasslands),Natuurgrasland,1,0,LT,0.01,NA,3.53,NA,0.321,4.2,0.66,23.17,2.32,2.11,0.21,11,55.1,36.2,24.7,46.8,28.6,NA,NA,NA,wLdc,wLdc,Ldc,"Matig natte zandleembodem met sterk gevlekte, verbrokkelde textuur B horizont",L,d,c,Zandleemstreek,"Dystric Gleyic Retisols (Loamic, Ruptic)",Retisols,RT-gl.dy,Gleyic,Dystric,-,NA,NA,NA,Dystric,Hagelands heuvelland,NA,NA,NA,2.350995863,-0.5822697211,NA,NA,NA,NA,12,28,NA,NA,NA,2086432,2470818
137_012_241023_999_0501_207_01_25002,P8efbb51,CMON_P8efbb51,45960,2023-09-28,INBO,96325,180735,9.92,NA,NA,Grasland,0,Ruimtebeslag overige,Grassen,V3 (Artificial grasslands and herb dominated habitats),Residentieel grasland,1,0,LT,0.01,NA,1.59,NA,0.13,4.6,1.4,44.67,2.23,3.65,0.18,12.23,10.2,14.3,4.2,8.1,87.6,NA,NA,NA,Zch,Zch,Zch,Matig droge zandbodem met verbrokkelde ijzer en/of humus B horizont,Z,c,h,Zandstreek,"Terric Anthrosols (Arenic, Spodi-relocatic)",Anthrosols,AT-tr,Terric,-,-,NA,NA,NA,Eutric,Zuidelijke Vlaamse laagvlakte,NA,NA,NA,1.444905398,-0.2403213914,NA,NA,NA,NA,8,16,NA,NA,NA,1038598,1266453
137_012_241023_999_0506_207_01_25002,P8efbb51,CMON_P8efbb51,0-10,2023-09-28,INBO,96325,180735,9.92,NA,NA,Grasland,0,Ruimtebeslag overige,Grassen,V3 (Artificial grasslands and herb dominated habitats),Residentieel grasland,1,0,LT,0.01,NA,2.9,NA,0.241,5.7,0.88,25.47,2.55,2.12,0.21,12.03,34,29.8,4.5,8.5,87,NA,NA,NA,Zch,Zch,Zch,Matig droge zandbodem met verbrokkelde ijzer en/of humus B horizont,Z,c,h,Zandstreek,"Terric Anthrosols (Arenic, Spodi-relocatic)",Anthrosols,AT-tr,Terric,-,-,NA,NA,NA,Eutric,Zuidelijke Vlaamse laagvlakte,NA,NA,NA,1.444905398,-0.2403213914,NA,NA,NA,NA,16,52,NA,NA,NA,616646,1553488
137_012_241022_999_0499_207_01_25002,P900ce97,CMON_P900ce97,45960,2024-01-04,INBO,153425,180265,15.82,NA,NA,Grasland,0,Ruimtebeslag overige,Grassen,V3 (Artificial grasslands and herb dominated habitats),Residentieel grasland,1,0,NA,0.19,NA,0.46,NA,0.042,7.6,1.56,14.32,0.72,1.31,0.07,10.95,20.3,31.6,18.4,44.1,37.5,NA,NA,NA,OB,OB,OB,Bebouwde zones,NA,NA,NA,Kunstmatige gronden,Technosols/Not Surveyed,Technosols/Not Surveyed,TC,-,-,-,NA,NA,NA,-,Oostelijke Vlaamse laagvlakte,NA,NA,NA,-0.1613458817,-1.221508949,NA,NA,NA,NA,5,6,NA,NA,NA,37921,199952
137_012_241024_999_0536_207_01_25002,P900ce97,CMON_P900ce97,0-10,2024-01-04,INBO,153425,180265,15.82,NA,NA,Grasland,0,Ruimtebeslag overige,Grassen,V3 (Artificial grasslands and herb dominated habitats),Residentieel grasland,1,0,NA,0.23,NA,1.37,NA,0.114,7.5,1.27,17.37,1.74,1.45,0.14,12.02,35.2,44.6,17.5,42.2,40.3,NA,NA,NA,OB,OB,OB,Bebouwde zones,NA,NA,NA,Kunstmatige gronden,Technosols/Not Surveyed,Technosols/Not Surveyed,TC,-,-,-,NA,NA,NA,-,Oostelijke Vlaamse laagvlakte,NA,NA,NA,-0.1613458817,-1.221508949,NA,NA,NA,NA,12,18,NA,NA,NA,355156,1225292
137_012_241022_999_0485_207_01_25002,P940dbfe,CMON_P940dbfe,45960,2024-03-12,INBO,203015,178495,26.85,NA,NA,Residentieel,0,Ruimtebeslag overige,Engels raaigras,V3 (Artificial grasslands and herb dominated habitats),Residentieel grasland,1,0,LT,0.01,NA,1.23,NA,0.122,5,1.39,34.16,1.71,3.39,0.17,10.08,26.5,36.8,17.8,67.8,14.4,NA,NA,NA,OB,OB,OB,Bebouwde zones,NA,NA,NA,Kunstmatige gronden,Technosols/Not Surveyed,Technosols/Not Surveyed,TC,-,-,-,NA,NA,NA,-,Hagelands heuvelland,NA,NA,NA,0.7447445836,-0.4661604002,NA,NA,NA,NA,9,13,NA,NA,NA,412575,608803
137_012_241022_999_0490_207_01_25002,P940dbfe,CMON_P940dbfe,0-10,2024-03-12,INBO,203015,178495,26.85,NA,NA,Residentieel,0,Ruimtebeslag overige,Engels raaigras,V3 (Artificial grasslands and herb dominated habitats),Residentieel grasland,1,0,LT,0.01,NA,2.58,NA,0.252,4.8,1.05,27.13,2.71,2.65,0.27,10.24,43.6,45.9,16.7,66.2,17.1,NA,NA,NA,OB,OB,OB,Bebouwde zones,NA,NA,NA,Kunstmatige gronden,Technosols/Not Surveyed,Technosols/Not Surveyed,TC,-,-,-,NA,NA,NA,-,Hagelands heuvelland,NA,NA,NA,0.7447445836,-0.4661604002,NA,NA,NA,NA,12,19,NA,NA,NA,2376950,2437107
137_012_241024_999_0570_207_01_25002,P987b175,CMON_P987b175,45960,2023-11-17,INBO,196205,176535,35.4,NA,NA,Grasland,0,Ruimtebeslag overige,Grassen,V3 (Artificial grasslands and herb dominated habitats),Residentieel grasland,1,0,LT,0.01,NA,1.07,NA,0.112,5.2,1.45,31.02,1.55,3.25,0.16,9.55,20.8,30.1,13.8,68,18.2,NA,NA,NA,Lbp(c),Lbp(c),Lbp,Droge zandleembodem zonder profiel,L,b,p,Zandleemstreek,"Haplic Luvisols (Loamic, Colluvic)",Luvisols,LV-ha,Haplic,-,-,NA,NA,NA,Eutric,Hagelands heuvelland,NA,NA,NA,-0.202531812,-0.5307222863,NA,NA,NA,NA,2,2,NA,NA,NA,4031,4031
137_012_241024_999_0571_207_01_25002,P987b175,CMON_P987b175,0-10,2023-11-17,INBO,196205,176535,35.4,NA,NA,Grasland,0,Ruimtebeslag overige,Grassen,V3 (Artificial grasslands and herb dominated habitats),Residentieel grasland,1,0,LT,0.01,NA,2.17,NA,0.201,5.2,1.28,27.74,2.77,2.57,0.26,10.8,32.2,41.2,13.7,67.9,18.4,NA,NA,NA,Lbp(c),Lbp(c),Lbp,Droge zandleembodem zonder profiel,L,b,p,Zandleemstreek,"Haplic Luvisols (Loamic, Colluvic)",Luvisols,LV-ha,Haplic,-,-,NA,NA,NA,Eutric,Hagelands heuvelland,NA,NA,NA,-0.202531812,-0.5307222863,NA,NA,NA,NA,16,31,NA,NA,NA,1257381,2231080
137_012_241024_999_0552_207_01_25002,P988bcb8,CMON_P988bcb8,45960,2023-11-22,INBO,169755,176505,35.29,NA,NA,Grasland,0,Ruimtebeslag overige,"Grassen, zomereik",V3 (Artificial grasslands and herb dominated habitats),Residentieel grasland,1,0,LT,0.01,NA,0.74,NA,0.073,4.1,1.38,20.44,1.02,2.02,0.1,10.14,22.5,31,14.4,57.3,28.3,NA,NA,NA,Abp,Abp,Abp,Droge leembodem zonder profiel,A,b,p,Zandleemstreek,"Eutric Cambisols (Siltic, Colluvic)",Cambisols,CM-eu,Eutric,-,-,NA,NA,NA,Eutric,Brabants plateau,NA,NA,NA,0.5388149324,-0.9520332508,NA,NA,NA,NA,8,15,NA,NA,NA,53,14354
137_012_241024_999_0551_207_01_25002,P988bcb8,CMON_P988bcb8,0-10,2023-11-22,INBO,169755,176505,35.29,NA,NA,Grasland,0,Ruimtebeslag overige,"Grassen, zomereik",V3 (Artificial grasslands and herb dominated habitats),Residentieel grasland,1,0,LT,0.01,NA,1.98,NA,0.168,4,1.1,21.81,2.18,1.85,0.19,11.79,31.4,34.5,14.5,57.8,27.8,NA,NA,NA,Abp,Abp,Abp,Droge leembodem zonder profiel,A,b,p,Zandleemstreek,"Eutric Cambisols (Siltic, Colluvic)",Cambisols,CM-eu,Eutric,-,-,NA,NA,NA,Eutric,Brabants plateau,NA,NA,NA,0.5388149324,-0.9520332508,NA,NA,NA,NA,9,17,NA,NA,NA,42615,63385
137_012_241022_999_0495_207_01_25002,P9b3f79b,CMON_P9b3f79b,45960,2023-09-29,INBO,75385,175305,16.45,NA,NA,Grasland,0,Ruimtebeslag overige,"Grassen, boterbloem, paardenbloem, weegbree",V3 (Artificial grasslands and herb dominated habitats),Residentieel grasland,1,0,NA,0.07,NA,3.65,NA,0.241,7.1,1.1,78.76,4.02,5.3,0.27,14.85,23.8,26.1,15.3,42.9,41.8,NA,NA,NA,Pcc,Pcc,Pcc,"Matig droge licht zandleembodem met sterk gevlekte, verbrokkelde textuur B horizont",P,c,c,Zandleemstreek,Eutric Retisols (Loamic),Retisols,RT-eu,Eutric,-,-,NA,NA,NA,Eutric,Zuidelijke Vlaamse laagvlakte,NA,NA,NA,0.9506742349,1.206834562,NA,NA,NA,NA,2,9,NA,NA,NA,138,205970
137_012_241023_999_0503_207_01_25002,P9b3f79b,CMON_P9b3f79b,0-10,2023-09-29,INBO,75385,175305,16.45,NA,NA,Grasland,0,Ruimtebeslag overige,"Grassen, boterbloem, paardenbloem, weegbree",V3 (Artificial grasslands and herb dominated habitats),Residentieel grasland,1,0,NA,0.28,NA,4.81,NA,0.416,7.2,1,48.09,4.81,4.16,0.42,11.56,36.1,36.1,13,37.7,49.2,NA,NA,NA,Pcc,Pcc,Pcc,"Matig droge licht zandleembodem met sterk gevlekte, verbrokkelde textuur B horizont",P,c,c,Zandleemstreek,Eutric Retisols (Loamic),Retisols,RT-eu,Eutric,-,-,NA,NA,NA,Eutric,Zuidelijke Vlaamse laagvlakte,NA,NA,NA,0.9506742349,1.206834562,NA,NA,NA,NA,18,30,NA,NA,NA,524252,573621
137_012_241024_999_0532_207_01_25002,Pa01329d,CMON_Pa01329d,45960,2024-01-10,INBO,233725,173175,93.05,NA,NA,Bos,0,Ruimtebeslag overige,"Kersenboom, grassen",V6 (Tree dominated man-made habitats),Residentieel grasland,1,0,LT,0.01,NA,1.13,NA,0.098,4.4,1.48,33.4,1.67,2.9,0.14,11.53,21.5,31.8,13.2,75.2,11.5,NA,NA,NA,Aba1,Aba1,Aba,Droge leembodem met textuur B horizont,A,b,a,Leemstreek,Nudiargic Luvisols (Siltic),Luvisols,LV-ng,Nudiargic,-,-,NA,NA,NA,Eutric,Plateau van Haspengouw,NA,NA,NA,0.9506742349,-0.5707863817,NA,NA,NA,NA,8,17,NA,NA,NA,105434,234394
137_012_241024_999_0533_207_01_25002,Pa01329d,CMON_Pa01329d,0-10,2024-01-10,INBO,233725,173175,93.05,NA,NA,Bos,0,Ruimtebeslag overige,"Kersenboom, grassen",V6 (Tree dominated man-made habitats),Residentieel grasland,1,0,LT,0.01,NA,2.38,NA,0.196,5.5,1,23.79,2.38,1.96,0.2,12.14,36.5,36.5,13,75.3,11.7,NA,NA,NA,Aba1,Aba1,Aba,Droge leembodem met textuur B horizont,A,b,a,Leemstreek,Nudiargic Luvisols (Siltic),Luvisols,LV-ng,Nudiargic,-,-,NA,NA,NA,Eutric,Plateau van Haspengouw,NA,NA,NA,0.9506742349,-0.5707863817,NA,NA,NA,NA,13,19,NA,NA,NA,1296157,1898095
137_012_241024_999_0575_207_01_25002,Pa12b788,CMON_Pa12b788,45960,2023-12-14,INBO,107995,172685,27.47,NA,NA,Grasland,0,Ruimtebeslag overige,"Grassen, pitrus",R2 (Mesic grasslands),Residentieel grasland,1,0,NA,0.18,NA,1.9,NA,0.094,7.6,1.44,54.74,2.74,2.71,0.14,20.21,23.9,34.4,15.6,46,38.4,NA,NA,NA,Adp,Adp,Adp,Matig natte leembodem zonder profiel,A,d,p,Zandleemstreek,"Eutric Gleyic Cambisols (Siltic, Colluvic)",Cambisols,CM-gl.eu,Gleyic,Eutric,-,NA,NA,NA,Eutric,Schelde-Dender interfluvium,NA,NA,NA,-0.202531812,0.3601296681,NA,NA,NA,NA,12,16,NA,NA,NA,4680877,4702585
137_012_241024_999_0573_207_01_25002,Pa12b788,CMON_Pa12b788,0-10,2023-12-14,INBO,107995,172685,27.47,NA,NA,Grasland,0,Ruimtebeslag overige,"Grassen, pitrus",R2 (Mesic grasslands),Residentieel grasland,1,0,NA,0.13,NA,3.04,NA,0.198,7.2,1.28,38.93,3.89,2.54,0.25,15.35,29.7,38,15,44.5,40.4,NA,NA,NA,Adp,Adp,Adp,Matig natte leembodem zonder profiel,A,d,p,Zandleemstreek,"Eutric Gleyic Cambisols (Siltic, Colluvic)",Cambisols,CM-gl.eu,Gleyic,Eutric,-,NA,NA,NA,Eutric,Schelde-Dender interfluvium,NA,NA,NA,-0.202531812,0.3601296681,NA,NA,NA,NA,24,42,NA,NA,NA,840923,1511960
137_012_241022_999_0489_207_01_25002,Pa131939,CMON_Pa131939,45960,2024-03-07,INBO,121205,172675,67.06,NA,NA,Residentieel,0,Ruimtebeslag overige,Engels raaigras,V3 (Artificial grasslands and herb dominated habitats),Residentieel grasland,1,0,LT,0.01,NA,1.24,NA,0.134,5.4,1.51,37.47,1.87,4.05,0.2,9.25,24.5,37,23.3,70.2,6.5,NA,NA,NA,Aba1,Aba1,Aba,Droge leembodem met textuur B horizont,A,b,a,Zandleemstreek,Nudiargic Luvisols (Siltic),Luvisols,LV-ng,Nudiargic,-,-,NA,NA,NA,Eutric,Schelde-Dender interfluvium,NA,NA,NA,-0.4908333237,-0.3408644078,NA,NA,NA,NA,3,8,NA,NA,NA,23,636948
137_012_241022_999_0480_207_01_25002,Pa131939,CMON_Pa131939,0-10,2024-03-07,INBO,121205,172675,67.06,NA,NA,Residentieel,0,Ruimtebeslag overige,Engels raaigras,V3 (Artificial grasslands and herb dominated habitats),Residentieel grasland,1,0,LT,0.01,NA,2.13,NA,0.205,5.5,1.35,28.73,2.87,2.77,0.28,10.39,31.5,42.5,22.4,69.5,8.1,NA,NA,NA,Aba1,Aba1,Aba,Droge leembodem met textuur B horizont,A,b,a,Zandleemstreek,Nudiargic Luvisols (Siltic),Luvisols,LV-ng,Nudiargic,-,-,NA,NA,NA,Eutric,Schelde-Dender interfluvium,NA,NA,NA,-0.4908333237,-0.3408644078,NA,NA,NA,NA,2,5,NA,NA,NA,249708,250449
137_012_241024_999_0540_207_01_25002,Pa4e5fa1,CMON_Pa4e5fa1,45960,2023-11-07,INBO,119365,171035,62.93,NA,NA,Grasland,0,Ruimtebeslag overige,"Grassen, brandnetel",V3 (Artificial grasslands and herb dominated habitats),Residentieel grasland,1,0,LT,0.01,NA,1.44,NA,0.144,5.9,1.43,41.29,2.06,4.13,0.21,10,24.1,34.6,17.3,71.3,11.4,NA,NA,NA,Aba1,Aba1,Aba,Droge leembodem met textuur B horizont,A,b,a,Zandleemstreek,Nudiargic Luvisols (Siltic),Luvisols,LV-ng,Nudiargic,-,-,NA,NA,NA,Eutric,Schelde-Dender interfluvium,NA,NA,NA,0.1681415602,-0.1933672924,NA,NA,NA,NA,12,25,NA,NA,NA,1525733,2153402
137_012_241024_999_0560_207_01_25002,Pa4e5fa1,CMON_Pa4e5fa1,0-10,2023-11-07,INBO,119365,171035,62.93,NA,NA,Grasland,0,Ruimtebeslag overige,"Grassen, brandnetel",V3 (Artificial grasslands and herb dominated habitats),Residentieel grasland,1,0,NA,0.1,NA,2.57,NA,0.216,6.9,1.19,30.69,3.07,2.58,0.26,11.9,35.1,41.9,16.9,70.8,12.2,NA,NA,NA,Aba1,Aba1,Aba,Droge leembodem met textuur B horizont,A,b,a,Zandleemstreek,Nudiargic Luvisols (Siltic),Luvisols,LV-ng,Nudiargic,-,-,NA,NA,NA,Eutric,Schelde-Dender interfluvium,NA,NA,NA,0.1681415602,-0.1933672924,NA,NA,NA,NA,17,40,NA,NA,NA,840452,2149835
137_012_241024_999_0539_207_01_25002,Paa99d34,CMON_Paa99d34,45960,2023-11-17,INBO,220995,168515,103.63,NA,NA,Grasland,0,Ruimtebeslag overige,"Grassen, kerselaar",V3 (Artificial grasslands and herb dominated habitats),Residentieel grasland,1,0,LT,0.01,NA,1.21,NA,0.117,6.1,1.44,34.94,1.75,3.38,0.17,10.34,26.2,37.8,19.7,66.6,13.7,NA,NA,NA,Aba,Aba,Aba,Droge leembodem met textuur B horizont,A,b,a,Leemstreek,Haplic Luvisols (Siltic),Luvisols,LV-ha,Haplic,-,-,NA,NA,NA,Eutric,Plateau van Haspengouw,NA,NA,NA,0.7447445836,-0.2701780739,NA,NA,NA,NA,5,11,NA,NA,NA,20932,60700
137_012_241024_999_0569_207_01_25002,Paa99d34,CMON_Paa99d34,0-10,2023-11-17,INBO,220995,168515,103.63,NA,NA,Grasland,0,Ruimtebeslag overige,"Grassen, kerselaar",V3 (Artificial grasslands and herb dominated habitats),Residentieel grasland,1,0,LT,0.01,NA,3.23,NA,0.28,5.5,1.05,34.03,3.4,2.95,0.29,11.54,41.6,43.8,18.9,66.9,14.1,NA,NA,NA,Aba,Aba,Aba,Droge leembodem met textuur B horizont,A,b,a,Leemstreek,Haplic Luvisols (Siltic),Luvisols,LV-ha,Haplic,-,-,NA,NA,NA,Eutric,Plateau van Haspengouw,NA,NA,NA,0.7447445836,-0.2701780739,NA,NA,NA,NA,18,31,NA,NA,NA,588326,1887611
137_012_241024_999_0574_207_01_25002,Paa9e592,CMON_Paa9e592,45960,2024-03-22,INBO,169375,168505,27,NA,NA,Natuur,0,Natuur,"Grassen, veldzuring, kruidachtigen",R2 (Mesic grasslands),Natuurgrasland,1,0,LT,0.01,NA,1.19,NA,0.13,4.2,1.24,29.4,1.47,3.21,0.16,9.15,21.5,26.5,19.5,67,13.5,NA,NA,NA,Acp,Acp,Acp,Matig droge leembodem zonder profiel,A,c,p,Zandleemstreek,Eutric Cambisols (Siltic),Cambisols,CM-eu,Eutric,-,-,NA,NA,NA,Eutric,Brabants plateau,NA,NA,NA,1.033046095,-0.5174526497,NA,NA,NA,NA,5,10,NA,NA,NA,13018,22123
137_012_241024_999_0576_207_01_25002,Paa9e592,CMON_Paa9e592,0-10,2024-03-22,INBO,169375,168505,27,NA,NA,Natuur,0,Natuur,"Grassen, veldzuring, kruidachtigen",R2 (Mesic grasslands),Natuurgrasland,1,0,LT,0.01,NA,3.04,NA,0.302,4.3,0.98,29.88,2.99,2.97,0.3,10.07,45.2,44.4,17.5,68.8,13.8,NA,NA,NA,Acp,Acp,Acp,Matig droge leembodem zonder profiel,A,c,p,Zandleemstreek,Eutric Cambisols (Siltic),Cambisols,CM-eu,Eutric,-,-,NA,NA,NA,Eutric,Brabants plateau,NA,NA,NA,1.033046095,-0.5174526497,NA,NA,NA,NA,7,15,NA,NA,NA,780545,891799
137_012_241024_999_0553_207_01_25002,Pab502ed,CMON_Pab502ed,45960,2023-11-28,INBO,110205,168195,92.27,NA,NA,Grasland,0,Ruimtebeslag overige,Grassen,V3 (Artificial grasslands and herb dominated habitats),Residentieel grasland,1,0,LT,0.01,NA,1.2,NA,0.113,4.3,1.38,33.22,1.66,3.13,0.16,10.62,27.4,37.9,15.8,70.2,14,NA,NA,NA,Aba1,Aba1,Aba,Droge leembodem met textuur B horizont,A,b,a,Zandleemstreek,Nudiargic Luvisols (Siltic),Luvisols,LV-ng,Nudiargic,-,-,NA,NA,NA,Eutric,Schelde-Dender interfluvium,NA,NA,NA,0.4976290022,-0.356175527,NA,NA,NA,NA,8,18,NA,NA,NA,886155,1386110
137_012_241024_999_0559_207_01_25002,Pab502ed,CMON_Pab502ed,0-10,2023-11-28,INBO,110205,168195,92.27,NA,NA,Grasland,0,Ruimtebeslag overige,Grassen,V3 (Artificial grasslands and herb dominated habitats),Residentieel grasland,1,0,LT,0.01,NA,2.92,NA,0.247,4.3,1.11,32.38,3.24,2.74,0.27,11.82,39.9,44.3,15.6,70.4,14,NA,NA,NA,Aba1,Aba1,Aba,Droge leembodem met textuur B horizont,A,b,a,Zandleemstreek,Nudiargic Luvisols (Siltic),Luvisols,LV-ng,Nudiargic,-,-,NA,NA,NA,Eutric,Schelde-Dender interfluvium,NA,NA,NA,0.4976290022,-0.356175527,NA,NA,NA,NA,14,35,NA,NA,NA,271473,1882958
137_012_241022_999_0475_207_01_25002,Pac661cc,CMON_Pac661cc,45960,2024-06-13,INBO,123955,167715,17.26,NA,NA,Natuur,0,Natuur,"Grassen, scherpe boterbloem",V3 (Artificial grasslands and herb dominated habitats),Natuurgrasland,1,0,LT,0.01,NA,1.76,NA,0.174,4.8,1.25,43.82,2.19,4.33,0.22,10.11,36.4,45.3,20.5,40.7,38.8,NA,NA,NA,Lhp,Lhp,Lhp,Natte zandleembodem zonder profiel,L,h,p,Zandleemstreek,"Fluvic Oxygleyic Mollic Gleysols (Loamic, Fluvic)",Gleysols,GL-mo.oy.fv,Mollic,Oxygleyic,Fluvic,NA,NA,NA,Eutric,Dender-Zenne interfluvium,NA,NA,NA,2.680483305,0.09779915848,NA,NA,NA,NA,8,18,NA,NA,NA,464617,887373
137_012_241022_999_0472_207_01_25002,Pac661cc,CMON_Pac661cc,0-10,2024-06-13,INBO,123955,167715,17.26,NA,NA,Natuur,0,Natuur,"Grassen, scherpe boterbloem",V3 (Artificial grasslands and herb dominated habitats),Natuurgrasland,1,0,LT,0.01,NA,6.87,NA,0.611,5.2,0.58,39.57,3.96,3.52,0.35,11.24,108.9,62.7,19.9,41.2,38.9,NA,NA,NA,Lhp,Lhp,Lhp,Natte zandleembodem zonder profiel,L,h,p,Zandleemstreek,"Fluvic Oxygleyic Mollic Gleysols (Loamic, Fluvic)",Gleysols,GL-mo.oy.fv,Mollic,Oxygleyic,Fluvic,NA,NA,NA,Eutric,Dender-Zenne interfluvium,NA,NA,NA,2.680483305,0.09779915848,NA,NA,NA,NA,7,18,NA,NA,NA,388459,519912
137_012_241024_999_0554_207_01_25002,Pb05bc62,CMON_Pb05bc62,45960,2023-11-22,INBO,189535,165965,41.97,NA,NA,Grasland,0,Ruimtebeslag overige,"Grassen, riet, brandnetel",V3 (Artificial grasslands and herb dominated habitats),Residentieel grasland,1,0,NA,0.35,NA,4.08,NA,0.191,7.5,1.17,95.19,4.76,4.46,0.22,21.36,37.5,43.8,21.2,57,21.8,NA,NA,NA,OB,OB,OB,Bebouwde zones,NA,NA,NA,Kunstmatige gronden,Technosols/Not Surveyed,Technosols/Not Surveyed,TC,-,-,-,NA,NA,NA,-,Plateau van Haspengouw,NA,NA,NA,1.692020979,1.452322841,NA,NA,NA,NA,10,12,NA,NA,NA,66026,66028
137_012_241024_999_0562_207_01_25002,Pb05bc62,CMON_Pb05bc62,0-10,2023-11-22,INBO,189535,165965,41.97,NA,NA,Grasland,0,Ruimtebeslag overige,"Grassen, riet, brandnetel",V3 (Artificial grasslands and herb dominated habitats),Residentieel grasland,1,0,NA,0.21,NA,5.06,NA,0.371,7.2,0.82,41.28,4.13,3.03,0.3,13.64,60.9,49.7,20.7,57.5,21.7,NA,NA,NA,OB,OB,OB,Bebouwde zones,NA,NA,NA,Kunstmatige gronden,Technosols/Not Surveyed,Technosols/Not Surveyed,TC,-,-,-,NA,NA,NA,-,Plateau van Haspengouw,NA,NA,NA,1.692020979,1.452322841,NA,NA,NA,NA,11,16,NA,NA,NA,291044,368678
137_012_241022_999_0452_207_01_25002,Pb0998d7,CMON_Pb0998d7,45960,2023-08-24,INBO,114305,165855,25.73,NA,NA,Grasland,0,Natuur,"Zegge, koninginnenkruid, watermunt, brandnetel, braam",R3 (Seasonally wet and wet grasslands),Natuurgrasland,1,0,LT,0.01,NA,2.3,NA,0.242,6.6,1.01,46.26,2.31,4.87,0.24,9.5,40,40.3,26.9,65.9,7.1,NA,NA,NA,Aep,Aep,Aep,Natte leembodem zonder profiel,A,e,p,Zandleemstreek,"Eutric Fluvic Gleyic Cambisols (Siltic, Fluvic)",Cambisols,CM-gl.fv.eu,Gleyic,Fluvic,Eutric,NA,NA,NA,Eutric,Schelde-Dender interfluvium,NA,NA,NA,2.103880282,0.1414358483,NA,NA,NA,NA,6,13,NA,NA,NA,92525,235507
137_012_241022_999_0442_207_01_25002,Pb0998d7,CMON_Pb0998d7,0-10,2023-08-24,INBO,114305,165855,25.73,NA,NA,Grasland,0,Natuur,"Zegge, koninginnenkruid, watermunt, brandnetel, braam",R3 (Seasonally wet and wet grasslands),Natuurgrasland,1,0,LT,0.01,NA,5.43,NA,0.497,6.1,0.72,38.84,3.88,3.55,0.36,10.93,40.9,29.2,26.9,66.2,6.9,NA,NA,NA,Aep,Aep,Aep,Natte leembodem zonder profiel,A,e,p,Zandleemstreek,"Eutric Fluvic Gleyic Cambisols (Siltic, Fluvic)",Cambisols,CM-gl.fv.eu,Gleyic,Fluvic,Eutric,NA,NA,NA,Eutric,Schelde-Dender interfluvium,NA,NA,NA,2.103880282,0.1414358483,NA,NA,NA,NA,15,31,NA,NA,NA,363020,427168
137_012_241023_999_0504_207_01_25002,Pb0f0f8d,CMON_Pb0f0f8d,45960,2023-10-24,INBO,141805,165705,52.18,NA,NA,Residentieel,0,Ruimtebeslag overige,"Grassen, fruitbomen",V3 (Artificial grasslands and herb dominated habitats),Residentieel grasland,1,0,LT,0.01,NA,1.09,NA,0.107,5.5,1.44,31.34,1.57,3.08,0.15,10.19,22.9,32.9,16.2,73.2,10.5,NA,NA,NA,Aba1,Aba1,Aba,Droge leembodem met textuur B horizont,A,b,a,Zandleemstreek,Nudiargic Luvisols (Siltic),Luvisols,LV-ng,Nudiargic,-,-,NA,NA,NA,Eutric,Dender-Zenne interfluvium,NA,NA,NA,-0.5732051842,-0.5164319084,NA,NA,NA,NA,8,14,NA,NA,NA,1465657,2417654
137_012_241023_999_0505_207_01_25002,Pb0f0f8d,CMON_Pb0f0f8d,0-10,2023-10-24,INBO,141805,165705,52.18,NA,NA,Residentieel,0,Ruimtebeslag overige,"Grassen, fruitbomen",V3 (Artificial grasslands and herb dominated habitats),Residentieel grasland,1,0,LT,0.01,NA,2.05,NA,0.172,5.6,1.37,27.98,2.8,2.35,0.23,11.92,28.8,39.3,15.6,73.5,10.9,NA,NA,NA,Aba1,Aba1,Aba,Droge leembodem met textuur B horizont,A,b,a,Zandleemstreek,Nudiargic Luvisols (Siltic),Luvisols,LV-ng,Nudiargic,-,-,NA,NA,NA,Eutric,Dender-Zenne interfluvium,NA,NA,NA,-0.5732051842,-0.5164319084,NA,NA,NA,NA,13,31,NA,NA,NA,150593,509825
137_012_241022_999_0481_207_01_25002,Pb15993e,CMON_Pb15993e,45960,2024-03-05,INBO,162615,165525,84.1,NA,NA,Residentieel,0,Ruimtebeslag overige,"Grassen, kruidachtigen",V3 (Artificial grasslands and herb dominated habitats),Residentieel grasland,1,0,LT,0.01,NA,1.07,NA,0.11,4.77,1.46,31.24,1.56,3.21,0.16,9.73,27.3,39.9,22.1,53.5,24.4,P,NA,NA,S-Z,S-Z,S-Z,Complex van lemig zand + zandgronden,S-Z,NA,NA,Zandleemstreek,Dystric Brunic Arenosols,Arenosols,AR-br.dy,Brunic,Dystric,-,NA,NA,NA,Dystric,Brabants plateau,NA,NA,NA,-0.037788091,-0.5937530606,NA,NA,NA,NA,3,16,NA,NA,NA,1753028,1962921
137_012_241023_999_0509_207_01_25002,Pb15993e,CMON_Pb15993e,0-10,2024-03-05,INBO,162615,165525,84.1,NA,NA,Residentieel,0,Ruimtebeslag overige,"Grassen, kruidachtigen",V3 (Artificial grasslands and herb dominated habitats),Residentieel grasland,1,0,LT,0.01,NA,2.02,NA,0.19,4.83,1.24,25.05,2.5,2.36,0.24,10.63,34.7,43,19.9,53,27.1,NA,NA,NA,S-Z,S-Z,S-Z,Complex van lemig zand + zandgronden,S-Z,NA,NA,Zandleemstreek,Dystric Brunic Arenosols,Arenosols,AR-br.dy,Brunic,Dystric,-,NA,NA,NA,Dystric,Brabants plateau,NA,NA,NA,-0.037788091,-0.5937530606,NA,NA,NA,NA,12,19,NA,NA,NA,1460090,1940226
137_012_241022_999_0451_207_01_25002,Pb15c404,CMON_Pb15c404,45960,2023-09-08,INBO,35235,165515,74.56,NA,NA,Grasland,0,Natuur,"Gras, pitrus",R3 (Seasonally wet and wet grasslands),Natuurgrasland,1,0,LT,0.01,NA,1.42,NA,0.143,4.1,1.33,37.73,1.89,3.8,0.19,9.93,29,38.5,12.2,33.6,54.2,NA,NA,NA,Efp,Efp,Efp,Zeer sterk gleyige kleibodem zonder profiel,E,f,p,Zandleemstreek,"Fluvic Gleyic Phaeozems (Loamic, Fluvic)",Phaeozems,PH-gl.fv,Gleyic,Fluvic,-,NA,NA,NA,Eutric,Polder-Leie interfluvium,NA,NA,NA,1.403719468,-0.06781611464,NA,NA,NA,NA,9,13,NA,NA,NA,508066,511433
137_012_241022_999_0443_207_01_25002,Pb15c404,CMON_Pb15c404,0-10,2023-09-08,INBO,35235,165515,74.56,NA,NA,Grasland,0,Natuur,"Gras, pitrus",R3 (Seasonally wet and wet grasslands),Natuurgrasland,1,0,LT,0.01,NA,4.4,NA,0.402,4.1,0.89,39.17,3.92,3.58,0.36,10.95,48.3,43,12.9,34.6,52.5,NA,NA,NA,Efp,Efp,Efp,Zeer sterk gleyige kleibodem zonder profiel,E,f,p,Zandleemstreek,"Fluvic Gleyic Phaeozems (Loamic, Fluvic)",Phaeozems,PH-gl.fv,Gleyic,Fluvic,-,NA,NA,NA,Eutric,Polder-Leie interfluvium,NA,NA,NA,1.403719468,-0.06781611464,NA,NA,NA,NA,20,32,NA,NA,NA,1004977,1220398
137_012_241022_999_0482_207_01_25002,Pb163c8d,CMON_Pb163c8d,45960,2024-03-14,INBO,106925,165505,47.23,NA,NA,Residentieel,0,Ruimtebeslag overige,"Grassen, appelboom",V3 (Artificial grasslands and herb dominated habitats),Residentieel grasland,1,0,LT,0.01,NA,2.65,NA,0.177,5,1.13,60.05,3,4.01,0.2,14.97,37.6,42.6,18.4,71.5,10.2,NA,NA,NA,OB,OB,OB,Bebouwde zones,NA,NA,NA,Kunstmatige gronden,Technosols/Not Surveyed,Technosols/Not Surveyed,TC,-,-,-,NA,NA,NA,-,Schelde-Dender interfluvium,NA,NA,NA,1.650835049,0.5063508569,NA,NA,NA,NA,15,39,NA,NA,NA,1693453,2266068
137_012_241022_999_0486_207_01_25002,Pb163c8d,CMON_Pb163c8d,0-10,2024-03-14,INBO,106925,165505,47.23,NA,NA,Residentieel,0,Ruimtebeslag overige,"Grassen, appelboom",V3 (Artificial grasslands and herb dominated habitats),Residentieel grasland,1,0,LT,0.01,NA,4.73,NA,0.346,5.3,0.83,39.35,3.94,2.88,0.29,13.67,62.2,51.8,18.9,69.9,11.2,NA,NA,NA,OB,OB,OB,Bebouwde zones,NA,NA,NA,Kunstmatige gronden,Technosols/Not Surveyed,Technosols/Not Surveyed,TC,-,-,-,NA,NA,NA,-,Schelde-Dender interfluvium,NA,NA,NA,1.650835049,0.5063508569,NA,NA,NA,NA,19,51,NA,NA,NA,3196042,3632121
137_012_241023_999_0500_207_01_25002,Pb320d07,CMON_Pb320d07,45960,2023-12-08,INBO,95585,164735,90.25,NA,NA,Grasland,0,Ruimtebeslag overige,"Grassen, scherpe boterbloem",V3 (Artificial grasslands and herb dominated habitats),Residentieel grasland,1,0,LT,0.01,NA,0.84,NA,0.089,4.8,1.44,24.2,1.21,2.56,0.13,9.44,26.6,38.3,15,69.7,15.3,NA,NA,NA,Aba,Aba,Aba,Droge leembodem met textuur B horizont,A,b,a,Zandleemstreek,Haplic Luvisols (Siltic),Luvisols,LV-ha,Haplic,-,-,NA,NA,NA,Eutric,Schelde-Dender interfluvium,NA,NA,NA,0.4564430719,-0.8185713281,NA,NA,NA,NA,3,5,NA,NA,NA,62249,119592
137_012_241023_999_0527_207_01_25002,Pb320d07,CMON_Pb320d07,0-10,2023-12-08,INBO,95585,164735,90.25,NA,NA,Grasland,0,Ruimtebeslag overige,"Grassen, scherpe boterbloem",V3 (Artificial grasslands and herb dominated habitats),Residentieel grasland,1,0,LT,0.01,NA,2.08,NA,0.178,5.2,1.12,23.28,2.33,1.99,0.2,11.69,42.4,47.4,14.5,69.7,15.8,NA,NA,NA,Aba,Aba,Aba,Droge leembodem met textuur B horizont,A,b,a,Zandleemstreek,Haplic Luvisols (Siltic),Luvisols,LV-ha,Haplic,-,-,NA,NA,NA,Eutric,Schelde-Dender interfluvium,NA,NA,NA,0.4564430719,-0.8185713281,NA,NA,NA,NA,16,33,NA,NA,NA,2415055,4146461
137_012_241023_999_0507_207_01_25002,Pb744a28,CMON_Pb744a28,45960,2024-01-03,INBO,156795,162905,101.3,NA,NA,Grasland,0,Ruimtebeslag overige,Grassen,R2 (Mesic grasslands),Residentieel grasland,1,0,LT,0.01,NA,1.42,NA,0.103,4.3,1.4,39.73,1.99,2.88,0.14,13.79,26.9,37.7,16.9,70,13.1,NA,NA,NA,OB,OB,OB,Bebouwde zones,NA,NA,NA,Kunstmatige gronden,Technosols/Not Surveyed,Technosols/Not Surveyed,TC,-,-,-,NA,NA,NA,-,Brabants plateau,NA,NA,NA,0.8683023744,-0.1887739566,NA,NA,NA,NA,12,16,NA,NA,NA,2624108,2705775
137_012_241022_999_0498_207_01_25002,Pb744a28,CMON_Pb744a28,0-10,2024-01-03,INBO,156795,162905,101.3,NA,NA,Grasland,0,Ruimtebeslag overige,Grassen,R2 (Mesic grasslands),Residentieel grasland,1,0,LT,0.01,NA,3.18,NA,0.25,4.4,1.02,32.43,3.24,2.55,0.25,12.72,47.3,48.2,17,70.4,12.6,NA,NA,NA,OB,OB,OB,Bebouwde zones,NA,NA,NA,Kunstmatige gronden,Technosols/Not Surveyed,Technosols/Not Surveyed,TC,-,-,-,NA,NA,NA,-,Brabants plateau,NA,NA,NA,0.8683023744,-0.1887739566,NA,NA,NA,NA,10,22,NA,NA,NA,1834564,1899138
137_012_241023_999_0511_207_01_25002,Pb88239b,CMON_Pb88239b,45960,2024-01-25,INBO,136905,162355,45.61,NA,NA,Grasland,0,Ruimtebeslag overige,Grassen,V3 (Artificial grasslands and herb dominated habitats),Residentieel grasland,1,0,LT,0.01,NA,0.91,NA,0.097,4.5,1.38,25.13,1.26,2.68,0.13,9.38,28.1,38.8,13.4,62.4,24.2,NA,NA,NA,sAba2,sAba2,Aba,Droge leembodem met textuur B horizont,A,b,a,Zandleemstreek,"Haplic Luvisols (Siltic, Ruptic)",Luvisols,LV-ha,Haplic,-,-,NA,NA,NA,Eutric,Dender-Zenne interfluvium,NA,NA,NA,0.9094883046,-0.8389861537,NA,NA,NA,NA,9,20,NA,NA,NA,1923024,2001074
137_012_241022_999_0492_207_01_25002,Pb88239b,CMON_Pb88239b,0-10,2024-01-25,INBO,136905,162355,45.61,NA,NA,Grasland,0,Ruimtebeslag overige,Grassen,V3 (Artificial grasslands and herb dominated habitats),Residentieel grasland,1,0,LT,0.01,NA,2.13,NA,0.202,5,1.01,21.55,2.16,2.04,0.2,10.54,48.8,49.3,13.7,61.9,24.4,NA,NA,NA,sAba2,sAba2,Aba,Droge leembodem met textuur B horizont,A,b,a,Zandleemstreek,"Haplic Luvisols (Siltic, Ruptic)",Luvisols,LV-ha,Haplic,-,-,NA,NA,NA,Eutric,Dender-Zenne interfluvium,NA,NA,NA,0.9094883046,-0.8389861537,NA,NA,NA,NA,19,36,NA,NA,NA,1412721,1432393
137_012_241023_999_0517_207_01_25002,Pb8c776e,CMON_Pb8c776e,45960,2024-01-24,INBO,130375,162235,71.38,NA,NA,Grasland,0,Ruimtebeslag overige,Grassen,V3 (Artificial grasslands and herb dominated habitats),Residentieel grasland,1,0,LT,0.01,NA,0.8,NA,0.097,4.3,1.2,19.19,0.96,2.33,0.12,8.25,35.3,42.4,19.2,71,9.8,NA,NA,NA,Aba1,Aba1,Aba,Droge leembodem met textuur B horizont,A,b,a,Zandleemstreek,Nudiargic Luvisols (Siltic),Luvisols,LV-ng,Nudiargic,-,-,NA,NA,NA,Eutric,Dender-Zenne interfluvium,NA,NA,NA,0.6211867929,-1.436119804,NA,NA,NA,NA,10,25,NA,NA,NA,171863,1934591
137_012_241023_999_0516_207_01_25002,Pb8c776e,CMON_Pb8c776e,0-10,2024-01-24,INBO,130375,162235,71.38,NA,NA,Grasland,0,Ruimtebeslag overige,Grassen,V3 (Artificial grasslands and herb dominated habitats),Residentieel grasland,1,0,LT,0.01,NA,0.38,NA,0.06,4.4,1.08,4.09,0.41,0.65,0.06,6.33,42.3,45.5,18.2,71.5,10.3,NA,NA,NA,Aba1,Aba1,Aba,Droge leembodem met textuur B horizont,A,b,a,Zandleemstreek,Nudiargic Luvisols (Siltic),Luvisols,LV-ng,Nudiargic,-,-,NA,NA,NA,Eutric,Dender-Zenne interfluvium,NA,NA,NA,0.6211867929,-1.436119804,NA,NA,NA,NA,10,26,NA,NA,NA,351021,843946
137_012_241023_999_0519_207_01_25002,Pbbfe8d6,CMON_Pbbfe8d6,45960,2023-12-12,INBO,207095,160815,83.62,NA,NA,Grasland,0,Ruimtebeslag overige,Grassen,V3 (Artificial grasslands and herb dominated habitats),Residentieel grasland,1,0,LT,0.01,NA,2.35,NA,0.189,4.8,1.2,56.26,2.81,4.52,0.23,12.43,33.5,40.1,21,62.8,16.2,NA,NA,NA,GAx,GAx,GAx,Zeer droge tot matig natte stenige leembodem met onbepaald profiel,G,a-d,x,Leemstreek,"Eutric Cambisols (Loamic/Siltic, Ruptic)",Cambisols,CM-eu,Eutric,-,-,NA,NA,NA,Eutric,Plateau van Haspengouw,NA,NA,NA,0.9918601651,1.628655897,NA,NA,NA,NA,24,44,NA,NA,NA,1157003,1672066
137_012_241023_999_0529_207_01_25002,Pbbfe8d6,CMON_Pbbfe8d6,0-10,2023-12-12,INBO,207095,160815,83.62,NA,NA,Grasland,0,Ruimtebeslag overige,Grassen,V3 (Artificial grasslands and herb dominated habitats),Residentieel grasland,1,0,LT,0.01,NA,4.4,NA,0.38,5,0.99,43.56,4.36,3.76,0.38,11.58,47.9,47.4,20.5,63.1,16.4,NA,NA,NA,GAx,GAx,GAx,Zeer droge tot matig natte stenige leembodem met onbepaald profiel,G,a-d,x,Leemstreek,"Eutric Cambisols (Loamic/Siltic, Ruptic)",Cambisols,CM-eu,Eutric,-,-,NA,NA,NA,Eutric,Plateau van Haspengouw,NA,NA,NA,0.9918601651,1.628655897,NA,NA,NA,NA,NA,NA,NA,NA,NA,NA,NA
137_012_241023_999_0529_207_02_25002,Pbbfe8d6,CMON_Pbbfe8d6,0-10,2023-12-12,INBO,207095,160815,83.62,NA,NA,Grasland,0,Ruimtebeslag overige,Grassen,V3 (Artificial grasslands and herb dominated habitats),Residentieel grasland,1,0,LT,0.01,NA,4.4,NA,0.38,5,0.99,43.56,4.36,3.76,0.38,11.58,47.9,47.4,20.5,63.1,16.4,NA,NA,NA,GAx,GAx,GAx,Zeer droge tot matig natte stenige leembodem met onbepaald profiel,G,a-d,x,Leemstreek,"Eutric Cambisols (Loamic/Siltic, Ruptic)",Cambisols,CM-eu,Eutric,-,-,NA,NA,NA,Eutric,Plateau van Haspengouw,NA,NA,NA,0.9918601651,1.628655897,NA,NA,NA,NA,18,32,NA,NA,NA,1275075,1663615
137_012_241022_999_0446_207_01_25002,S424aecd,CMON_S424aecd,45960,2023-11-24,INBO,145165,214685,7.72,NA,NA,Natuur,0,Natuur,grassen,R3 (Seasonally wet and wet grasslands),Natuurgrasland,1,0,NA,0.55,NA,0.25,NA,0.021,8.1,1.52,7.6,0.38,0.64,0.03,11.9,1.3,2,1.9,3.3,94.8,NA,NA,NA,Eep,Eep,Eep,Sterk gleyige kleibodem zonder profiel,E,e,p,Doel,"Eutric Fluvic Gleyic Cambisols (Loamic, Fluvic)",Cambisols,CM-gl.fv.eu,Gleyic,Fluvic,Eutric,NA,NA,NA,Eutric,Scheldepolders,NA,NA,NA,-1.067436347,-1.680842527,NA,NA,NA,NA,5,8,NA,NA,NA,6,108936
137_012_241022_999_0447_207_01_25002,S424aecd,CMON_S424aecd,0-10,2023-11-24,INBO,145165,214685,7.72,NA,NA,Natuur,0,Natuur,grassen,R3 (Seasonally wet and wet grasslands),Natuurgrasland,1,0,NA,0.52,NA,0.41,NA,0.032,7.9,1.49,6.09,0.61,0.48,0.05,12.81,3.3,4.8,1.8,5.8,92.5,NA,NA,NA,Eep,Eep,Eep,Sterk gleyige kleibodem zonder profiel,E,e,p,Doel,"Eutric Fluvic Gleyic Cambisols (Loamic, Fluvic)",Cambisols,CM-gl.fv.eu,Gleyic,Fluvic,Eutric,NA,NA,NA,Eutric,Scheldepolders,NA,NA,NA,-1.067436347,-1.680842527,NA,NA,NA,NA,1,5,NA,NA,NA,1,34399
137_012_241022_999_0484_207_02_25002,P87be989,CMON_P87be989,45960,2024-02-27,INBO,231365,183945,76.72,NA,NA,Residentieel,0,Ruimtebeslag overige,"Grassen, kruidachtigen",V3 (Artificial grasslands and herb dominated habitats),Residentieel grasland,1,0,LT,0.01,NA,0.7,NA,0.044,4.3,1.39,19.42,0.97,1.22,0.06,15.91,8.8,12.2,3.8,5.5,90.7,NA,NA,NA,Zbft,Zbft,Zbf,Droge zandbodem met weinig duidelijke ijzer en/of humus B horizont,Z,b,f,Kempen,Dystric Brunic Arenosols,Arenosols,AR-br.dy,Brunic,Dystric,-,NA,NA,NA,Dystric,Maasterrassen,NA,NA,NA,-0.2437177422,-0.3449473729,NA,NA,NA,NA,NA,NA,NA,NA,NA,NA,NA